#include "rp_device_lcd_image.h"

/**
 * @brief 离线取模并缩放后的启动图片 RGB565 像素数据。
 *
 * 数据布局为行优先：数组下标 `y * STARTUP_IMAGE_WIDTH + x` 对应逻辑坐标
 * `(x, y)`。资源尺寸为 240x257，共 61680 个像素；链接器保留该资源时约占
 * 123360 字节 Flash，不占用运行时 RAM 帧缓存之外的额外可写内存。
 *
 * @note 该数组仅包含像素资源，不会自行刷新 LCD。应用需要调用
 * lcd_fb_draw_rgb565 写入帧缓存，并由统一刷新流程调用 lcd_update。
 */
const uint16_t startup_image[STARTUP_IMAGE_WIDTH * STARTUP_IMAGE_HEIGHT] = {
  0xFFFF, 0xFFFF, 0xFFFF, 0xFFFF, 0xFFFF, 0xFFFF, 0xFFFF, 0xFFFF, 0xFFFF, 0xFFFF, 0xFFFF, 0xFFFF,
  0xFFFF, 0xFFFF, 0xFFFF, 0xFFFF, 0xFFFF, 0xFFFF, 0xFFFF, 0xFFFF, 0xFFFF, 0xFFFF, 0xFFFF, 0xFFFF,
  0xFFFF, 0xFFFF, 0xFFFF, 0xFFFF, 0xFFFF, 0xFFFF, 0xFFFF, 0xFFFF, 0xFFFF, 0xFFFF, 0xFFFF, 0xFFFF,
  0xFFFF, 0xFFFF, 0xFFFF, 0xFFFF, 0xFFFF, 0xFFFF, 0xFFFF, 0xFFFF, 0xFFFF, 0xFFFF, 0xFFFF, 0xFFFF,
  0xFFFF, 0xFFFF, 0xFFFF, 0xFFFF, 0xFFFF, 0xFFFF, 0xFFFF, 0xFFFF, 0xFFFF, 0xFFFF, 0xFFFF, 0xFFFF,
  0xFFFF, 0xFFFF, 0xFFFF, 0xFFFF, 0xFFFF, 0xFFFF, 0xFFFF, 0xFFFF, 0xFFFF, 0xFFFF, 0xFFFF, 0xFFFF,
  0xFFFF, 0xFFFF, 0xFFFF, 0xFFFF, 0xFFFF, 0xFFFF, 0xFFFF, 0xFFFF, 0xFFFF, 0xFFFF, 0xFFFF, 0xFFFF,
  0xFFFF, 0xFFFF, 0xFFFF, 0xFFFF, 0xFFFF, 0xFFFF, 0xFFFF, 0xFFFF, 0xFFFF, 0xFFFF, 0xFFFF, 0xFFFF,
  0xFFFF, 0xFFFF, 0xFFFF, 0xFFFF, 0xFFFF, 0xFFFF, 0xFFFF, 0xFFFF, 0xFFFF, 0xDEDF, 0xFEDF, 0xFEDF,
  0xFEDF, 0xFEDF, 0xFEDF, 0xFEDF, 0xFEDF, 0xFFFF, 0xFFFF, 0xFFFF, 0xFFFF, 0xFFFF, 0xFFFF, 0xFFFF,
  0xFFFF, 0xFFFF, 0xFFFF, 0xFFFF, 0xFFFF, 0xFFFF, 0xFFFF, 0xFFFF, 0xFFFF, 0xFFFF, 0xFFFF, 0xFFFF,
  0xFFFF, 0xFFFF, 0xFFFF, 0xFFFF, 0xFFFF, 0xFFFF, 0xFFFF, 0xFFFF, 0xFFFF, 0xFFFF, 0xFFFF, 0xFFFF,
  0xFFFF, 0xFFFF, 0xFEDF, 0xFEDF, 0xFEDF, 0xFEDF, 0xFEDF, 0xFEDF, 0xFEDF, 0xFEDF, 0xFEDF, 0xFEDF,
  0xFEDF, 0xFEDF, 0xFEDF, 0xFEDF, 0xFEDF, 0xFEDF, 0xFEDF, 0xFEDF, 0xFEDF, 0xFEDF, 0xFEDF, 0xFEDF,
  0xFFFF, 0xFFFF, 0xFFFF, 0xFFFF, 0xFFFF, 0xFFFF, 0xFFFF, 0xFFFF, 0xFFFF, 0xFFFF, 0xFFFF, 0xFFFF,
  0xFFFF, 0xFFFF, 0xFFFF, 0xFFFF, 0xFFFF, 0xFFFF, 0xFFFF, 0xFFFF, 0xFFFF, 0xFFFF, 0xFFFF, 0xFFFF,
  0xFFFF, 0xFFFF, 0xFFFF, 0xFFFF, 0xFFFF, 0xFFFF, 0xFFFF, 0xFFFF, 0xFFFF, 0xFFFF, 0xFFFF, 0xFFFF,
  0xFFFF, 0xFFFF, 0xFFFF, 0xFFFF, 0xFFFF, 0xFFFF, 0xFFFF, 0xFFFF, 0xFFFF, 0xFFFF, 0xFFFF, 0xFFFF,
  0xFFFF, 0xFFFF, 0xFFFF, 0xFFFF, 0xFFFF, 0xFFFF, 0xFFFF, 0xFFFF, 0xFFFF, 0xFFFF, 0xFFFF, 0xFFFF,
  0xFFFF, 0xFFFF, 0xFFFF, 0xFFFF, 0xFFFF, 0xFFFF, 0xFFFF, 0xFFFF, 0xFFFF, 0xFFFF, 0xFFFF, 0xFFFF,
  0xFFFF, 0xFFFF, 0xFFFF, 0xFFFF, 0xFFFF, 0xFFFF, 0xFFFF, 0xFFFF, 0xFFFF, 0xFFFF, 0xFFFF, 0xFFFF,
  0xFFFF, 0xFFFF, 0xFFFF, 0xFFFF, 0xFFFF, 0xFFFF, 0xFFFF, 0xFFFF, 0xFFFF, 0xFFFF, 0xFFFF, 0xFFFF,
  0xFFFF, 0xFFFF, 0xFFFF, 0xFFFF, 0xFFFF, 0xFFFF, 0xFFFF, 0xFFFF, 0xFFFF, 0xFFFF, 0xFFFF, 0xFFFF,
  0xFFFF, 0xFFFF, 0xFFFF, 0xFFFF, 0xFFFF, 0xFFFF, 0xFFFF, 0xFFFF, 0xFFFF, 0xFFFF, 0xFFFF, 0xFFFF,
  0xFFFF, 0xFFFF, 0xFFFF, 0xFFFF, 0xFFFF, 0xFFFF, 0xFFFF, 0xFFFF, 0xFFFF, 0xFFFF, 0xFFFF, 0xFFFF,
  0xFFFF, 0xFFFF, 0xFFFF, 0xFFFF, 0xFFFF, 0xFFFF, 0xFFFF, 0xFFFF, 0xFFFF, 0xFFFF, 0xFFFF, 0xFFFF,
  0xFFFF, 0xFFFF, 0xFFFF, 0xFFFF, 0xFFFF, 0xFFFF, 0xFFFF, 0xFFFF, 0xFFFF, 0xFFFF, 0xFFFF, 0xFFFF,
  0xFFFF, 0xFFFF, 0xFFFF, 0xFFFF, 0xFFFF, 0xFFFF, 0xFFFF, 0xFFFF, 0xFFFF, 0xFFFF, 0xFFFF, 0xFFFF,
  0xFFFF, 0xFFFF, 0xFFFF, 0xFFFF, 0xFFFF, 0xFFFF, 0xFFFF, 0xFFFF, 0xFEDF, 0xFEDF, 0xFEDF, 0xFEDF,
  0xFEDF, 0xFEDF, 0xFEDF, 0xFEDF, 0xFFFF, 0xFFFF, 0xFFFF, 0xFFFF, 0xFFFF, 0xFFFF, 0xFFFF, 0xFFFF,
  0xFFFF, 0xFFFF, 0xFFFF, 0xFFFF, 0xFFFF, 0xFFFF, 0xFFFF, 0xFFFF, 0xFFFF, 0xFFFF, 0xFFFF, 0xFFFF,
  0xFFFF, 0xFFFF, 0xFFFF, 0xFFFF, 0xFFFF, 0xFFFF, 0xFFFF, 0xFFFF, 0xFFFF, 0xFFFF, 0xFFFF, 0xFEDF,
  0xFEDF, 0xFEDF, 0xFEDF, 0xFEDF, 0xFEDF, 0xFEDF, 0xFEDF, 0xFEDF, 0xFEDF, 0xFEDF, 0xFEDF, 0xFEDF,
  0xFEDF, 0xFEDF, 0xFEDF, 0xFEDF, 0xFEDF, 0xFEDF, 0xFEDF, 0xFEDF, 0xFEDF, 0xFEDF, 0xFEDF, 0xFEDF,
  0xFFFF, 0xFFFF, 0xFFFF, 0xFFFF, 0xFFFF, 0xFFFF, 0xFFFF, 0xFFFF, 0xFFFF, 0xFFFF, 0xFFFF, 0xFFFF,
  0xFFFF, 0xFFFF, 0xFFFF, 0xFFFF, 0xFFFF, 0xFFFF, 0xFFFF, 0xFFFF, 0xFFFF, 0xFFFF, 0xFFFF, 0xFFFF,
  0xFFFF, 0xFFFF, 0xFFFF, 0xFFFF, 0xFFFF, 0xFFFF, 0xFFFF, 0xFFFF, 0xFFFF, 0xFFFF, 0xFFFF, 0xFFFF,
  0xFFFF, 0xFFFF, 0xFFFF, 0xFFFF, 0xFFFF, 0xFFFF, 0xFFFF, 0xFFFF, 0xFFFF, 0xFFFF, 0xFFFF, 0xFFFF,
  0xFFFF, 0xFFFF, 0xFFFF, 0xFFFF, 0xFFFF, 0xFFFF, 0xFFFF, 0xFFFF, 0xFFFF, 0xFFFF, 0xFFFF, 0xFFFF,
  0xFFFF, 0xFFFF, 0xFFFF, 0xFFFF, 0xFFFF, 0xFFFF, 0xFFFF, 0xFFFF, 0xFFFF, 0xFFFF, 0xFFFF, 0xFFFF,
  0xFFFF, 0xFFFF, 0xFFFF, 0xFFFF, 0xFFFF, 0xFFFF, 0xFFFF, 0xFFFF, 0xFFFF, 0xFFFF, 0xFFFF, 0xFFFF,
  0xFFFF, 0xFFFF, 0xFFFF, 0xFFFF, 0xFFFF, 0xFFFF, 0xFFFF, 0xFFFF, 0xFFFF, 0xFFFF, 0xFFFF, 0xFFFF,
  0xFFFF, 0xFFFF, 0xFFFF, 0xFFFF, 0xFFFF, 0xFFFF, 0xFFFF, 0xFFFF, 0xFFFF, 0xFFFF, 0xFFFF, 0xFFFF,
  0xFFFF, 0xFFFF, 0xFFFF, 0xFFFF, 0xFFFF, 0xFFFF, 0xFFFF, 0xFFFF, 0xFFFF, 0xFFFF, 0xFFFF, 0xFFFF,
  0xFFFF, 0xFFFF, 0xFFFF, 0xFFFF, 0xFFFF, 0xFFFF, 0xFFFF, 0xFFFF, 0xFFFF, 0xFFFF, 0xFFFF, 0xFFFF,
  0xFFFF, 0xFFFF, 0xFFFF, 0xFFFF, 0xFFFF, 0xFFFF, 0xFFFF, 0xFFFF, 0xFFFF, 0xFFFF, 0xFFFF, 0xFFFF,
  0xFFFF, 0xFFFF, 0xFFFF, 0xFFFF, 0xFFFF, 0xFFFF, 0xFFFF, 0xFFFF, 0xFFFF, 0xFFFF, 0xFFFF, 0xFFFF,
  0xFFFF, 0xFFFF, 0xFFFF, 0xFFFF, 0xFFFF, 0xFFFF, 0xFFFF, 0xFFFF, 0xFFFF, 0xFFFF, 0xFFFF, 0xFFFF,
  0xFFFF, 0xFFFF, 0xFFFF, 0xFFFF, 0xFFFF, 0xFFFF, 0xFFFF, 0xDEDF, 0xDEDF, 0xFEDF, 0xFEDF, 0xFEDF,
  0xFEDF, 0xFEDF, 0xFEDF, 0xFFFF, 0xFFFF, 0xFFFF, 0xFFFF, 0xFFFF, 0xFFFF, 0xFFFF, 0xFFFF, 0xFFFF,
  0xFFFF, 0xFFFF, 0xFFFF, 0xFFFF, 0xFFFF, 0xFFFF, 0xFFFF, 0xFFFF, 0xFFFF, 0xFFFF, 0xFFFF, 0xFFFF,
  0xFFFF, 0xFFFF, 0xFFFF, 0xFFFF, 0xFFFF, 0xFFFF, 0xFFFF, 0xFFFF, 0xFFFF, 0xFEDF, 0xFEDF, 0xFEDF,
  0xFEDF, 0xFEDF, 0xFEDF, 0xFEDF, 0xFEDF, 0xFEDF, 0xFFFF, 0xFEDF, 0xFEDF, 0xFEDF, 0xFEDF, 0xFEDF,
  0xFEDF, 0xFEDF, 0xFFFF, 0xFFFF, 0xFFFF, 0xFFFF, 0xFFFF, 0xFEDF, 0xFFFF, 0xFEDF, 0xFFFF, 0xFFFF,
  0xFFFF, 0xFEDF, 0xFFFF, 0xFFFF, 0xFFFF, 0xFFFF, 0xFFFF, 0xFFFF, 0xFFFF, 0xFFFF, 0xFFFF, 0xFFFF,
  0xFFFF, 0xFFFF, 0xFFFF, 0xFFFF, 0xFFFF, 0xFFFF, 0xFFFF, 0xFFFF, 0xFFFF, 0xFFFF, 0xFFFF, 0xFFFF,
  0xFFFF, 0xFFFF, 0xFFFF, 0xFFFF, 0xFFFF, 0xFFFF, 0xFFFF, 0xFFFF, 0xFFFF, 0xFFFF, 0xFFFF, 0xFFFF,
  0xFFFF, 0xFFFF, 0xFFFF, 0xFFFF, 0xFFFF, 0xFFFF, 0xFFFF, 0xFFFF, 0xFFFF, 0xFFFF, 0xFFFF, 0xFFFF,
  0xFFFF, 0xFFFF, 0xFFFF, 0xFFFF, 0xFFFF, 0xFFFF, 0xFFFF, 0xFFFF, 0xFFFF, 0xFFFF, 0xFFFF, 0xFFFF,
  0xFFFF, 0xFFFF, 0xFFFF, 0xFFFF, 0xFFFF, 0xFFFF, 0xFFFF, 0xFFFF, 0xFFFF, 0xFFFF, 0xFFFF, 0xFFFF,
  0xFFFF, 0xFFFF, 0xFFFF, 0xFFFF, 0xFFFF, 0xFFFF, 0xFFFF, 0xFFFF, 0xFFFF, 0xFFFF, 0xFFFF, 0xFFFF,
  0xFFFF, 0xFFFF, 0xFFFF, 0xFFFF, 0xFFFF, 0xFFFF, 0xFFFF, 0xFFFF, 0xFFFF, 0xFFFF, 0xFFFF, 0xFFFF,
  0xFFFF, 0xFFFF, 0xFFFF, 0xFFFF, 0xFFFF, 0xFFFF, 0xFFFF, 0xFFFF, 0xFFFF, 0xFFFF, 0xFFFF, 0xFFFF,
  0xFFFF, 0xFFFF, 0xFFFF, 0xFFFF, 0xFFFF, 0xFFFF, 0xFFFF, 0xFFFF, 0xFFFF, 0xFFFF, 0xFFFF, 0xFFFF,
  0xFFFF, 0xFFFF, 0xFFFF, 0xFFFF, 0xFFFF, 0xFFFF, 0xFFFF, 0xFFFF, 0xFFFF, 0xFFFF, 0xFFFF, 0xFFFF,
  0xFFFF, 0xFFFF, 0xFFFF, 0xFFFF, 0xFFFF, 0xFFFF, 0xFFFF, 0xFFFF, 0xFFFF, 0xFFFF, 0xFFFF, 0xFFFF,
  0xFFFF, 0xFFFF, 0xFFFF, 0xFFFF, 0xFFFF, 0xFFFF, 0xFFFF, 0xFFFF, 0xFFFF, 0xFFFF, 0xFFFF, 0xFFFF,
  0xFFFF, 0xFFFF, 0xFFFF, 0xFFFF, 0xFFFF, 0xFFFF, 0xFFFF, 0xFFFF, 0xFFFF, 0xFFFF, 0xFFFF, 0xFFFF,
  0xFFFF, 0xFFFF, 0xFFFF, 0xFFFF, 0xFFFF, 0xFFFF, 0xDEDF, 0xDEDF, 0xDEDF, 0xDEDF, 0xFEDF, 0xDEDF,
  0xFEDF, 0xFFFF, 0xFFFF, 0xFFFF, 0xFFFF, 0xFFFF, 0xFFFF, 0xFFFF, 0xFFFF, 0xFFFF, 0xFFFF, 0xFFFF,
  0xFFFF, 0xFFFF, 0xFFFF, 0xFFFF, 0xFFFF, 0xFFFF, 0xFFFF, 0xFFFF, 0xFFFF, 0xFFFF, 0xFFFF, 0xFFFF,
  0xFFFF, 0xFFFF, 0xFFFF, 0xFFFF, 0xFFFF, 0xFFFF, 0xFEDF, 0xFEDF, 0xFEDF, 0xFEDF, 0xFEDF, 0xFEDF,
  0xFEDF, 0xFEDF, 0xFEDF, 0xFEDF, 0xFEDF, 0xFFFF, 0xFFFF, 0xFFFF, 0xFFFF, 0xFFFF, 0xFFFF, 0xFFFF,
  0xFFFF, 0xFFFF, 0xFFFF, 0xFFFF, 0xFFFF, 0xFFFF, 0xFFFF, 0xFFFF, 0xFFFF, 0xFFFF, 0xFFFF, 0xFFFF,
  0xFFFF, 0xFFFF, 0xFFFF, 0xFFFF, 0xFFFF, 0xFFFF, 0xFFFF, 0xFFFF, 0xFFFF, 0xFFFF, 0xFFFF, 0xFFFF,
  0xFFFF, 0xFFFF, 0xFFFF, 0xFFFF, 0xFFFF, 0xFFFF, 0xFFFF, 0xFFFF, 0xFFFF, 0xFFFF, 0xFFFF, 0xFFFF,
  0xFFFF, 0xFFFF, 0xFFFF, 0xFFFF, 0xFFFF, 0xFFFF, 0xFFFF, 0xFFFF, 0xFFFF, 0xFFFF, 0xFFFF, 0xFFFF,
  0xFFFF, 0xFFFF, 0xFFFF, 0xFFFF, 0xFFFF, 0xFFFF, 0xFFFF, 0xFFFF, 0xFFFF, 0xFFFF, 0xFFFF, 0xFFFF,
  0xFFFF, 0xFFFF, 0xFFFF, 0xFFFF, 0xFFFF, 0xFFFF, 0xFFFF, 0xFFFF, 0xFFFF, 0xFFFF, 0xFFFF, 0xFFFF,
  0xFFFF, 0xFFFF, 0xFFFF, 0xFFFF, 0xFFFF, 0xFFFF, 0xFFFF, 0xFFFF, 0xFFFF, 0xFFFF, 0xFFFF, 0xFFFF,
  0xFFFF, 0xFFFF, 0xFFFF, 0xFFFF, 0xFFFF, 0xFFFF, 0xFFFF, 0xFFFF, 0xFFFF, 0xFFFF, 0xFFFF, 0xFFFF,
  0xFFFF, 0xFFFF, 0xFFFF, 0xFFFF, 0xFFFF, 0xFFFF, 0xFFFF, 0xFFFF, 0xFFFF, 0xFFFF, 0xFFFF, 0xFFFF,
  0xFFFF, 0xFFFF, 0xFFFF, 0xFFFF, 0xFFFF, 0xFFFF, 0xFFFF, 0xFFFF, 0xFFFF, 0xFFFF, 0xFFFF, 0xFFFF,
  0xFFFF, 0xFFFF, 0xFFFF, 0xFFFF, 0xFFFF, 0xFFFF, 0xFFFF, 0xFFFF, 0xFFFF, 0xFFFF, 0xFFFF, 0xFFFF,
  0xFFFF, 0xFFFF, 0xFFFF, 0xFFFF, 0xFFFF, 0xFFFF, 0xFFFF, 0xFFFF, 0xFFFF, 0xFFFF, 0xFFFF, 0xFFFF,
  0xFFFF, 0xFFFF, 0xFFFF, 0xFFFF, 0xFFFF, 0xFFFF, 0xFFFF, 0xFFFF, 0xFFFF, 0xFFFF, 0xFFFF, 0xFFFF,
  0xFFFF, 0xFFFF, 0xFFFF, 0xFFFF, 0xFFFF, 0xFFFF, 0xFFFF, 0xFFFF, 0xFFFF, 0xFFFF, 0xFFFF, 0xFFFF,
  0xFFFF, 0xFFFF, 0xFFFF, 0xFFFF, 0xFFFF, 0xFFFF, 0xFFFF, 0xFFFF, 0xFFFF, 0xFFFF, 0xFFFF, 0xFFFF,
  0xFFFF, 0xFFFF, 0xFFFF, 0xFFFF, 0xFFFF, 0xDEDF, 0xDEDF, 0xB5BF, 0x9495, 0x9495, 0x9495, 0x4A4A,
  0x9495, 0x4A4A, 0x6B6A, 0x9495, 0xB5B5, 0xFFFF, 0xFFFF, 0xFFFF, 0xFFFF, 0xFFFF, 0xFFFF, 0xFFFF,
  0xFFFF, 0xFFFF, 0xFFFF, 0xFFFF, 0xFFFF, 0xFFFF, 0xFFFF, 0xFFFF, 0xFFFF, 0xFFFF, 0xFFFF, 0xFFFF,
  0xFFFF, 0xFFFF, 0xFFFF, 0xFFFF, 0xFFFF, 0xFFFF, 0xFEDF, 0xFEDF, 0xFEDF, 0xFEDF, 0xFEDF, 0xFEDF,
  0xFEDF, 0xFEDF, 0xFFFF, 0xFFFF, 0xFFFF, 0xFFFF, 0xFFFF, 0xFFFF, 0xFFFF, 0xFFFF, 0xFFFF, 0xFFFF,
  0xFFFF, 0xFFFF, 0xFFFF, 0xFFFF, 0xFFFF, 0xFFFF, 0xFFFF, 0xFFFF, 0xFFFF, 0xFFFF, 0xFFFF, 0xFFFF,
  0xFFFF, 0xFFFF, 0xFFFF, 0xFFFF, 0xFFFF, 0xFFFF, 0xFFFF, 0xFFFF, 0xFFFF, 0xFFFF, 0xFFFF, 0xFFFF,
  0xFFFF, 0xFFFF, 0xFFFF, 0xFFFF, 0xFFFF, 0xFFFF, 0xFFFF, 0xFFFF, 0xFFFF, 0xFFFF, 0xFFFF, 0xFFFF,
  0xFFFF, 0xFFFF, 0xFFFF, 0xFFFF, 0xFFFF, 0xFFFF, 0xFFFF, 0xFFFF, 0xFFFF, 0xFFFF, 0xFFFF, 0xFFFF,
  0xFFFF, 0xFFFF, 0xFFFF, 0xFFFF, 0xFFFF, 0xFFFF, 0xFFFF, 0xFFFF, 0xFFFF, 0xFFFF, 0xFFFF, 0xFFFF,
  0xFFFF, 0xFFFF, 0xFFFF, 0xFFFF, 0xFFFF, 0xFFFF, 0xFFFF, 0xFFFF, 0xFFFF, 0xFFFF, 0xFFFF, 0xFFFF,
  0xFFFF, 0xFFFF, 0xFFFF, 0xFFFF, 0xFFFF, 0xFFFF, 0xFFFF, 0xFFFF, 0xFFFF, 0xFFFF, 0xFFFF, 0xFFFF,
  0xFFFF, 0xFFFF, 0xFFFF, 0xFFFF, 0xFFFF, 0xFFFF, 0xFFFF, 0xFFFF, 0xFFFF, 0xFFFF, 0xFFFF, 0xFFFF,
  0xFFFF, 0xFFFF, 0xFFFF, 0xFFFF, 0xFFFF, 0xFFFF, 0xFFFF, 0xFFFF, 0xFFFF, 0xFFFF, 0xFFFF, 0xFFFF,
  0xFFFF, 0xFFFF, 0xFFFF, 0xFFFF, 0xFFFF, 0xFFFF, 0xFFFF, 0xFFFF, 0xFFFF, 0xFFFF, 0xFFFF, 0xFFFF,
  0xFFFF, 0xFFFF, 0xFFFF, 0xFFFF, 0xFFFF, 0xFFFF, 0xFFFF, 0xFFFF, 0xFFFF, 0xFFFF, 0xFFFF, 0xFFFF,
  0xFFFF, 0xFFFF, 0xFFFF, 0xFFFF, 0xFFFF, 0xFFFF, 0xFFFF, 0xFFFF, 0xFFFF, 0xFFFF, 0xFFFF, 0xFFFF,
  0xFFFF, 0xFFFF, 0xFFFF, 0xFFFF, 0xFFFF, 0xFFFF, 0xFFFF, 0xFFFF, 0xFFFF, 0xFFFF, 0xFFFF, 0xFFFF,
  0xFFFF, 0xFFFF, 0xFFFF, 0xFFFF, 0xFFFF, 0xFFFF, 0xFFFF, 0xFFFF, 0xFFFF, 0xFFFF, 0xFFFF, 0xFFFF,
  0xFFFF, 0xFFFF, 0xFFFF, 0xFFFF, 0xFFFF, 0xFFFF, 0xFFFF, 0xFFFF, 0xFFFF, 0xFFFF, 0x9495, 0x6A4A,
  0x212A, 0x212A, 0x212A, 0x200A, 0x212A, 0x212A, 0x212A, 0x000A, 0x212A, 0x212A, 0x212A, 0x212A,
  0x212A, 0x212A, 0x212A, 0x212A, 0x212A, 0x212A, 0x212A, 0x212A, 0x212A, 0x212A, 0x212A, 0x212A,
  0x212A, 0x2000, 0x9495, 0xB5B5, 0xFFFF, 0xFFFF, 0xFFFF, 0xFFFF, 0xFFFF, 0xFFFF, 0xFFFF, 0xFFFF,
  0xFFFF, 0xFFFF, 0xFFFF, 0xFFFF, 0xFFFF, 0xFEDF, 0xFEDF, 0xFEDF, 0xFEDF, 0xFEDF, 0xFEDF, 0xFFFF,
  0xFFFF, 0xFFFF, 0xFFFF, 0xFFFF, 0xFFFF, 0xFFFF, 0xFFFF, 0xFFFF, 0xFFFF, 0xFFFF, 0xFFFF, 0xFFFF,
  0xFFFF, 0xFFFF, 0xFFFF, 0xFFFF, 0xFFFF, 0xFFFF, 0xFFFF, 0xFFFF, 0xFFFF, 0xFFFF, 0xFFFF, 0xFFFF,
  0xFFFF, 0xFFFF, 0xFFFF, 0xFFFF, 0xFFFF, 0xFFFF, 0xFFFF, 0xFFFF, 0xFFFF, 0xFFFF, 0xFFFF, 0xFFFF,
  0xFFFF, 0xFFFF, 0xFFFF, 0xFFFF, 0xFFFF, 0xFFFF, 0xFFFF, 0xFFFF, 0xFFFF, 0xFFFF, 0xFFFF, 0xFFFF,
  0xFFFF, 0xFFFF, 0xFFFF, 0xFFFF, 0xFFFF, 0xFFFF, 0xFFFF, 0xFFFF, 0xFFFF, 0xFFFF, 0xFFFF, 0xFFFF,
  0xFFFF, 0xFFFF, 0xFFFF, 0xFFFF, 0xFFFF, 0xFFFF, 0xFFFF, 0xFFFF, 0xFFFF, 0xFFFF, 0xFFFF, 0xFFFF,
  0xFFFF, 0xFFFF, 0xFFFF, 0xFFFF, 0xFFFF, 0xFFFF, 0xFFFF, 0xFFFF, 0xFFFF, 0xFFFF, 0xFFFF, 0xFFFF,
  0xFFFF, 0xFFFF, 0xFFFF, 0xFFFF, 0xFFFF, 0xFFFF, 0xFFFF, 0xFFFF, 0xFFFF, 0xFFFF, 0xFFFF, 0xFFFF,
  0xFFFF, 0xFFFF, 0xFFFF, 0xFFFF, 0xFFFF, 0xFFFF, 0xFFFF, 0xFFFF, 0xFFFF, 0xFFFF, 0xFFFF, 0xFFFF,
  0xFFFF, 0xFFFF, 0xFFFF, 0xFFFF, 0xFFFF, 0xFFFF, 0xFFFF, 0xFFFF, 0xFFFF, 0xFFFF, 0xFFFF, 0xFFFF,
  0xFFFF, 0xFFFF, 0xFFFF, 0xFFFF, 0xFFFF, 0xFFFF, 0xFFFF, 0xFFFF, 0xFFFF, 0xFFFF, 0xFFFF, 0xFFFF,
  0xFFFF, 0xFFFF, 0xFFFF, 0xFFFF, 0xFFFF, 0xFFFF, 0xFFFF, 0xFFFF, 0xFFFF, 0xFFFF, 0xFFFF, 0xFFFF,
  0xFFFF, 0xFFFF, 0xFFFF, 0xFFFF, 0xFFFF, 0xFFFF, 0xFFFF, 0xFFFF, 0xFFFF, 0xFFFF, 0xFFFF, 0xFFFF,
  0xFFFF, 0xFFFF, 0xFFFF, 0xFFFF, 0xFFFF, 0xFFFF, 0xFFFF, 0xFFFF, 0xFFFF, 0xFFFF, 0xFFFF, 0xFFFF,
  0xFFFF, 0xFFFF, 0xFFFF, 0xFFFF, 0xFFFF, 0xFFFF, 0xFFFF, 0xFFFF, 0xFFFF, 0xFFFF, 0xFFFF, 0xFFFF,
  0xFFFF, 0xFFFF, 0xFFFF, 0xFFFF, 0xFFFF, 0xFFFF, 0xDEDF, 0x212A, 0x2120, 0x212A, 0x212A, 0x212A,
  0x212A, 0x212A, 0x212A, 0x212A, 0x212A, 0x212A, 0x212A, 0x212A, 0x212A, 0x212A, 0x212A, 0x212A,
  0x212A, 0x212A, 0x212A, 0x212A, 0x212A, 0x212A, 0x212A, 0x212A, 0x212A, 0x212A, 0x212A, 0x212A,
  0x212A, 0x212A, 0x212A, 0x212A, 0x2000, 0x212A, 0x6B6A, 0x6B75, 0xFFFF, 0xFFFF, 0xFFFF, 0xFFFF,
  0xFFFF, 0xFFFF, 0xFFFF, 0xFEDF, 0xFEDF, 0xFEDF, 0xFEDF, 0xFEDF, 0xFEDF, 0xFEDF, 0xFFFF, 0xFFFF,
  0xFFFF, 0xFFFF, 0xFFFF, 0xFFFF, 0xFFFF, 0xFFFF, 0xFFFF, 0xFFFF, 0xFFFF, 0xFFFF, 0xFFFF, 0xFFFF,
  0xFFFF, 0xFFFF, 0xFFFF, 0xFFFF, 0xFFFF, 0xFFFF, 0xFFFF, 0xFFFF, 0xFFFF, 0xFFFF, 0xFFFF, 0xFFFF,
  0xFFFF, 0xFFFF, 0xFFFF, 0xFFFF, 0xFFFF, 0xFFFF, 0xFFFF, 0xFFFF, 0xFFFF, 0xFFFF, 0xFFFF, 0xFFFF,
  0xFFFF, 0xFFFF, 0xFFFF, 0xFFFF, 0xFFFF, 0xFFFF, 0xFFFF, 0xFFFF, 0xFFFF, 0xFFFF, 0xFFFF, 0xFFFF,
  0xFFFF, 0xFFFF, 0xFFFF, 0xFFFF, 0xFFFF, 0xFFFF, 0xFFFF, 0xFFFF, 0xFFFF, 0xFFFF, 0xFFFF, 0xFFFF,
  0xFFFF, 0xFFFF, 0xFFFF, 0xFFFF, 0xFFFF, 0xFFFF, 0xFFFF, 0xFFFF, 0xFFFF, 0xFFFF, 0xFFFF, 0xFFFF,
  0xFFFF, 0xFFFF, 0xFFFF, 0xFFFF, 0xFFFF, 0xFFFF, 0xFFFF, 0xFFFF, 0xFFFF, 0xFFFF, 0xFFFF, 0xFFFF,
  0xFFFF, 0xFFFF, 0xFFFF, 0xFFFF, 0xFFFF, 0xFFFF, 0xFFFF, 0xFFFF, 0xFFFF, 0xFFFF, 0xFFFF, 0xFFFF,
  0xFFFF, 0xFFFF, 0xFFFF, 0xFFFF, 0xFFFF, 0xFFFF, 0xFFFF, 0xFFFF, 0xFFFF, 0xFFFF, 0xFFFF, 0xFFFF,
  0xFFFF, 0xFFFF, 0xFFFF, 0xFFFF, 0xFFFF, 0xFFFF, 0xFFFF, 0xFFFF, 0xFFFF, 0xFFFF, 0xFFFF, 0xFFFF,
  0xFFFF, 0xFFFF, 0xFFFF, 0xFFFF, 0xFFFF, 0xFFFF, 0xFFFF, 0xFFFF, 0xFFFF, 0xFFFF, 0xFFFF, 0xFFFF,
  0xFFFF, 0xFFFF, 0xFFFF, 0xFFFF, 0xFFFF, 0xFFFF, 0xFFFF, 0xFFFF, 0xFFFF, 0xFFFF, 0xFFFF, 0xFFFF,
  0xFFFF, 0xFFFF, 0xFFFF, 0xFFFF, 0xFFFF, 0xFFFF, 0xFFFF, 0xFFFF, 0xFFFF, 0xFFFF, 0xFFFF, 0xFFFF,
  0xFFFF, 0xFFFF, 0xFFFF, 0xFFFF, 0xFFFF, 0xFFFF, 0xFFFF, 0xFFFF, 0xFFFF, 0xFFFF, 0xFFFF, 0xFFFF,
  0xFFFF, 0xFFFF, 0xFFFF, 0xFFFF, 0xFFFF, 0xFFFF, 0xFFFF, 0xFFFF, 0xFFFF, 0xFFFF, 0xFFFF, 0xFFFF,
  0xFFFF, 0xFFFF, 0xFFFF, 0x9495, 0x2120, 0x2000, 0x212A, 0x212A, 0x212A, 0x212A, 0x212A, 0x212A,
  0x212A, 0x212A, 0x212A, 0x212A, 0x212A, 0x212A, 0x212A, 0x212A, 0x212A, 0x212A, 0x212A, 0x212A,
  0x212A, 0x212A, 0x212A, 0x212A, 0x212A, 0x212A, 0x212A, 0x212A, 0x212A, 0x212A, 0x212A, 0x212A,
  0x212A, 0x212A, 0x212A, 0x212A, 0x212A, 0x212A, 0x212A, 0x212A, 0x212A, 0x2120, 0x4A4A, 0xFFFF,
  0xFFFF, 0xFFFF, 0xFEDF, 0xFEDF, 0xFEDF, 0xFEDF, 0xFEDF, 0xFEDF, 0xFFFF, 0xFFFF, 0xFFFF, 0xFFFF,
  0xFFFF, 0xFFFF, 0xFFFF, 0xFFFF, 0xFFFF, 0xFFFF, 0xFFFF, 0xFFFF, 0xFFFF, 0xFFFF, 0xFFFF, 0xFFFF,
  0xFFFF, 0xFFFF, 0xFFFF, 0xFFFF, 0xFFFF, 0xFFFF, 0xFFFF, 0xFFFF, 0xFFFF, 0xFFFF, 0xFFFF, 0xFFFF,
  0xFFFF, 0xFFFF, 0xFFFF, 0xFFFF, 0xFFFF, 0xFFFF, 0xFFFF, 0xFFFF, 0xFFFF, 0xFFFF, 0xFFFF, 0xFFFF,
  0xFFFF, 0xFFFF, 0xFFFF, 0xFFFF, 0xFFFF, 0xFFFF, 0xFFFF, 0xFFFF, 0xFFFF, 0xFFFF, 0xFFFF, 0xFFFF,
  0xFFFF, 0xFFFF, 0xFFFF, 0xFFFF, 0xFFFF, 0xFFFF, 0xFFFF, 0xFFFF, 0xFFFF, 0xFFFF, 0xFFFF, 0xFFFF,
  0xFFFF, 0xFFFF, 0xFFFF, 0xFFFF, 0xFFFF, 0xFFFF, 0xFFFF, 0xFFFF, 0xFFFF, 0xFFFF, 0xFFFF, 0xFFFF,
  0xFFFF, 0xFFFF, 0xFFFF, 0xFFFF, 0xFFFF, 0xFFFF, 0xFFFF, 0xFFFF, 0xFFFF, 0xFFFF, 0xFFFF, 0xFFFF,
  0xFFFF, 0xFFFF, 0xFFFF, 0xFFFF, 0xFFFF, 0xFFFF, 0xFFFF, 0xFFFF, 0xFFFF, 0xFFFF, 0xFFFF, 0xFFFF,
  0xFFFF, 0xFFFF, 0xFFFF, 0xFFFF, 0xFFFF, 0xFFFF, 0xFFFF, 0xFFFF, 0xFFFF, 0xFFFF, 0xFFFF, 0xFFFF,
  0xFFFF, 0xFFFF, 0xFFFF, 0xFFFF, 0xFFFF, 0xFFFF, 0xFFFF, 0xFFFF, 0xFFFF, 0xFFFF, 0xFFFF, 0xFFFF,
  0xFFFF, 0xFFFF, 0xFFFF, 0xFFFF, 0xFFFF, 0xFFFF, 0xFFFF, 0xFFFF, 0xFFFF, 0xFFFF, 0xFFFF, 0xFFFF,
  0xFFFF, 0xFFFF, 0xFFFF, 0xFFFF, 0xFFFF, 0xFFFF, 0xFFFF, 0xFFFF, 0xFFFF, 0xFFFF, 0xFFFF, 0xFFFF,
  0xFFFF, 0xFFFF, 0xFFFF, 0xFFFF, 0xFFFF, 0xFFFF, 0xFFFF, 0xFFFF, 0xFFFF, 0xFFFF, 0xFFFF, 0xFFFF,
  0xFFFF, 0xFFFF, 0xFFFF, 0xFFFF, 0xFFFF, 0xFFFF, 0xFFFF, 0xFFFF, 0xFFFF, 0xFFFF, 0xFFFF, 0xFFFF,
  0xFFFF, 0xFFFF, 0xFFFF, 0xFFFF, 0xFFFF, 0xFFFF, 0xFFFF, 0xFFFF, 0xFFFF, 0xFFFF, 0xDEDF, 0x4A4A,
  0x212A, 0x2120, 0x212A, 0x212A, 0x212A, 0x212A, 0x212A, 0x212A, 0x212A, 0x212A, 0x212A, 0x212A,
  0x212A, 0x212A, 0x212A, 0x212A, 0x212A, 0x212A, 0x212A, 0x212A, 0x212A, 0x212A, 0x212A, 0x212A,
  0x212A, 0x212A, 0x212A, 0x212A, 0x212A, 0x212A, 0x212A, 0x212A, 0x212A, 0x212A, 0x212A, 0x212A,
  0x212A, 0x212A, 0x212A, 0x212A, 0x212A, 0x212A, 0x212A, 0x212A, 0x212A, 0x212A, 0x212A, 0x212A,
  0x212A, 0x2000, 0xB5B5, 0xFFFF, 0xFEDF, 0xFEDF, 0xFFFF, 0xFFFF, 0xFFFF, 0xFFFF, 0xFFFF, 0xFFFF,
  0xFFFF, 0xFFFF, 0xFFFF, 0xFFFF, 0xFFFF, 0xFFFF, 0xFFFF, 0xFFFF, 0xFFFF, 0xFFFF, 0xFFFF, 0xFFFF,
  0xFFFF, 0xFFFF, 0xFFFF, 0xFFFF, 0xFFFF, 0xFFFF, 0xFFFF, 0xFFFF, 0xFFFF, 0xFFFF, 0xFFFF, 0xFFFF,
  0xFFFF, 0xFFFF, 0xFFFF, 0xFFFF, 0xFFFF, 0xFFFF, 0xFFFF, 0xFFFF, 0xFFFF, 0xFFFF, 0xFFFF, 0xFFFF,
  0xFFFF, 0xFFFF, 0xFFFF, 0xFFFF, 0xFFFF, 0xFFFF, 0xFFFF, 0xFFFF, 0xFFFF, 0xFFFF, 0xFFFF, 0xFFFF,
  0xFFFF, 0xFFFF, 0xFFFF, 0xFFFF, 0xFFFF, 0xFFFF, 0xFFFF, 0xFFFF, 0xFFFF, 0xFFFF, 0xFFFF, 0xFFFF,
  0xFFFF, 0xFFFF, 0xFFFF, 0xFFFF, 0xFFFF, 0xFFFF, 0xFFFF, 0xFFFF, 0xFFFF, 0xFFFF, 0xFFFF, 0xFFFF,
  0xFFFF, 0xFFFF, 0xFFFF, 0xFFFF, 0xFFFF, 0xFFFF, 0xFFFF, 0xFFFF, 0xFFFF, 0xFFFF, 0xFFFF, 0xFFFF,
  0xFFFF, 0xFFFF, 0xFFFF, 0xFFFF, 0xFFFF, 0xFFFF, 0xFFFF, 0xFFFF, 0xFFFF, 0xFFFF, 0xFFFF, 0xFFFF,
  0xFFFF, 0xFFFF, 0xFFFF, 0xFFFF, 0xFFFF, 0xFFFF, 0xFFFF, 0xFFFF, 0xFFFF, 0xFFFF, 0xFFFF, 0xFFFF,
  0xFFFF, 0xFFFF, 0xFFFF, 0xFFFF, 0xFFFF, 0xFFFF, 0xFFFF, 0xFFFF, 0xFFFF, 0xFFFF, 0xFFFF, 0xFFFF,
  0xFFFF, 0xFFFF, 0xFFFF, 0xFFFF, 0xFFFF, 0xFFFF, 0xFFFF, 0xFFFF, 0xFFFF, 0xFFFF, 0xFFFF, 0xFFFF,
  0xFFFF, 0xFFFF, 0xFFFF, 0xFFFF, 0xFFFF, 0xFFFF, 0xFFFF, 0xFFFF, 0xFFFF, 0xFFFF, 0xFFFF, 0xFFFF,
  0xFFFF, 0xFFFF, 0xFFFF, 0xFFFF, 0xFFFF, 0xFFFF, 0xFFFF, 0xFFFF, 0xFFFF, 0xFFFF, 0xFFFF, 0xFFFF,
  0xFFFF, 0xFFFF, 0xFFFF, 0xFFFF, 0xFFFF, 0xFFFF, 0xFFFF, 0xFFFF, 0xFFFF, 0xFFFF, 0xFFFF, 0xFFFF,
  0xFFFF, 0xFFFF, 0xFFFF, 0xFFFF, 0xFFFF, 0xFFFF, 0xFFFF, 0xDEDF, 0x4A4A, 0x4A4A, 0x212A, 0x212A,
  0x212A, 0x212A, 0x212A, 0x212A, 0x212A, 0x212A, 0x212A, 0x212A, 0x212A, 0x212A, 0x212A, 0x212A,
  0x212A, 0x212A, 0x212A, 0x212A, 0x212A, 0x212A, 0x212A, 0x212A, 0x212A, 0x212A, 0x212A, 0x212A,
  0x4A4A, 0x212A, 0x212A, 0x212A, 0x212A, 0x212A, 0x000A, 0x212A, 0x212A, 0x212A, 0x212A, 0x212A,
  0x212A, 0x212A, 0x212A, 0x212A, 0x212A, 0x212A, 0x212A, 0x212A, 0x212A, 0x212A, 0x212A, 0x212A,
  0x212A, 0x212A, 0x212A, 0x2120, 0x6B6A, 0xDEDF, 0xFFFF, 0xFFFF, 0xFFFF, 0xFFFF, 0xFFFF, 0xFFFF,
  0xFFFF, 0xFFFF, 0xFFFF, 0xFFFF, 0xFFFF, 0xFFFF, 0xFFFF, 0xFFFF, 0xFFFF, 0xFFFF, 0xFFFF, 0xFFFF,
  0xFFFF, 0xFFFF, 0xFFFF, 0xFFFF, 0xFFFF, 0xFFFF, 0xFFFF, 0xFFFF, 0xFFFF, 0xFFFF, 0xFFFF, 0xFFFF,
  0xFFFF, 0xFFFF, 0xFFFF, 0xFFFF, 0xFFFF, 0xFFFF, 0xFFFF, 0xFFFF, 0xFFFF, 0xFFFF, 0xFFFF, 0xFFFF,
  0xFFFF, 0xFFFF, 0xFFFF, 0xFFFF, 0xFFFF, 0xFFFF, 0xFFFF, 0xFFFF, 0xFFFF, 0xFFFF, 0xFFFF, 0xFFFF,
  0xFFFF, 0xFFFF, 0xFFFF, 0xFFFF, 0xFFFF, 0xFFFF, 0xFFFF, 0xFFFF, 0xFFFF, 0xFFFF, 0xFFFF, 0xFFFF,
  0xFFFF, 0xFFFF, 0xFFFF, 0xFFFF, 0xFFFF, 0xFFFF, 0xFFFF, 0xFFFF, 0xFFFF, 0xFFFF, 0xFFFF, 0xFFFF,
  0xFFFF, 0xFFFF, 0xFFFF, 0xFFFF, 0xFFFF, 0xFFFF, 0xFFFF, 0xFFFF, 0xFFFF, 0xFFFF, 0xFFFF, 0xFFFF,
  0xFFFF, 0xFFFF, 0xFFFF, 0xFFFF, 0xFFFF, 0xFFFF, 0xFFFF, 0xFFFF, 0xFFFF, 0xFFFF, 0xFFFF, 0xFFFF,
  0xFFFF, 0xFFFF, 0xFFFF, 0xFFFF, 0xFFFF, 0xFFFF, 0xFFFF, 0xFFFF, 0xFFFF, 0xFFFF, 0xFFFF, 0xFFFF,
  0xFFFF, 0xFFFF, 0xFFFF, 0xFFFF, 0xFFFF, 0xFFFF, 0xFFFF, 0xFFFF, 0xFFFF, 0xFFFF, 0xFFFF, 0xFFFF,
  0xFFFF, 0xFFFF, 0xFFFF, 0xFFFF, 0xFFFF, 0xFFFF, 0xFFFF, 0xFFFF, 0xFFFF, 0xFFFF, 0xFFFF, 0xFFFF,
  0xFFFF, 0xFFFF, 0xFFFF, 0xFFFF, 0xFFFF, 0xFFFF, 0xFFFF, 0xFFFF, 0xFFFF, 0xFFFF, 0xFFFF, 0xFFFF,
  0xFFFF, 0xFFFF, 0xFFFF, 0xFFFF, 0xFFFF, 0xFFFF, 0xFFFF, 0xFFFF, 0xFFFF, 0xFFFF, 0xFFFF, 0xFFFF,
  0xFFFF, 0xFFFF, 0xFFFF, 0xFFFF, 0xFFFF, 0xFFFF, 0xFFFF, 0xFFFF, 0xFFFF, 0xFFFF, 0xFFFF, 0xFFFF,
  0xFFFF, 0xFFFF, 0xFFFF, 0xFFFF, 0xFFFF, 0xDEDF, 0x2120, 0x2000, 0x212A, 0x212A, 0x212A, 0x212A,
  0x212A, 0x212A, 0x212A, 0x212A, 0x212A, 0x212A, 0x212A, 0x212A, 0x212A, 0x212A, 0x212A, 0x212A,
  0x212A, 0x212A, 0x4A4A, 0x6B75, 0x6B75, 0x6B75, 0x6B75, 0x6B75, 0x6B75, 0x6B75, 0x6B75, 0x6B75,
  0x6B75, 0x6B75, 0x6B75, 0x6B75, 0x6B75, 0x6B75, 0x6B75, 0x6B75, 0x6B75, 0x4A4A, 0x212A, 0x212A,
  0x212A, 0x212A, 0x212A, 0x212A, 0x212A, 0x212A, 0x212A, 0x212A, 0x212A, 0x212A, 0x212A, 0x212A,
  0x212A, 0x212A, 0x212A, 0x212A, 0x212A, 0x212A, 0x212A, 0xB5BF, 0xFFFF, 0xFFFF, 0xFFFF, 0xFFFF,
  0xFFFF, 0xFFFF, 0xFFFF, 0xFFFF, 0xFFFF, 0xFFFF, 0xFFFF, 0xFFFF, 0xFFFF, 0xFFFF, 0xFFFF, 0xFFFF,
  0xFFFF, 0xFFFF, 0xFFFF, 0xFFFF, 0xFFFF, 0xFFFF, 0xFFFF, 0xFFFF, 0xFFFF, 0xFFFF, 0xFFFF, 0xFFFF,
  0xFFFF, 0xFFFF, 0xFFFF, 0xFFFF, 0xFFFF, 0xFFFF, 0xFFFF, 0xFFFF, 0xFFFF, 0xFFFF, 0xFFFF, 0xFFFF,
  0xFFFF, 0xFFFF, 0xFFFF, 0xFFFF, 0xFFFF, 0xFFFF, 0xFFFF, 0xFFFF, 0xFFFF, 0xFFFF, 0xFFFF, 0xFFFF,
  0xFFFF, 0xFFFF, 0xFFFF, 0xFFFF, 0xFFFF, 0xFFFF, 0xFFFF, 0xFFFF, 0xFFFF, 0xFFFF, 0xFFFF, 0xFFFF,
  0xFFFF, 0xFFFF, 0xFFFF, 0xFFFF, 0xFFFF, 0xFFFF, 0xFFFF, 0xFFFF, 0xFFFF, 0xFFFF, 0xFFFF, 0xFFFF,
  0xFFFF, 0xFFFF, 0xFFFF, 0xFFFF, 0xFFFF, 0xFFFF, 0xFFFF, 0xFFFF, 0xFFFF, 0xFFFF, 0xFFFF, 0xFFFF,
  0xFFFF, 0xFFFF, 0xFFFF, 0xFFFF, 0xFFFF, 0xFFFF, 0xFFFF, 0xFFFF, 0xFFFF, 0xFFFF, 0xFFFF, 0xFFFF,
  0xFFFF, 0xFFFF, 0xFFFF, 0xFFFF, 0xFFFF, 0xFFFF, 0xFFFF, 0xFFFF, 0xFFFF, 0xFFFF, 0xFFFF, 0xFFFF,
  0xFFFF, 0xFFFF, 0xFFFF, 0xFFFF, 0xFFFF, 0xFFFF, 0xFFFF, 0xFFFF, 0xFFFF, 0xFFFF, 0xFFFF, 0xFFFF,
  0xFFFF, 0xFFFF, 0xFFFF, 0xFFFF, 0xFFFF, 0xFFFF, 0xFFFF, 0xFFFF, 0xFFFF, 0xFFFF, 0xFFFF, 0xFFFF,
  0xFFFF, 0xFFFF, 0xFFFF, 0xFFFF, 0xFFFF, 0xFFFF, 0xFFFF, 0xFFFF, 0xFFFF, 0xFFFF, 0xFFFF, 0xFFFF,
  0xFFFF, 0xFFFF, 0xFFFF, 0xFFFF, 0xFFFF, 0xFFFF, 0xFFFF, 0xFFFF, 0xFFFF, 0xFFFF, 0xFFFF, 0xFFFF,
  0xFFFF, 0xFFFF, 0xFFFF, 0xFFFF, 0xFFFF, 0xFFFF, 0xFFFF, 0xFFFF, 0xFFFF, 0xFFFF, 0xFFFF, 0xFFFF,
  0xFFFF, 0xFFFF, 0xDEDF, 0x4A4A, 0x212A, 0x212A, 0x212A, 0x212A, 0x212A, 0x212A, 0x212A, 0x212A,
  0x212A, 0x212A, 0x212A, 0x212A, 0x212A, 0x212A, 0x212A, 0x6B75, 0x6B75, 0x6B75, 0x6B75, 0x6B75,
  0x6B75, 0x6B75, 0x6B75, 0x6B75, 0x6B75, 0x6B75, 0x6B75, 0x6B75, 0x6B75, 0x6B75, 0x6B75, 0x6B75,
  0x6B75, 0x6B75, 0x6B75, 0x6B75, 0x6B75, 0x6B75, 0x6B75, 0x6B75, 0x6B75, 0x6B75, 0x6B75, 0x6B75,
  0x6B75, 0x6B75, 0x6B75, 0x6B75, 0x212A, 0x212A, 0x212A, 0x200A, 0x212A, 0x212A, 0x212A, 0x212A,
  0x212A, 0x212A, 0x212A, 0x212A, 0x212A, 0x212A, 0x212A, 0x212A, 0x212A, 0x0000, 0x4A4A, 0xFFFF,
  0xFFFF, 0xFFFF, 0xFFFF, 0xFFFF, 0xFFFF, 0xFFFF, 0xFFFF, 0xFFFF, 0xFFFF, 0xFFFF, 0xFFFF, 0xFFFF,
  0xFFFF, 0xFFFF, 0xFFFF, 0xFFFF, 0xFFFF, 0xFFFF, 0xFFFF, 0xFFFF, 0xFFFF, 0xFFFF, 0xFFFF, 0xFFFF,
  0xFFFF, 0xFFFF, 0xFFFF, 0xFFFF, 0xFFFF, 0xFFFF, 0xFFFF, 0xFFFF, 0xFFFF, 0xFFFF, 0xFFFF, 0xFFFF,
  0xFFFF, 0xFFFF, 0xFFFF, 0xFFFF, 0xFFFF, 0xFFFF, 0xFFFF, 0xFFFF, 0xFFFF, 0xFFFF, 0xFFFF, 0xFFFF,
  0xFFFF, 0xFFFF, 0xFFFF, 0xFFFF, 0xFFFF, 0xFFFF, 0xFFFF, 0xFFFF, 0xFFFF, 0xFFFF, 0xFFFF, 0xFFFF,
  0xFFFF, 0xFFFF, 0xFFFF, 0xFFFF, 0xFFFF, 0xFFFF, 0xFFFF, 0xFFFF, 0xFFFF, 0xFFFF, 0xFFFF, 0xFFFF,
  0xFFFF, 0xFFFF, 0xFFFF, 0xFFFF, 0xFFFF, 0xFFFF, 0xFFFF, 0xFFFF, 0xFFFF, 0xFFFF, 0xFFFF, 0xFFFF,
  0xFFFF, 0xFFFF, 0xFFFF, 0xFFFF, 0xFFFF, 0xFFFF, 0xFFFF, 0xFFFF, 0xFFFF, 0xFFFF, 0xFFFF, 0xFFFF,
  0xFFFF, 0xFFFF, 0xFFFF, 0xFFFF, 0xFFFF, 0xFFFF, 0xFFFF, 0xFFFF, 0xFFFF, 0xFFFF, 0xFFFF, 0xFFFF,
  0xFFFF, 0xFFFF, 0xFFFF, 0xFFFF, 0xFFFF, 0xFFFF, 0xFFFF, 0xFFFF, 0xFFFF, 0xFFFF, 0xFFFF, 0xFFFF,
  0xFFFF, 0xFFFF, 0xFFFF, 0xFFFF, 0xFFFF, 0xFFFF, 0xFFFF, 0xFFFF, 0xFFFF, 0xFFFF, 0xFFFF, 0xFFFF,
  0xFFFF, 0xFFFF, 0xFFFF, 0xFFFF, 0xFFFF, 0xFFFF, 0xFFFF, 0xFFFF, 0xFFFF, 0xFFFF, 0xFFFF, 0xFFFF,
  0xFFFF, 0xFFFF, 0xFFFF, 0xFFFF, 0xFFFF, 0xFFFF, 0xFFFF, 0xFFFF, 0xFFFF, 0xFFFF, 0xFFFF, 0xFFFF,
  0xFFFF, 0xFFFF, 0xFFFF, 0xFFFF, 0xFFFF, 0xFFFF, 0xFFFF, 0xFFFF, 0xFFFF, 0xFFFF, 0xFFFF, 0xFFFF,
  0x6B75, 0x0000, 0x212A, 0x212A, 0x212A, 0x212A, 0x212A, 0x212A, 0x212A, 0x212A, 0x212A, 0x212A,
  0x212A, 0x212A, 0x212A, 0x212A, 0x6B75, 0x6B75, 0x6B75, 0x6B75, 0x6B75, 0x6B75, 0x6B75, 0x6B75,
  0x6B75, 0x6B75, 0x6B75, 0x6B75, 0x6B75, 0x6B75, 0x6B75, 0x6B75, 0x6B75, 0x6B75, 0x6B75, 0x6B75,
  0x6B75, 0x6B75, 0x6B75, 0x6B75, 0x6B75, 0x6B75, 0x6B75, 0x6B75, 0x6B75, 0x6B75, 0x6B75, 0x6B75,
  0x6B75, 0x6B75, 0x6B75, 0x6B75, 0x6B75, 0x6B75, 0x6B75, 0x6B75, 0x212A, 0x212A, 0x212A, 0x212A,
  0x212A, 0x212A, 0x212A, 0x212A, 0x212A, 0x212A, 0x212A, 0x212A, 0x212A, 0x212A, 0x212A, 0x212A,
  0x4A4A, 0xFFFF, 0xFFFF, 0xFFFF, 0xFFFF, 0xFFFF, 0xFFFF, 0xFFFF, 0xFFFF, 0xFFFF, 0xFFFF, 0xFFFF,
  0xFFFF, 0xFFFF, 0xFFFF, 0xFFFF, 0xFFFF, 0xFFFF, 0xFFFF, 0xFFFF, 0xFFFF, 0xFFFF, 0xFFFF, 0xFFFF,
  0xFFFF, 0xFFFF, 0xFFFF, 0xFFFF, 0xFFFF, 0xFFFF, 0xFFFF, 0xFFFF, 0xFFFF, 0xFFFF, 0xFFFF, 0xFFFF,
  0xFFFF, 0xFFFF, 0xFFFF, 0xFFFF, 0xFFFF, 0xFFFF, 0xFFFF, 0xFFFF, 0xFFFF, 0xFFFF, 0xFFFF, 0xFFFF,
  0xFFFF, 0xFFFF, 0xFFFF, 0xFFFF, 0xFFFF, 0xFFFF, 0xFFFF, 0xFFFF, 0xFFFF, 0xFFFF, 0xFFFF, 0xFFFF,
  0xFFFF, 0xFFFF, 0xFFFF, 0xFFFF, 0xFFFF, 0xFFFF, 0xFFFF, 0xFFFF, 0xFFFF, 0xFFFF, 0xFFFF, 0xFFFF,
  0xFFFF, 0xFFFF, 0xFFFF, 0xFFFF, 0xFFFF, 0xFFFF, 0xFFFF, 0xFFFF, 0xFFFF, 0xFFFF, 0xFFFF, 0xFFFF,
  0xFFFF, 0xFFFF, 0xFFFF, 0xFFFF, 0xFFFF, 0xFFFF, 0xFFFF, 0xFFFF, 0xFFFF, 0xFFFF, 0xFFFF, 0xFFFF,
  0xFFFF, 0xFFFF, 0xFFFF, 0xFFFF, 0xFFFF, 0xFFFF, 0xFFFF, 0xFFFF, 0xFFFF, 0xFFFF, 0xFFFF, 0xFFFF,
  0xFFFF, 0xFFFF, 0xFFFF, 0xFFFF, 0xFFFF, 0xFFFF, 0xFFFF, 0xFFFF, 0xFFFF, 0xFFFF, 0xFFFF, 0xFFFF,
  0xFFFF, 0xFFFF, 0xFFFF, 0xFFFF, 0xFFFF, 0xFFFF, 0xFFFF, 0xFFFF, 0xFFFF, 0xFFFF, 0xFFFF, 0xFFFF,
  0xFFFF, 0xFFFF, 0xFFFF, 0xFFFF, 0xFFFF, 0xFFFF, 0xFFFF, 0xFFFF, 0xFFFF, 0xFFFF, 0xFFFF, 0xFFFF,
  0xFFFF, 0xFFFF, 0xFFFF, 0xFFFF, 0xFFFF, 0xFFFF, 0xFFFF, 0xFFFF, 0xFFFF, 0xFFFF, 0xFFFF, 0xFFFF,
  0xFFFF, 0xFFFF, 0xFFFF, 0xFFFF, 0xFFFF, 0xFFFF, 0xFFFF, 0xFFFF, 0xFFFF, 0xFFFF, 0x6B75, 0x2120,
  0x212A, 0x212A, 0x212A, 0x212A, 0x212A, 0x212A, 0x212A, 0x212A, 0x212A, 0x212A, 0x212A, 0x212A,
  0x212A, 0x6B75, 0x6B75, 0x6B75, 0x6B75, 0x6B75, 0x6B75, 0x6B75, 0x6B75, 0x6B75, 0x6B75, 0x6B75,
  0x6B75, 0x6B75, 0x6B75, 0x6B75, 0x6B75, 0x6B75, 0x6B75, 0x6B75, 0x6B75, 0x6B75, 0x6B75, 0x6B75,
  0x6B75, 0x6B75, 0x6B75, 0x6B75, 0x6B75, 0x6B75, 0x6B75, 0x6B75, 0x6B75, 0x6B75, 0x6B75, 0x6B75,
  0x6B75, 0x6B75, 0x6B75, 0x6B75, 0x6B75, 0x6B75, 0x6B75, 0x6B75, 0x6B75, 0x6B75, 0x4A4A, 0x212A,
  0x212A, 0x212A, 0x212A, 0x212A, 0x212A, 0x212A, 0x212A, 0x212A, 0x212A, 0x212A, 0x212A, 0x212A,
  0x212A, 0x0000, 0x9495, 0xDEDF, 0xFFFF, 0xFFFF, 0xFFFF, 0xFFFF, 0xFFFF, 0xFFFF, 0xFFFF, 0xFFFF,
  0xFFFF, 0xFFFF, 0xFFFF, 0xFFFF, 0xFFFF, 0xFFFF, 0xFFFF, 0xFFFF, 0xFFFF, 0xFFFF, 0xFFFF, 0xFFFF,
  0xFFFF, 0xFFFF, 0xFFFF, 0xFFFF, 0xFFFF, 0xFFFF, 0xFFFF, 0xFFFF, 0xFFFF, 0xFFFF, 0xFFFF, 0xFFFF,
  0xFFFF, 0xFFFF, 0xFFFF, 0xFFFF, 0xFFFF, 0xFFFF, 0xFFFF, 0xFFFF, 0xFFFF, 0xFFFF, 0xFFFF, 0xFFFF,
  0xFFFF, 0xFFFF, 0xFFFF, 0xFFFF, 0xFFFF, 0xFFFF, 0xFFFF, 0xFFFF, 0xFFFF, 0xFFFF, 0xFFFF, 0xFFFF,
  0xFFFF, 0xFFFF, 0xFFFF, 0xFFFF, 0xFFFF, 0xFFFF, 0xFFFF, 0xFFFF, 0xFFFF, 0xFFFF, 0xFFFF, 0xFFFF,
  0xFFFF, 0xFFFF, 0xFFFF, 0xFFFF, 0xFFFF, 0xFFFF, 0xFFFF, 0xFFFF, 0xFFFF, 0xFFFF, 0xFFFF, 0xFFFF,
  0xFFFF, 0xFFFF, 0xFFFF, 0xFFFF, 0xFFFF, 0xFFFF, 0xFFFF, 0xFFFF, 0xFFFF, 0xFFFF, 0xFFFF, 0xFFFF,
  0xFFFF, 0xFFFF, 0xFFFF, 0xFFFF, 0xFFFF, 0xFFFF, 0xFFFF, 0xFFFF, 0xFFFF, 0xFFFF, 0xFFFF, 0xFFFF,
  0xFFFF, 0xFFFF, 0xFFFF, 0xFFFF, 0xFFFF, 0xFFFF, 0xFFFF, 0xFFFF, 0xFFFF, 0xFFFF, 0xFFFF, 0xFFFF,
  0xFFFF, 0xFFFF, 0xFFFF, 0xFFFF, 0xFFFF, 0xFFFF, 0xFFFF, 0xFFFF, 0xFFFF, 0xFFFF, 0xFFFF, 0xFFFF,
  0xFFFF, 0xFFFF, 0xFFFF, 0xFFFF, 0xFFFF, 0xFFFF, 0xFFFF, 0xFFFF, 0xFFFF, 0xFFFF, 0xFFFF, 0xFFFF,
  0xFFFF, 0xFFFF, 0xFFFF, 0xFFFF, 0xFFFF, 0xFFFF, 0xFFFF, 0xFFFF, 0xFFFF, 0xFFFF, 0xFFFF, 0xFFFF,
  0xFFFF, 0xFFFF, 0xFFFF, 0xFFFF, 0xFFFF, 0xFFFF, 0xFFFF, 0x9495, 0x2120, 0x212A, 0x212A, 0x212A,
  0x212A, 0x212A, 0x212A, 0x212A, 0x212A, 0x212A, 0x212A, 0x212A, 0x212A, 0x6B75, 0x6B75, 0x6B75,
  0x6B75, 0x6B75, 0x6B75, 0x6B75, 0x6B75, 0x6B75, 0x6B75, 0x6B75, 0x6B75, 0x6B75, 0x6B75, 0x6B75,
  0x6B75, 0x6B75, 0x6B75, 0x6B75, 0x6B75, 0x6B75, 0x6B75, 0x6B75, 0x6B75, 0x6B75, 0x6B75, 0x6B75,
  0x6B75, 0x6B75, 0x6B75, 0x6B75, 0x6B75, 0x6B75, 0x6B75, 0x6B75, 0x6B75, 0x6B75, 0x6B75, 0x6B75,
  0x6B75, 0x6B75, 0x6B75, 0x6B75, 0x6B75, 0x6B75, 0x6B75, 0x6B75, 0x6B75, 0x6B75, 0x6B75, 0x6B75,
  0x6B75, 0x4A4A, 0x4A4A, 0x212A, 0x212A, 0x212A, 0x212A, 0x212A, 0x212A, 0x212A, 0x212A, 0x212A,
  0x212A, 0x212A, 0x212A, 0x212A, 0x0000, 0x9495, 0xFFFF, 0xFFFF, 0xFFFF, 0xFFFF, 0xFFFF, 0xFFFF,
  0xFFFF, 0xFFFF, 0xFFFF, 0xFFFF, 0xFFFF, 0xFFFF, 0xFFFF, 0xFFFF, 0xFFFF, 0xFFFF, 0xFFFF, 0xFFFF,
  0xFFFF, 0xFFFF, 0xFFFF, 0xFFFF, 0xFFFF, 0xFFFF, 0xFFFF, 0xFFFF, 0xFFFF, 0xFFFF, 0xFFFF, 0xFFFF,
  0xFFFF, 0xFFFF, 0xFFFF, 0xFFFF, 0xFFFF, 0xFFFF, 0xFFFF, 0xFFFF, 0xFFFF, 0xFFFF, 0xFFFF, 0xFFFF,
  0xFFFF, 0xFFFF, 0xFFFF, 0xFFFF, 0xFFFF, 0xFFFF, 0xFFFF, 0xFFFF, 0xFFFF, 0xFFFF, 0xFFFF, 0xFFFF,
  0xFFFF, 0xFFFF, 0xFFFF, 0xFFFF, 0xFFFF, 0xFFFF, 0xFFFF, 0xFFFF, 0xFFFF, 0xFFFF, 0xFFFF, 0xFFFF,
  0xFFFF, 0xFFFF, 0xFFFF, 0xFFFF, 0xFFFF, 0xFFFF, 0xFFFF, 0xFFFF, 0xFFFF, 0xFFFF, 0xFFFF, 0xFFFF,
  0xFFFF, 0xFFFF, 0xFFFF, 0xFFFF, 0xFFFF, 0xFFFF, 0xFFFF, 0xFFFF, 0xFFFF, 0xFFFF, 0xFFFF, 0xFFFF,
  0xFFFF, 0xFFFF, 0xFFFF, 0xFFFF, 0xFFFF, 0xFFFF, 0xFFFF, 0xFFFF, 0xFFFF, 0xFFFF, 0xFFFF, 0xFFFF,
  0xFFFF, 0xFFFF, 0xFFFF, 0xFFFF, 0xFFFF, 0xFFFF, 0xFFFF, 0xFFFF, 0xFFFF, 0xFFFF, 0xFFFF, 0xFFFF,
  0xFFFF, 0xFFFF, 0xFFFF, 0xFFFF, 0xFFFF, 0xFFFF, 0xFFFF, 0xFFFF, 0xFFFF, 0xFFFF, 0xFFFF, 0xFFFF,
  0xFFFF, 0xFFFF, 0xFFFF, 0xFFFF, 0xFFFF, 0xFFFF, 0xFFFF, 0xFFFF, 0xFFFF, 0xFFFF, 0xFFFF, 0xFFFF,
  0xFFFF, 0xFFFF, 0xFFFF, 0xFFFF, 0xFFFF, 0xFFFF, 0xFFFF, 0xFFFF, 0xFFFF, 0xFFFF, 0xFFFF, 0xFFFF,
  0xFFFF, 0xFFFF, 0xFFFF, 0xFFFF, 0xFFFF, 0xB5BF, 0x212A, 0x212A, 0x212A, 0x212A, 0x212A, 0x212A,
  0x212A, 0x212A, 0x212A, 0x212A, 0x212A, 0x212A, 0x212A, 0x6B75, 0x6B75, 0x6B75, 0x6B75, 0x6B75,
  0x6B75, 0x6B75, 0x6B75, 0x6B75, 0x6B75, 0x6B75, 0x6B75, 0x6B75, 0x6B75, 0x6B75, 0x6B75, 0x6B75,
  0x6B75, 0x6B75, 0x6B75, 0x6B75, 0x6B75, 0x6B75, 0x6B75, 0x6B75, 0x6B75, 0x6B75, 0x6B75, 0x6B75,
  0x6B75, 0x6B75, 0x6B75, 0x6B75, 0x6B75, 0x6B75, 0x6B75, 0x6B75, 0x6B75, 0x6B75, 0x6B75, 0x6B75,
  0x6B75, 0x6B75, 0x6B75, 0x6B75, 0x6B75, 0x6B75, 0x6B75, 0x6B75, 0x6B75, 0x6B75, 0x6B75, 0x6B75,
  0x6B75, 0x6B75, 0x6B75, 0x6B75, 0x6B75, 0x212A, 0x212A, 0x212A, 0x212A, 0x212A, 0x212A, 0x212A,
  0x212A, 0x212A, 0x212A, 0x212A, 0x212A, 0x212A, 0x212A, 0x4A4A, 0xFFFF, 0xFFFF, 0xFFFF, 0xFFFF,
  0xFFFF, 0xFFFF, 0xFFFF, 0xFFFF, 0xFFFF, 0xFFFF, 0xFFFF, 0xFFFF, 0xFFFF, 0xFFFF, 0xFFFF, 0xFFFF,
  0xFFFF, 0xFFFF, 0xFFFF, 0xFFFF, 0xFFFF, 0xFFFF, 0xFFFF, 0xFFFF, 0xFFFF, 0xFFFF, 0xFFFF, 0xFFFF,
  0xFFFF, 0xFFFF, 0xFFFF, 0xFFFF, 0xFFFF, 0xFFFF, 0xFFFF, 0xFFFF, 0xFFFF, 0xFFFF, 0xFFFF, 0xFFFF,
  0xFFFF, 0xFFFF, 0xFFFF, 0xFFFF, 0xFFFF, 0xFFFF, 0xFFFF, 0xFFFF, 0xFFFF, 0xFFFF, 0xFFFF, 0xFFFF,
  0xFFFF, 0xFFFF, 0xFFFF, 0xFFFF, 0xFFFF, 0xFFFF, 0xFFFF, 0xFFFF, 0xFFFF, 0xFFFF, 0xFFFF, 0xFFFF,
  0xFFFF, 0xFFFF, 0xFFFF, 0xFFFF, 0xFFFF, 0xFFFF, 0xFFFF, 0xFFFF, 0xFFFF, 0xFFFF, 0xFFFF, 0xFFFF,
  0xFFFF, 0xFFFF, 0xFFFF, 0xFFFF, 0xFFFF, 0xFFFF, 0xFFFF, 0xFFFF, 0xFFFF, 0xFFFF, 0xFFFF, 0xFFFF,
  0xFFFF, 0xFFFF, 0xFFFF, 0xFFFF, 0xFFFF, 0xFFFF, 0xFFFF, 0xFFFF, 0xFFFF, 0xFFFF, 0xFFFF, 0xFFFF,
  0xFFFF, 0xFFFF, 0xFFFF, 0xFFFF, 0xFFFF, 0xFFFF, 0xFFFF, 0xFFFF, 0xFFFF, 0xFFFF, 0xFFFF, 0xFFFF,
  0xFFFF, 0xFFFF, 0xFFFF, 0xFFFF, 0xFFFF, 0xFFFF, 0xFFFF, 0xFFFF, 0xFFFF, 0xFFFF, 0xFFFF, 0xFFFF,
  0xFFFF, 0xFFFF, 0xFFFF, 0xFFFF, 0xFFFF, 0xFFFF, 0xFFFF, 0xFFFF, 0xFFFF, 0xFFFF, 0xFFFF, 0xFFFF,
  0xFFFF, 0xFFFF, 0xFFFF, 0xFFFF, 0xFFFF, 0xFFFF, 0xFFFF, 0xFFFF, 0xFFFF, 0xFFFF, 0xFFFF, 0xFFFF,
  0xFFFF, 0xFFFF, 0xFFFF, 0x2120, 0x2000, 0x212A, 0x212A, 0x212A, 0x212A, 0x212A, 0x212A, 0x212A,
  0x212A, 0x212A, 0x4A4A, 0x4A55, 0x6B75, 0x6B75, 0x6B75, 0x6B75, 0x6B75, 0x6B75, 0x6B75, 0x6B75,
  0x6B75, 0x6B75, 0x6B75, 0x6B75, 0x6B75, 0x6B75, 0x6B75, 0x6B75, 0x6B75, 0x6B75, 0x6B75, 0x6B75,
  0x6B75, 0x6B75, 0x6B75, 0x6B75, 0x6B75, 0x6B75, 0x6B75, 0x6B75, 0x6B75, 0x6B75, 0x6B75, 0x6B75,
  0x6B75, 0x6B75, 0x6B75, 0x6B75, 0x6B75, 0x6B75, 0x6B75, 0x6B75, 0x6B75, 0x6B75, 0x6B75, 0x6B75,
  0x6B75, 0x6B75, 0x6B75, 0x6B75, 0x6B75, 0x6B75, 0x6B75, 0x6B75, 0x6B75, 0x6B75, 0x6B75, 0x6B75,
  0x6B75, 0x6B75, 0x6B75, 0x6B75, 0x6B75, 0x6B75, 0x6B75, 0x6B75, 0x4A4A, 0x212A, 0x212A, 0x212A,
  0x212A, 0x212A, 0x212A, 0x212A, 0x212A, 0x212A, 0x212A, 0x212A, 0x200A, 0x0000, 0xDEDF, 0xFFFF,
  0xFFFF, 0xFFFF, 0xFFFF, 0xFFFF, 0xFFFF, 0xFFFF, 0xFFFF, 0xFFFF, 0xFFFF, 0xFFFF, 0xFFFF, 0xFFFF,
  0xFFFF, 0xFFFF, 0xFFFF, 0xFFFF, 0xFFFF, 0xFFFF, 0xFFFF, 0xFFFF, 0xFFFF, 0xFFFF, 0xFFFF, 0xFFFF,
  0xFFFF, 0xFFFF, 0xFFFF, 0xFFFF, 0xFFFF, 0xFFFF, 0xFFFF, 0xFFFF, 0xFFFF, 0xFFFF, 0xFFFF, 0xFFFF,
  0xFFFF, 0xFFFF, 0xFFFF, 0xFFFF, 0xFFFF, 0xFFFF, 0xFFFF, 0xFFFF, 0xFFFF, 0xFFFF, 0xFFFF, 0xFFFF,
  0xFFFF, 0xFFFF, 0xFFFF, 0xFFFF, 0xFFFF, 0xFFFF, 0xFFFF, 0xFFFF, 0xFFFF, 0xFFFF, 0xFFFF, 0xFFFF,
  0xFFFF, 0xFFFF, 0xFFFF, 0xFFFF, 0xFFFF, 0xFFFF, 0xFFFF, 0xFFFF, 0xFFFF, 0xFFFF, 0xFFFF, 0xFFFF,
  0xFFFF, 0xFFFF, 0xFFFF, 0xFFFF, 0xFFFF, 0xFFFF, 0xFFFF, 0xFFFF, 0xFFFF, 0xFFFF, 0xFFFF, 0xFFFF,
  0xFFFF, 0xFFFF, 0xFFFF, 0xFFFF, 0xFFFF, 0xFFFF, 0xFFFF, 0xFFFF, 0xFFFF, 0xFFFF, 0xFFFF, 0xFFFF,
  0xFFFF, 0xFFFF, 0xFFFF, 0xFFFF, 0xFFFF, 0xFFFF, 0xFFFF, 0xFFFF, 0xFFFF, 0xFFFF, 0xFFFF, 0xFFFF,
  0xFFFF, 0xFFFF, 0xFFFF, 0xFFFF, 0xFFFF, 0xFFFF, 0xFFFF, 0xFFFF, 0xFFFF, 0xFFFF, 0xFFFF, 0xFFFF,
  0xFFFF, 0xFFFF, 0xFFFF, 0xFFFF, 0xFFFF, 0xFFFF, 0xFFFF, 0xFFFF, 0xFFFF, 0xFFFF, 0xFFFF, 0xFFFF,
  0xFFFF, 0xFFFF, 0xFFFF, 0xFFFF, 0xFFFF, 0xFFFF, 0xFFFF, 0xFFFF, 0xFFFF, 0xFFFF, 0xFFFF, 0xFFFF,
  0xFFFF, 0xB5BF, 0x492A, 0x212A, 0x212A, 0x212A, 0x212A, 0x212A, 0x212A, 0x212A, 0x212A, 0x212A,
  0x212A, 0x6B75, 0x6B75, 0x6B75, 0x6B75, 0x6B75, 0x6B75, 0x6B75, 0x6B75, 0x6B75, 0x6B75, 0x6B75,
  0x6B75, 0x6B75, 0x6B75, 0x6B75, 0x6B75, 0x6B75, 0x6B75, 0x6B75, 0x6B75, 0x6B75, 0x6B75, 0x6B75,
  0x6B75, 0x6B75, 0x6B75, 0x6B75, 0x6B75, 0x6B75, 0x6B75, 0x6B75, 0x6B75, 0x6B75, 0x6B75, 0x6B75,
  0x6B75, 0x6B75, 0x6B75, 0x6B75, 0x6B75, 0x6B75, 0x6B75, 0x6B75, 0x6B75, 0x6B75, 0x6B75, 0x6B75,
  0x6B75, 0x6B75, 0x6B75, 0x6B75, 0x6B75, 0x6B75, 0x6B75, 0x6B75, 0x6B75, 0x6B75, 0x6B75, 0x6B75,
  0x6B75, 0x6B75, 0x6B75, 0x6B75, 0x6B75, 0x6B75, 0x6B75, 0x6B75, 0x6B75, 0x6B75, 0x212A, 0x212A,
  0x212A, 0x212A, 0x212A, 0x212A, 0x212A, 0x212A, 0x212A, 0x212A, 0x212A, 0x212A, 0x212A, 0x2120,
  0xFFFF, 0xFFFF, 0xB5BF, 0x6B75, 0x4A4A, 0x4A4A, 0x0000, 0x212A, 0x212A, 0x2120, 0x2120, 0x9495,
  0xFFFF, 0xDEDF, 0xFFFF, 0xFFFF, 0xFFFF, 0xFFFF, 0xFFFF, 0xFFFF, 0xFFFF, 0xFFFF, 0xFFFF, 0xFFFF,
  0xFFFF, 0xFFFF, 0xFFFF, 0xFFFF, 0xFFFF, 0xFFFF, 0xFFFF, 0xFFFF, 0xFFFF, 0xFFFF, 0xFFFF, 0xFFFF,
  0xFFFF, 0xFFFF, 0xFFFF, 0xFFFF, 0xFFFF, 0xFFFF, 0xFFFF, 0xFFFF, 0xFFFF, 0xFFFF, 0xFFFF, 0xFFFF,
  0xFFFF, 0xFFFF, 0xFFFF, 0xFFFF, 0xFFFF, 0xFFFF, 0xFFFF, 0xFFFF, 0xFFFF, 0xFFFF, 0xFFFF, 0xFFFF,
  0xFFFF, 0xFFFF, 0xFFFF, 0xFFFF, 0xFFFF, 0xFFFF, 0xFFFF, 0xFFFF, 0xFFFF, 0xFFFF, 0xFFFF, 0xFFFF,
  0xFFFF, 0xFFFF, 0xFFFF, 0xFFFF, 0xFFFF, 0xFFFF, 0xFFFF, 0xFFFF, 0xFFFF, 0xFFFF, 0xFFFF, 0xFFFF,
  0xFFFF, 0xFFFF, 0xFFFF, 0xFFFF, 0xFFFF, 0xFFFF, 0xFFFF, 0xFFFF, 0xFFFF, 0xFFFF, 0xFFFF, 0xFFFF,
  0xFFFF, 0xFFFF, 0xFFFF, 0xFFFF, 0xFFFF, 0xFFFF, 0xFFFF, 0xFFFF, 0xFFFF, 0xFFFF, 0xFFFF, 0xFFFF,
  0xFFFF, 0xFFFF, 0xFFFF, 0xFFFF, 0xFFFF, 0xFFFF, 0xFFFF, 0xFFFF, 0xFFFF, 0xFFFF, 0xFFFF, 0xFFFF,
  0xFFFF, 0xFFFF, 0xFFFF, 0xFFFF, 0xFFFF, 0xFFFF, 0xFFFF, 0xFFFF, 0xFFFF, 0xFFFF, 0xFFFF, 0xFFFF,
  0xFFFF, 0xFFFF, 0xFFFF, 0xFFFF, 0xFFFF, 0xFFFF, 0xFFFF, 0xFFFF, 0xFFFF, 0xFFFF, 0xFFFF, 0xFFFF,
  0x6B6A, 0x212A, 0x212A, 0x212A, 0x212A, 0x212A, 0x212A, 0x212A, 0x212A, 0x212A, 0x212A, 0x6B75,
  0x6B75, 0x6B75, 0x6B75, 0x6B75, 0x6B75, 0x6B75, 0x6B75, 0x6B75, 0x6B75, 0x6B75, 0x6B75, 0x6B75,
  0x6B75, 0x6B75, 0x6B75, 0x6B75, 0x6B75, 0x6B75, 0x6B75, 0x6B75, 0x6B75, 0x6B75, 0x6B75, 0x6B75,
  0x6B75, 0x6B75, 0x6B75, 0x6B75, 0x6B75, 0x6B75, 0x6B75, 0x6B75, 0x6B75, 0x6B75, 0x6B75, 0x6B75,
  0x6B75, 0x6B75, 0x6B75, 0x6B75, 0x6B75, 0x6B75, 0x6B75, 0x6B75, 0x6B75, 0x6B75, 0x6B75, 0x6B75,
  0x6B75, 0x6B75, 0x6B75, 0x6B75, 0x6B75, 0x6B75, 0x6B75, 0x6B75, 0x6B75, 0x6B75, 0x6B75, 0x6B75,
  0x6B75, 0x6B75, 0x6B75, 0x6B75, 0x6B75, 0x6B75, 0x6B75, 0x6B75, 0x6B75, 0x6B75, 0x6B75, 0x6B75,
  0x4A4A, 0x212A, 0x212A, 0x212A, 0x212A, 0x212A, 0x212A, 0x212A, 0x212A, 0x212A, 0x212A, 0x000A,
  0x212A, 0x212A, 0x212A, 0x200A, 0x212A, 0x212A, 0x212A, 0x212A, 0x212A, 0x212A, 0x212A, 0x212A,
  0x212A, 0x212A, 0x212A, 0x212A, 0xFFFF, 0xFFFF, 0xFFFF, 0xFFFF, 0xFFFF, 0xFFFF, 0xFFFF, 0xFFFF,
  0xFFFF, 0xFFFF, 0xFFFF, 0xFFFF, 0xFFFF, 0xFFFF, 0xFFFF, 0xFFFF, 0xFFFF, 0xFFFF, 0xFFFF, 0xFFFF,
  0xFFFF, 0xFFFF, 0xFFFF, 0xFFFF, 0xFFFF, 0xFFFF, 0xFFFF, 0xFFFF, 0xFFFF, 0xFFFF, 0xFFFF, 0xFFFF,
  0xFFFF, 0xFFFF, 0xFFFF, 0xFFFF, 0xFFFF, 0xFFFF, 0xFFFF, 0xFFFF, 0xFFFF, 0xFFFF, 0xFFFF, 0xFFFF,
  0xFFFF, 0xFFFF, 0xFFFF, 0xFFFF, 0xFFFF, 0xFFFF, 0xFFFF, 0xFFFF, 0xFFFF, 0xFFFF, 0xFFFF, 0xFFFF,
  0xFFFF, 0xFFFF, 0xFFFF, 0xFFFF, 0xFFFF, 0xFFFF, 0xFFFF, 0xFFFF, 0xFFFF, 0xFFFF, 0xFFFF, 0xFFFF,
  0xFFFF, 0xFFFF, 0xFFFF, 0xFFFF, 0xFFFF, 0xFFFF, 0xFFFF, 0xFFFF, 0xFFFF, 0xFFFF, 0xFFFF, 0xFFFF,
  0xFFFF, 0xFFFF, 0xFFFF, 0xFFFF, 0xFFFF, 0xFFFF, 0xFFFF, 0xFFFF, 0xFFFF, 0xFFFF, 0xFFFF, 0xFFFF,
  0xFFFF, 0xFFFF, 0xFFFF, 0xFFFF, 0xFFFF, 0xFFFF, 0xFFFF, 0xFFFF, 0xFFFF, 0xFFFF, 0xFFFF, 0xFFFF,
  0xFFFF, 0xFFFF, 0xFFFF, 0xFFFF, 0xFFFF, 0xFFFF, 0xFFFF, 0xFFFF, 0xFFFF, 0xFFFF, 0xFFFF, 0xFFFF,
  0xFFFF, 0xFFFF, 0xFFFF, 0xFFFF, 0xFFFF, 0xFFFF, 0xFFFF, 0xFFFF, 0xFFFF, 0xDEDF, 0x2120, 0x212A,
  0x212A, 0x212A, 0x212A, 0x212A, 0x212A, 0x212A, 0x212A, 0x212A, 0x4A4A, 0x6B75, 0x6B75, 0x6B75,
  0x6B75, 0x6B75, 0x6B75, 0x6B75, 0x6B75, 0x6B75, 0x6B75, 0x6B75, 0x6B75, 0x6B75, 0x6B75, 0x6B75,
  0x6B75, 0x6B75, 0x6B75, 0x6B75, 0x6B75, 0x6B75, 0x6B75, 0x6B75, 0x6B75, 0x6B75, 0x6B75, 0x6B75,
  0x6B75, 0x6B75, 0x6B75, 0x6B75, 0x6B75, 0x6B75, 0x6B75, 0x6B75, 0x6B75, 0x6B75, 0x6B75, 0x6B75,
  0x6B75, 0x6B75, 0x6B75, 0x6B75, 0x6B75, 0x6B75, 0x6B75, 0x6B75, 0x6B75, 0x6B75, 0x6B75, 0x6B75,
  0x6B75, 0x6B75, 0x6B75, 0x6B75, 0x6B75, 0x6B75, 0x6B75, 0x6B75, 0x6B75, 0x6B75, 0x6B75, 0x6B75,
  0x6B75, 0x6B75, 0x6B75, 0x6B75, 0x6B75, 0x6B75, 0x6B75, 0x6B75, 0x6B75, 0x6B75, 0x6B75, 0x6B75,
  0x6B75, 0x6B75, 0x6B75, 0x4A4A, 0x212A, 0x212A, 0x212A, 0x212A, 0x212A, 0x212A, 0x212A, 0x212A,
  0x212A, 0x212A, 0x212A, 0x212A, 0x212A, 0x212A, 0x212A, 0x212A, 0x212A, 0x212A, 0x212A, 0x212A,
  0x212A, 0x212A, 0x212A, 0x212A, 0x212A, 0x212A, 0x212A, 0x200A, 0x212A, 0xB5B5, 0xFFFF, 0xFFFF,
  0xFFFF, 0xFFFF, 0xFFFF, 0xFFFF, 0xFFFF, 0xFFFF, 0xFFFF, 0xFFFF, 0xFFFF, 0xFFFF, 0xFFFF, 0xFFFF,
  0xFFFF, 0xFFFF, 0xFFFF, 0xFFFF, 0xFFFF, 0xFFFF, 0xFFFF, 0xFFFF, 0xFFFF, 0xFFFF, 0xFFFF, 0xFFFF,
  0xFFFF, 0xFFFF, 0xFFFF, 0xFFFF, 0xFFFF, 0xFFFF, 0xFFFF, 0xFFFF, 0xFFFF, 0xFFFF, 0xFFFF, 0xFFFF,
  0xFFFF, 0xFFFF, 0xFFFF, 0xFFFF, 0xFFFF, 0xFFFF, 0xFFFF, 0xFFFF, 0xFFFF, 0xFFFF, 0xFFFF, 0xFFFF,
  0xFFFF, 0xFFFF, 0xFFFF, 0xFFFF, 0xFFFF, 0xFFFF, 0xFFFF, 0xFFFF, 0xFFFF, 0xFFFF, 0xFFFF, 0xFFFF,
  0xFFFF, 0xFFFF, 0xFFFF, 0xFFFF, 0xFFFF, 0xFFFF, 0xFFFF, 0xFFFF, 0xFFFF, 0xFFFF, 0xFFFF, 0xFFFF,
  0xFFFF, 0xFFFF, 0xFFFF, 0xFFFF, 0xFFFF, 0xFFFF, 0xFFFF, 0xFFFF, 0xFFFF, 0xFFFF, 0xFFFF, 0xFFFF,
  0xFFFF, 0xFFFF, 0xFFFF, 0xFFFF, 0xFFFF, 0xFFFF, 0xFFFF, 0xFFFF, 0xFFFF, 0xFFFF, 0xFFFF, 0xFFFF,
  0xFFFF, 0xFFFF, 0xFFFF, 0xFFFF, 0xFFFF, 0xFFFF, 0xFFFF, 0xFFFF, 0xFFFF, 0xFFFF, 0xFFFF, 0xFFFF,
  0xFFFF, 0xFFFF, 0xFFFF, 0xFFFF, 0xFFFF, 0xFFFF, 0xFFFF, 0xFFFF, 0x4A4A, 0x2000, 0x212A, 0x212A,
  0x212A, 0x212A, 0x212A, 0x212A, 0x212A, 0x212A, 0x212A, 0x6B75, 0x6B75, 0x6B75, 0x6B75, 0x6B75,
  0x6B75, 0x6B75, 0x6B75, 0x6B75, 0x6B75, 0x6B75, 0x6B75, 0x6B75, 0x6B75, 0x6B75, 0x6B75, 0x6B75,
  0x6B75, 0x6B75, 0x6B75, 0x6B75, 0x6B75, 0x6B75, 0x6B75, 0x6B75, 0x6B75, 0x6B75, 0x6B75, 0x6B75,
  0x6B75, 0x6B75, 0x6B75, 0x6B75, 0x6B75, 0x6B75, 0x6B75, 0x6B75, 0x6B75, 0x6B75, 0x6B75, 0x6B75,
  0x6B75, 0x6B75, 0x6B75, 0x6B75, 0x6B75, 0x6B75, 0x6B75, 0x6B75, 0x6B75, 0x6B75, 0x6B75, 0x6B75,
  0x6B75, 0x6B75, 0x6B75, 0x6B75, 0x6B75, 0x6B75, 0x6B75, 0x6B75, 0x6B75, 0x6B75, 0x6B75, 0x6B75,
  0x6B75, 0x6B75, 0x6B75, 0x6B75, 0x6B75, 0x6B75, 0x6B75, 0x6B75, 0x6B75, 0x6B75, 0x6B75, 0x6B75,
  0x6B75, 0x6B75, 0x6B75, 0x6B75, 0x6B75, 0x6B75, 0x212A, 0x212A, 0x212A, 0x212A, 0x212A, 0x212A,
  0x212A, 0x212A, 0x212A, 0x212A, 0x212A, 0x212A, 0x212A, 0x212A, 0x212A, 0x212A, 0x212A, 0x212A,
  0x212A, 0x212A, 0x212A, 0x212A, 0x212A, 0x212A, 0x212A, 0x212A, 0x212A, 0x212A, 0x6A4A, 0xDEDF,
  0xFFFF, 0xFFFF, 0xFFFF, 0xFFFF, 0xFFFF, 0xFFFF, 0xFFFF, 0xFFFF, 0xFFFF, 0xFFFF, 0xFFFF, 0xFFFF,
  0xFFFF, 0xFFFF, 0xFFFF, 0xFFFF, 0xFFFF, 0xFFFF, 0xFFFF, 0xFFFF, 0xFFFF, 0xFFFF, 0xFFFF, 0xFFFF,
  0xFFFF, 0xFFFF, 0xFFFF, 0xFFFF, 0xFFFF, 0xFFFF, 0xFFFF, 0xFFFF, 0xFFFF, 0xFFFF, 0xFFFF, 0xFFFF,
  0xFFFF, 0xFFFF, 0xFFFF, 0xFFFF, 0xFFFF, 0xFFFF, 0xFFFF, 0xFFFF, 0xFFFF, 0xFFFF, 0xFFFF, 0xFFFF,
  0xFFFF, 0xFFFF, 0xFFFF, 0xFFFF, 0xFFFF, 0xFFFF, 0xFFFF, 0xFFFF, 0xFFFF, 0xFFFF, 0xFFFF, 0xFFFF,
  0xFFFF, 0xFFFF, 0xFFFF, 0xFFFF, 0xFFFF, 0xFFFF, 0xFFFF, 0xFFFF, 0xFFFF, 0xFFFF, 0xFFFF, 0xFFFF,
  0xFFFF, 0xFFFF, 0xFFFF, 0xFFFF, 0xFFFF, 0xFFFF, 0xFFFF, 0xFFFF, 0xFFFF, 0xFFFF, 0xFFFF, 0xFFFF,
  0xFFFF, 0xFFFF, 0xFFFF, 0xFFFF, 0xFFFF, 0xFFFF, 0xFFFF, 0xFFFF, 0xFFFF, 0xFFFF, 0xFFFF, 0xFFFF,
  0xFFFF, 0xFFFF, 0xFFFF, 0xFFFF, 0xFFFF, 0xFFFF, 0xFFFF, 0xFFFF, 0xFFFF, 0xFFFF, 0xFFFF, 0xFFFF,
  0xFFFF, 0xFFFF, 0xFFFF, 0xFFFF, 0xFFFF, 0xFFFF, 0xFFFF, 0x4A4A, 0x212A, 0x212A, 0x212A, 0x212A,
  0x212A, 0x212A, 0x212A, 0x212A, 0x212A, 0x6B75, 0x6B75, 0x6B75, 0x6B75, 0x6B75, 0x6B75, 0x6B75,
  0x6B75, 0x6B75, 0x6B75, 0x6B75, 0x6B75, 0x6B75, 0x6B75, 0x6B75, 0x6B75, 0x6B75, 0x6B75, 0x6B75,
  0x6B75, 0x6B75, 0x6B75, 0x6B75, 0x6B75, 0x6B75, 0x6B75, 0x6B75, 0x6B75, 0x6B75, 0x6B75, 0x6B75,
  0x6B75, 0x6B75, 0x6B75, 0x6B75, 0x6B75, 0x6B75, 0x6B75, 0x6B75, 0x6B75, 0x6B75, 0x6B75, 0x6B75,
  0x6B75, 0x6B75, 0x6B75, 0x6B75, 0x6B75, 0x6B75, 0x6B75, 0x6B75, 0x6B75, 0x6B75, 0x6B75, 0x6B75,
  0x6B75, 0x6B75, 0x6B75, 0x6B75, 0x6B75, 0x6B75, 0x6B75, 0x6B75, 0x6B75, 0x6B75, 0x6B75, 0x6B75,
  0x6B75, 0x6B75, 0x6B75, 0x6B75, 0x6B75, 0x6B75, 0x6B75, 0x6B75, 0x6B75, 0x6B75, 0x6B75, 0x6B75,
  0x6B75, 0x6B75, 0x6B75, 0x6B75, 0x6B75, 0x6B75, 0x6B75, 0x6B75, 0x000A, 0x212A, 0x212A, 0x212A,
  0x212A, 0x212A, 0x212A, 0x212A, 0x212A, 0x212A, 0x212A, 0x212A, 0x212A, 0x212A, 0x212A, 0x212A,
  0x212A, 0x212A, 0x212A, 0x212A, 0x212A, 0x212A, 0x212A, 0x212A, 0x212A, 0x212A, 0x212A, 0x212A,
  0x212A, 0x6B75, 0xFFFF, 0xFFFF, 0xFFFF, 0xFFFF, 0xFFFF, 0xFFFF, 0xFFFF, 0xFFFF, 0xFFFF, 0xFFFF,
  0xFFFF, 0xFFFF, 0xFFFF, 0xFFFF, 0xFFFF, 0xFFFF, 0xFFFF, 0xFFFF, 0xFFFF, 0xFFFF, 0xFFFF, 0xFFFF,
  0xFFFF, 0xFFFF, 0xFFFF, 0xFFFF, 0xFFFF, 0xFFFF, 0xFFFF, 0xFFFF, 0xFFFF, 0xFFFF, 0xFFFF, 0xFFFF,
  0xFFFF, 0xFFFF, 0xFFFF, 0xFFFF, 0xFFFF, 0xFFFF, 0xFFFF, 0xFFFF, 0xFFFF, 0xFFFF, 0xFFFF, 0xFFFF,
  0xFFFF, 0xFFFF, 0xFFFF, 0xFFFF, 0xFFFF, 0xFFFF, 0xFFFF, 0xFFFF, 0xFFFF, 0xFFFF, 0xFFFF, 0xFFFF,
  0xFFFF, 0xFFFF, 0xFFFF, 0xFFFF, 0xFFFF, 0xFFFF, 0xFFFF, 0xFFFF, 0xFFFF, 0xFFFF, 0xFFFF, 0xFFFF,
  0xFFFF, 0xFFFF, 0xFFFF, 0xFFFF, 0xFFFF, 0xFFFF, 0xFFFF, 0xFFFF, 0xFFFF, 0xFFFF, 0xFFFF, 0xFFFF,
  0xFFFF, 0xFFFF, 0xFFFF, 0xFFFF, 0xFFFF, 0xFFFF, 0xFFFF, 0xFFFF, 0xFFFF, 0xFFFF, 0xFFFF, 0xFFFF,
  0xFFFF, 0xFFFF, 0xFFFF, 0xFFFF, 0xFFFF, 0xFFFF, 0xFFFF, 0xFFFF, 0xFFFF, 0xFFFF, 0xFFFF, 0xFFFF,
  0xFFFF, 0xFFFF, 0xFFFF, 0xFFFF, 0xDEDF, 0x2000, 0x200A, 0x212A, 0x212A, 0x212A, 0x212A, 0x212A,
  0x212A, 0x212A, 0x4A4A, 0x6B75, 0x6B75, 0x6B75, 0x6B75, 0x6B75, 0x6B75, 0x6B75, 0x6B75, 0x6B75,
  0x6B75, 0x6B75, 0x6B75, 0x6B75, 0x6B75, 0x6B75, 0x6B75, 0x6B75, 0x6B75, 0x6B75, 0x6B75, 0x6B75,
  0x6B75, 0x6B75, 0x6B75, 0x6B75, 0x6B75, 0x6B75, 0x6B75, 0x6B75, 0x6B75, 0x6B75, 0x6B75, 0x6B75,
  0x6B75, 0x6B75, 0x6B75, 0x6B75, 0x6B75, 0x6B75, 0x6B75, 0x6B75, 0x6B75, 0x6B75, 0x6B75, 0x6B75,
  0x6B75, 0x6B75, 0x6B75, 0x6B75, 0x6B75, 0x6B75, 0x6B75, 0x6B75, 0x6B75, 0x6B75, 0x6B75, 0x6B75,
  0x6B75, 0x6B75, 0x6B75, 0x6B75, 0x6B75, 0x6B75, 0x6B75, 0x6B75, 0x6B75, 0x6B75, 0x6B75, 0x6B75,
  0x6B75, 0x6B75, 0x6B75, 0x6B75, 0x6B75, 0x6B75, 0x6B75, 0x6B75, 0x6B75, 0x6B75, 0x6B75, 0x6B75,
  0x6B75, 0x6B75, 0x6B75, 0x6B75, 0x6B75, 0x6B75, 0x6B75, 0x6B75, 0x6B75, 0x6B75, 0x212A, 0x212A,
  0x4A4A, 0x6B75, 0x6B75, 0x6B75, 0x6B75, 0x6B75, 0x6B75, 0x4A4A, 0x6B75, 0x6B75, 0x6B75, 0x6B75,
  0x212A, 0x212A, 0x212A, 0x212A, 0x212A, 0x212A, 0x212A, 0x212A, 0x212A, 0x212A, 0x212A, 0x212A,
  0x212A, 0x212A, 0x212A, 0x212A, 0xB5B5, 0xFFFF, 0xFFFF, 0xFFFF, 0xFFFF, 0xFFFF, 0xFFFF, 0xFFFF,
  0xFFFF, 0xFFFF, 0xFFFF, 0xFFFF, 0xFFFF, 0xFFFF, 0xFFFF, 0xFFFF, 0xFFFF, 0xFFFF, 0xFFFF, 0xFFFF,
  0xFFFF, 0xFFFF, 0xFFFF, 0xFFFF, 0xFFFF, 0xFFFF, 0xFFFF, 0xFFFF, 0xFFFF, 0xFFFF, 0xFFFF, 0xFFFF,
  0xFFFF, 0xFFFF, 0xFFFF, 0xFFFF, 0xFFFF, 0xFFFF, 0xFFFF, 0xFFFF, 0xFFFF, 0xFFFF, 0xFFFF, 0xFFFF,
  0xFFFF, 0xFFFF, 0xFFFF, 0xFFFF, 0xFFFF, 0xFFFF, 0xFFFF, 0xFFFF, 0xFFFF, 0xFFFF, 0xFFFF, 0xFFFF,
  0xFFFF, 0xFFFF, 0xFFFF, 0xFFFF, 0xFFFF, 0xFFFF, 0xFFFF, 0xFFFF, 0xFFFF, 0xFFFF, 0xFFFF, 0xFFFF,
  0xFFFF, 0xFFFF, 0xFFFF, 0xFFFF, 0xFFFF, 0xFFFF, 0xFFFF, 0xFFFF, 0xFFFF, 0xFFFF, 0xFFFF, 0xFFFF,
  0xFFFF, 0xFFFF, 0xFFFF, 0xFFFF, 0xFFFF, 0xFFFF, 0xFFFF, 0xFFFF, 0xFFFF, 0xFFFF, 0xFFFF, 0xFFFF,
  0xFFFF, 0xFFFF, 0xFFFF, 0xFFFF, 0xFFFF, 0xFFFF, 0xFFFF, 0xFFFF, 0xFFFF, 0xFFFF, 0xFFFF, 0xFFFF,
  0xFFFF, 0xFFFF, 0xFFFF, 0xDEDF, 0x212A, 0x212A, 0x212A, 0x212A, 0x212A, 0x212A, 0x212A, 0x212A,
  0x212A, 0x6B75, 0x6B75, 0x6B75, 0x6B75, 0x6B75, 0x6B75, 0x6B75, 0x6B75, 0x6B75, 0x6B75, 0x6B75,
  0x6B75, 0x6B75, 0x6B75, 0x6B75, 0x6B75, 0x6B75, 0x6B75, 0x6B75, 0x6B75, 0x6B75, 0x6B75, 0x6B75,
  0x6B75, 0x6B75, 0x6B75, 0x6B75, 0x6B75, 0x6B75, 0x6B75, 0x6B75, 0x6B75, 0x6B75, 0x6B75, 0x6B75,
  0x6B75, 0x6B75, 0x6B75, 0x6B75, 0x6B75, 0x6B75, 0x6B75, 0x6B75, 0x6B75, 0x6B75, 0x6B75, 0x6B75,
  0x6B75, 0x6B75, 0x6B75, 0x6B75, 0x6B75, 0x6B75, 0x6B75, 0x6B75, 0x6B75, 0x6B75, 0x6B75, 0x6B75,
  0x6B75, 0x6B75, 0x6B75, 0x6B75, 0x6B75, 0x6B75, 0x6B75, 0x6B75, 0x6B75, 0x6B75, 0x6B75, 0x6B75,
  0x6B75, 0x6B75, 0x6B75, 0x6B75, 0x6B75, 0x6B75, 0x6B75, 0x6B75, 0x6B75, 0x6B75, 0x6B75, 0x6B75,
  0x6B75, 0x6B75, 0x6B75, 0x6B75, 0x6B75, 0x6B75, 0x6B75, 0x6B75, 0x6B75, 0x6B75, 0x6B75, 0x6B75,
  0x6B75, 0x6B75, 0x6B75, 0x6B75, 0x6B75, 0x6B75, 0x6B75, 0x6B75, 0x6B75, 0x6B75, 0x6B75, 0x6B75,
  0x6B75, 0x6B75, 0x6B75, 0x212A, 0x212A, 0x212A, 0x212A, 0x212A, 0x212A, 0x212A, 0x212A, 0x212A,
  0x212A, 0x212A, 0x212A, 0x212A, 0x212A, 0x6B75, 0xFFFF, 0xFFFF, 0xFFFF, 0xFFFF, 0xFFFF, 0xFFFF,
  0xFFFF, 0xFFFF, 0xFFFF, 0xFFFF, 0xFFFF, 0xFFFF, 0xFFFF, 0xFFFF, 0xFFFF, 0xFFFF, 0xFFFF, 0xFFFF,
  0xFFFF, 0xFFFF, 0xFFFF, 0xFFFF, 0xFFFF, 0xFFFF, 0xFFFF, 0xFFFF, 0xFFFF, 0xFFFF, 0xFFFF, 0xFFFF,
  0xFFFF, 0xFFFF, 0xFFFF, 0xFFFF, 0xFFFF, 0xFFFF, 0xFFFF, 0xFFFF, 0xFFFF, 0xFFFF, 0xFFFF, 0xFFFF,
  0xFFFF, 0xFFFF, 0xFFFF, 0xFFFF, 0xFFFF, 0xFFFF, 0xFFFF, 0xFFFF, 0xFFFF, 0xFFFF, 0xFFFF, 0xFFFF,
  0xFFFF, 0xFFFF, 0xFFFF, 0xFFFF, 0xFFFF, 0xFFFF, 0xFFFF, 0xFFFF, 0xFFFF, 0xFFFF, 0xFFFF, 0xFFFF,
  0xFFFF, 0xFFFF, 0xFFFF, 0xFFFF, 0xFFFF, 0xFFFF, 0xFFFF, 0xFFFF, 0xFFFF, 0xFFFF, 0xFFFF, 0xFFFF,
  0xFFFF, 0xFFFF, 0xFFFF, 0xFFFF, 0xFFFF, 0xFFFF, 0xFFFF, 0xFFFF, 0xFFFF, 0xFFFF, 0xFFFF, 0xFFFF,
  0xFFFF, 0xFFFF, 0xFFFF, 0xFFFF, 0xFFFF, 0xFFFF, 0xFFFF, 0xFFFF, 0xFFFF, 0xFFFF, 0xFFFF, 0xFFFF,
  0xFFFF, 0xFFFF, 0x4A4A, 0x212A, 0x212A, 0x212A, 0x212A, 0x212A, 0x212A, 0x212A, 0x212A, 0x6B75,
  0x6B75, 0x6B75, 0x6B75, 0x6B75, 0x6B75, 0x6B75, 0x6B75, 0x6B75, 0x6B75, 0x6B75, 0x6B75, 0x6B75,
  0x6B75, 0x6B75, 0x6B75, 0x6B75, 0x6B75, 0x6B75, 0x6B75, 0x6B75, 0x6B75, 0x6B75, 0x6B75, 0x6B75,
  0x6B75, 0x6B75, 0x6B75, 0x6B75, 0x6B75, 0x6B75, 0x6B75, 0x6B75, 0x6B75, 0x6B75, 0x6B75, 0x6B75,
  0x6B75, 0x6B75, 0x6B75, 0x6B75, 0x6B75, 0x6B75, 0x6B75, 0x6B75, 0x6B75, 0x6B75, 0x6B75, 0x6B75,
  0x6B75, 0x6B75, 0x6B75, 0x6B75, 0x6B75, 0x6B75, 0x6B75, 0x6B75, 0x6B75, 0x6B75, 0x6B75, 0x6B75,
  0x6B75, 0x6B75, 0x6B75, 0x6B75, 0x6B75, 0x6B75, 0x6B75, 0x6B75, 0x6B75, 0x6B75, 0x6B75, 0x6B75,
  0x6B75, 0x6B75, 0x6B75, 0x6B75, 0x6B75, 0x6B75, 0x6B75, 0x6B75, 0x6B75, 0x6B75, 0x6B75, 0x6B75,
  0x6B75, 0x6B75, 0x6B75, 0x6B75, 0x6B75, 0x6B75, 0x6B75, 0x6B75, 0x6B75, 0x6B75, 0x6B75, 0x6B75,
  0x6B75, 0x6B75, 0x6B75, 0x6B75, 0x6B75, 0x6B75, 0x6B75, 0x6B75, 0x6B75, 0x6B75, 0x6B75, 0x6B75,
  0x6B75, 0x6B75, 0x6B75, 0x6B75, 0x6B75, 0x6B75, 0x492A, 0x212A, 0x212A, 0x212A, 0x212A, 0x212A,
  0x212A, 0x212A, 0x212A, 0x212A, 0x212A, 0x212A, 0x212A, 0x6B75, 0xFFFF, 0xFFFF, 0xFFFF, 0xFFFF,
  0xFFFF, 0xFFFF, 0xFFFF, 0xFFFF, 0xFFFF, 0xFFFF, 0xFFFF, 0xFFFF, 0xFFFF, 0xFFFF, 0xFFFF, 0xFFFF,
  0xFFFF, 0xFFFF, 0xFFFF, 0xFFFF, 0xFFFF, 0xFFFF, 0xFFFF, 0xFFFF, 0xFFFF, 0xFFFF, 0xFFFF, 0xFFFF,
  0xFFFF, 0xFFFF, 0xFFFF, 0xFFFF, 0xFFFF, 0xFFFF, 0xFFFF, 0xFFFF, 0xFFFF, 0xFFFF, 0xFFFF, 0xFFFF,
  0xFFFF, 0xFFFF, 0xFFFF, 0xFFFF, 0xFFFF, 0xFFFF, 0xFFFF, 0xFFFF, 0xFFFF, 0xFFFF, 0xFFFF, 0xFFFF,
  0xFFFF, 0xFFFF, 0xFFFF, 0xFFFF, 0xFFFF, 0xFFFF, 0xFFFF, 0xFFFF, 0xFFFF, 0xFFFF, 0xFFFF, 0xFFFF,
  0xFFFF, 0xFFFF, 0xFFFF, 0xFFFF, 0xFFFF, 0xFFFF, 0xFFFF, 0xFFFF, 0xFFFF, 0xFFFF, 0xFFFF, 0xFFFF,
  0xFFFF, 0xFFFF, 0xFFFF, 0xFFFF, 0xFFFF, 0xFFFF, 0xFFFF, 0xFFFF, 0xFFFF, 0xFFFF, 0xFFFF, 0xFFFF,
  0xFFFF, 0xFFFF, 0xFFFF, 0xFFFF, 0xFFFF, 0xFFFF, 0xFFFF, 0xFFFF, 0xFFFF, 0xFFFF, 0xFFFF, 0xFFFF,
  0x4A4A, 0x212A, 0x212A, 0x212A, 0x212A, 0x212A, 0x212A, 0x212A, 0x212A, 0x6B75, 0x6B75, 0x6B75,
  0x6B75, 0x6B75, 0x6B75, 0x6B75, 0x6B75, 0x6B75, 0x6B75, 0x6B75, 0x6B75, 0x6B75, 0x6B75, 0x6B75,
  0x6B75, 0x6B75, 0x6B75, 0x6B75, 0x6B75, 0x6B75, 0x6B75, 0x6B75, 0x6B75, 0x6B75, 0x6B75, 0x6B75,
  0x6B75, 0x6B75, 0x6B75, 0x6B75, 0x6B75, 0x6B75, 0x6B75, 0x6B75, 0x6B75, 0x6B75, 0x6B75, 0x6B75,
  0x6B75, 0x6B75, 0x6B75, 0x6B75, 0x6B75, 0x6B75, 0x6B75, 0x6B75, 0x6B75, 0x6B75, 0x6B75, 0x6B75,
  0x6B75, 0x6B75, 0x6B75, 0x6B75, 0x6B75, 0x6B75, 0x6B75, 0x6B75, 0x6B75, 0x6B75, 0x6B75, 0x6B75,
  0x6B75, 0x6B75, 0x6B75, 0x6B75, 0x6B75, 0x6B75, 0x6B75, 0x6B75, 0x6B75, 0x6B75, 0x6B75, 0x6B75,
  0x6B75, 0x6B75, 0x6B75, 0x6B75, 0x6B75, 0x6B75, 0x6B75, 0x6B75, 0x6B75, 0x6B75, 0x6B75, 0x6B75,
  0x6B75, 0x6B75, 0x6B75, 0x6B75, 0x6B75, 0x6B75, 0x6B75, 0x6B75, 0x6B75, 0x6B75, 0x6B75, 0x6B75,
  0x6B75, 0x6B75, 0x6B75, 0x6B75, 0x6B75, 0x6B75, 0x6B75, 0x6B75, 0x6B75, 0x6B75, 0x6B75, 0x6B75,
  0x6B75, 0x6B75, 0x6B75, 0x6B75, 0x6B75, 0x6B75, 0x6B75, 0x6B75, 0x6B75, 0x6B75, 0x4A4A, 0x212A,
  0x212A, 0x212A, 0x212A, 0x212A, 0x212A, 0x212A, 0x212A, 0x212A, 0x212A, 0x212A, 0xFFFF, 0xFFFF,
  0xFFFF, 0xFFFF, 0xFFFF, 0xFFFF, 0xFFFF, 0xFFFF, 0xFFFF, 0xFFFF, 0xFFFF, 0xFFFF, 0xFFFF, 0xFFFF,
  0xFFFF, 0xFFFF, 0xFFFF, 0xFFFF, 0xFFFF, 0xFFFF, 0xFFFF, 0xFFFF, 0xFFFF, 0xFFFF, 0xFFFF, 0xFFFF,
  0xFFFF, 0xFFFF, 0xFFFF, 0xFFFF, 0xFFFF, 0xFFFF, 0xFFFF, 0xFFFF, 0xFFFF, 0xFFFF, 0xFFFF, 0xFFFF,
  0xFFFF, 0xFFFF, 0xFFFF, 0xFFFF, 0xFFFF, 0xFFFF, 0xFFFF, 0xFFFF, 0xFFFF, 0xFFFF, 0xFFFF, 0xFFFF,
  0xFFFF, 0xFFFF, 0xFFFF, 0xFFFF, 0xFFFF, 0xFFFF, 0xFFFF, 0xFFFF, 0xFFFF, 0xFFFF, 0xFFFF, 0xFFFF,
  0xFFFF, 0xFFFF, 0xFFFF, 0xFFFF, 0xFFFF, 0xFFFF, 0xFFFF, 0xFFFF, 0xFFFF, 0xFFFF, 0xFFFF, 0xFFFF,
  0xFFFF, 0xFFFF, 0xFFFF, 0xFFFF, 0xFFFF, 0xFFFF, 0xFFFF, 0xFFFF, 0xFFFF, 0xFFFF, 0xFFFF, 0xFFFF,
  0xFFFF, 0xFFFF, 0xFFFF, 0xFFFF, 0xFFFF, 0xFFFF, 0xFFFF, 0xFFFF, 0xFFFF, 0xFFFF, 0xFFFF, 0x2000,
  0x212A, 0x212A, 0x212A, 0x212A, 0x212A, 0x212A, 0x212A, 0x212A, 0x6B75, 0x6B75, 0x6B75, 0x6B75,
  0x6B75, 0x6B75, 0x6B75, 0x6B75, 0x6B75, 0x6B75, 0x6B75, 0x6B75, 0x6B75, 0x6B75, 0x6B75, 0x6B75,
  0x6B75, 0x6B75, 0x6B75, 0x6B75, 0x6B75, 0x6B75, 0x6B75, 0x6B75, 0x6B75, 0x6B75, 0x6B75, 0x6B75,
  0x6B75, 0x6B75, 0x6B75, 0x6B75, 0x6B75, 0x6B75, 0x6B75, 0x6B75, 0x6B75, 0x6B75, 0x6B75, 0x6B75,
  0x6B75, 0x6B75, 0x6B75, 0x6B75, 0x6B75, 0x6B75, 0x6B75, 0x6B75, 0x6B75, 0x6B75, 0x6B75, 0x6B75,
  0x6B75, 0x6B75, 0x6B75, 0x6B75, 0x6B75, 0x6B75, 0x6B75, 0x6B75, 0x6B75, 0x6B75, 0x6B75, 0x6B75,
  0x6B75, 0x6B75, 0x6B75, 0x6B75, 0x6B75, 0x6B75, 0x6B75, 0x6B75, 0x6B75, 0x6B75, 0x6B75, 0x6B75,
  0x6B75, 0x6B75, 0x6B75, 0x6B75, 0x6B75, 0x6B75, 0x6B75, 0x6B75, 0x6B75, 0x6B75, 0x6B75, 0x6B75,
  0x6B75, 0x6B75, 0x6B75, 0x6B75, 0x6B75, 0x6B75, 0x6B75, 0x6B75, 0x6B75, 0x6B75, 0x6B75, 0x6B75,
  0x6B75, 0x6B75, 0x6B75, 0x6B75, 0x6B75, 0x6B75, 0x6B75, 0x6B75, 0x6B75, 0x6B75, 0x6B75, 0x6B75,
  0x6B75, 0x6B75, 0x6B75, 0x6B75, 0x6B75, 0x6B75, 0x6B75, 0x6B75, 0x6B75, 0x6B75, 0x6B75, 0x6B75,
  0x212A, 0x212A, 0x212A, 0x212A, 0x212A, 0x212A, 0x212A, 0x212A, 0x212A, 0x212A, 0x2000, 0x9495,
  0xFFFF, 0xFFFF, 0xFFFF, 0xFFFF, 0xFFFF, 0xFFFF, 0xFFFF, 0xFFFF, 0xFFFF, 0xFFFF, 0xFFFF, 0xFFFF,
  0xFFFF, 0xFFFF, 0xFFFF, 0xFFFF, 0xFFFF, 0xFFFF, 0xFFFF, 0xFFFF, 0xFFFF, 0xFFFF, 0xFFFF, 0xFFFF,
  0xFFFF, 0xFFFF, 0xFFFF, 0xFFFF, 0xFFFF, 0xFFFF, 0xFFFF, 0xFFFF, 0xFFFF, 0xFFFF, 0xFFFF, 0xFFFF,
  0xFFFF, 0xFFFF, 0xFFFF, 0xFFFF, 0xFFFF, 0xFFFF, 0xFFFF, 0xFFFF, 0xFFFF, 0xFFFF, 0xFFFF, 0xFFFF,
  0xFFFF, 0xFFFF, 0xFFFF, 0xFFFF, 0xFFFF, 0xFFFF, 0xFFFF, 0xFFFF, 0xFFFF, 0xFFFF, 0xFFFF, 0xFFFF,
  0xFFFF, 0xFFFF, 0xFFFF, 0xFFFF, 0xFFFF, 0xFFFF, 0xFFFF, 0xFFFF, 0xFFFF, 0xFFFF, 0xFFFF, 0xFFFF,
  0xFFFF, 0xFFFF, 0xFFFF, 0xFFFF, 0xFFFF, 0xFFFF, 0xFFFF, 0xFFFF, 0xFFFF, 0xFFFF, 0xFFFF, 0xFFFF,
  0xFFFF, 0xFFFF, 0xFFFF, 0xFFFF, 0xFFFF, 0xFFFF, 0xFFFF, 0xFFFF, 0xFFFF, 0x212A, 0x212A, 0x212A,
  0x212A, 0x212A, 0x212A, 0x212A, 0x212A, 0x4A4A, 0x6B75, 0x6B75, 0x6B75, 0x6B75, 0x6B75, 0x6B75,
  0x6B75, 0x6B75, 0x6B75, 0x6B75, 0x6B75, 0x6B75, 0x6B75, 0x6B75, 0x6B75, 0x6B75, 0x6B75, 0x6B75,
  0x6B75, 0x6B75, 0x6B75, 0x6B75, 0x6B75, 0x6B75, 0x6B75, 0x6B75, 0x6B75, 0x6B75, 0x6B75, 0x6B75,
  0x6B75, 0x6B75, 0x6B75, 0x6B75, 0x6B75, 0x6B75, 0x6B75, 0x6B75, 0x6B75, 0x6B75, 0x6B75, 0x6B75,
  0x6B75, 0x6B75, 0x6B75, 0x6B75, 0x6B75, 0x6B75, 0x6B75, 0x6B75, 0x6B75, 0x6B75, 0x6B75, 0x6B75,
  0x6B75, 0x6B75, 0x6B75, 0x6B75, 0x6B75, 0x6B75, 0x6B75, 0x6B75, 0x6B75, 0x6B75, 0x6B75, 0x6B75,
  0x6B75, 0x6B75, 0x6B75, 0x6B75, 0x6B75, 0x6B75, 0x6B75, 0x6B75, 0x6B75, 0x6B75, 0x6B75, 0x6B75,
  0x6B75, 0x6B75, 0x6B75, 0x6B75, 0x6B75, 0x6B75, 0x6B75, 0x6B75, 0x6B75, 0x6B75, 0x6B75, 0x6B75,
  0x6B75, 0x6B75, 0x6B75, 0x6B75, 0x6B75, 0x6B75, 0x6B75, 0x6B75, 0x6B75, 0x6B75, 0x6B75, 0x6B75,
  0x6B75, 0x6B75, 0x6B75, 0x6B75, 0x6B75, 0x6B75, 0x6B75, 0x6B75, 0x6B75, 0x6B75, 0x6B75, 0x6B75,
  0x6B75, 0x6B75, 0x6B75, 0x6B75, 0x6B75, 0x6B75, 0x6B75, 0x6B75, 0x6B75, 0x6B75, 0x6B75, 0x6B75,
  0x6B75, 0x6B75, 0x6B6A, 0x212A, 0x212A, 0x212A, 0x212A, 0x212A, 0x212A, 0x212A, 0x212A, 0x212A,
  0x200A, 0x212A, 0xFFFF, 0xFFFF, 0xFFFF, 0xFFFF, 0xFFFF, 0xFFFF, 0xFFFF, 0xFFFF, 0xFFFF, 0xFFFF,
  0xFFFF, 0xFFFF, 0xFFFF, 0xFFFF, 0xFFFF, 0xFFFF, 0xFFFF, 0xFFFF, 0xFFFF, 0xFFFF, 0xFFFF, 0xFFFF,
  0xFFFF, 0xFFFF, 0xFFFF, 0xFFFF, 0xFFFF, 0xFFFF, 0xFFFF, 0xFFFF, 0xFFFF, 0xFFFF, 0xFFFF, 0xFFFF,
  0xFFFF, 0xFFFF, 0xFFFF, 0xFFFF, 0xFFFF, 0xFFFF, 0xFFFF, 0xFFFF, 0xFFFF, 0xFFFF, 0xFFFF, 0xFFFF,
  0xFFFF, 0xFFFF, 0xFFFF, 0xFFFF, 0xFFFF, 0xFFFF, 0xFFFF, 0xFFFF, 0xFFFF, 0xFFFF, 0xFFFF, 0xFFFF,
  0xFFFF, 0xFFFF, 0xFFFF, 0xFFFF, 0xFFFF, 0xFFFF, 0xFFFF, 0xFFFF, 0xFFFF, 0xFFFF, 0xFFFF, 0xFFFF,
  0xFFFF, 0xFFFF, 0xFFFF, 0xFFFF, 0xFFFF, 0xFFFF, 0xFFFF, 0xFFFF, 0xFFFF, 0xFFFF, 0xFFFF, 0xFFFF,
  0xFFFF, 0xFFFF, 0xFFFF, 0xFFFF, 0xFFFF, 0xFFFF, 0xFFFF, 0xFFFF, 0x2000, 0x200A, 0x212A, 0x212A,
  0x212A, 0x212A, 0x212A, 0x212A, 0x6B75, 0x6B75, 0x6B75, 0x6B75, 0x6B75, 0x6B75, 0x6B75, 0x6B75,
  0x6B75, 0x6B75, 0x6B75, 0x6B75, 0x6B75, 0x6B75, 0x6B75, 0x6B75, 0x6B75, 0x6B75, 0x6B75, 0x6B75,
  0x6B75, 0x6B75, 0x6B75, 0x6B75, 0x6B75, 0x6B75, 0x6B75, 0x6B75, 0x6B75, 0x6B75, 0x6B75, 0x6B75,
  0x6B75, 0x6B75, 0x6B75, 0x6B75, 0x6B75, 0x6B75, 0x6B75, 0x6B75, 0x6B75, 0x6B75, 0x6B75, 0x6B75,
  0x6B75, 0x6B75, 0x6B75, 0x6B75, 0x6B75, 0x6B75, 0x6B75, 0x6B75, 0x6B75, 0x6B75, 0x6B75, 0x6B75,
  0x6B75, 0x6B75, 0x6B75, 0x6B75, 0x6B75, 0x6B75, 0x6B75, 0x6B75, 0x6B75, 0x6B75, 0x6B75, 0x6B75,
  0x6B75, 0x6B75, 0x6B75, 0x6B75, 0x6B75, 0x6B75, 0x6B75, 0x6B75, 0x6B75, 0x6B75, 0x6B75, 0x6B75,
  0x6B75, 0x6B75, 0x6B75, 0x6B75, 0x6B75, 0x6B75, 0x6B75, 0x6B75, 0x6B75, 0x6B75, 0x6B75, 0x6B75,
  0x6B75, 0x6B75, 0x6B75, 0x6B75, 0x6B75, 0x6B75, 0x6B75, 0x6B75, 0x6B75, 0x6B75, 0x6B75, 0x6B75,
  0x6B75, 0x6B75, 0x6B75, 0x6B75, 0x6B75, 0x6B75, 0x6B75, 0x6B75, 0x6B75, 0x6B75, 0x6B75, 0x6B75,
  0x6B75, 0x6B75, 0x6B75, 0x6B75, 0x6B75, 0x6B75, 0x6B75, 0x6B75, 0x6B75, 0x6B75, 0x6B75, 0x6B75,
  0x6B75, 0x6B75, 0x6B75, 0x6B75, 0x6B75, 0x200A, 0x212A, 0x212A, 0x212A, 0x212A, 0x212A, 0x212A,
  0x212A, 0x212A, 0x200A, 0x9495, 0xFFFF, 0xFFFF, 0xFFFF, 0xFFFF, 0xFFFF, 0xFFFF, 0xFFFF, 0xFFFF,
  0xFFFF, 0xFFFF, 0xFFFF, 0xFFFF, 0xFFFF, 0xFFFF, 0xFFFF, 0xFFFF, 0xFFFF, 0xFFFF, 0xFFFF, 0xFFFF,
  0xFFFF, 0xFFFF, 0xFFFF, 0xFFFF, 0xFFFF, 0xFFFF, 0xFFFF, 0xFFFF, 0xFFFF, 0xFFFF, 0xFFFF, 0xFFFF,
  0xFFFF, 0xFFFF, 0xFFFF, 0xFFFF, 0xFFFF, 0xFFFF, 0xFFFF, 0xFFFF, 0xFFFF, 0xFFFF, 0xFFFF, 0xFFFF,
  0xFFFF, 0xFFFF, 0xFFFF, 0xFFFF, 0xFFFF, 0xFFFF, 0xFFFF, 0xFFFF, 0xFFFF, 0xFFFF, 0xFFFF, 0xFFFF,
  0xFFFF, 0xFFFF, 0xFFFF, 0xFFFF, 0xFFFF, 0xFFFF, 0xFFFF, 0xFFFF, 0xFFFF, 0xFFFF, 0xFFFF, 0xFFFF,
  0xFFFF, 0xFFFF, 0xFFFF, 0xFFFF, 0xFFFF, 0xFFFF, 0xFFFF, 0xFFFF, 0xFFFF, 0xFFFF, 0xFFFF, 0xFFFF,
  0xFFFF, 0xFFFF, 0xFFFF, 0xFFFF, 0xFFFF, 0xFFFF, 0xFFFF, 0x2000, 0x212A, 0x212A, 0x212A, 0x212A,
  0x212A, 0x212A, 0x4A4A, 0x6B75, 0x6B75, 0x6B75, 0x6B75, 0x6B75, 0x6B75, 0x6B75, 0x6B75, 0x6B75,
  0x6B75, 0x6B75, 0x6B75, 0x6B75, 0x6B75, 0x6B75, 0x6B75, 0x6B75, 0x6B75, 0x6B75, 0x6B75, 0x6B75,
  0x6B75, 0x6B75, 0x6B75, 0x6B75, 0x6B75, 0x6B75, 0x6B75, 0x6B75, 0x6B75, 0x6B75, 0x6B75, 0x6B75,
  0x6B75, 0x6B75, 0x6B75, 0x6B75, 0x6B75, 0x6B75, 0x6B75, 0x6B75, 0x6B75, 0x6B75, 0x6B75, 0x6B75,
  0x6B75, 0x6B75, 0x6B75, 0x6B75, 0x6B75, 0x6B75, 0x6B75, 0x6B75, 0x6B75, 0x6B75, 0x6B75, 0x6B75,
  0x6B75, 0x6B75, 0x6B75, 0x6B75, 0x6B75, 0x6B75, 0x6B75, 0x6B75, 0x6B75, 0x6B75, 0x6B75, 0x6B75,
  0x6B75, 0x6B75, 0x6B75, 0x6B75, 0x6B75, 0x6B75, 0x6B75, 0x6B75, 0x6B75, 0x6B75, 0x6B75, 0x6B75,
  0x6B75, 0x6B75, 0x6B75, 0x6B75, 0x6B75, 0x6B75, 0x6B75, 0x6B75, 0x6B75, 0x6B75, 0x6B75, 0x6B75,
  0x6B75, 0x6B75, 0x6B75, 0x6B75, 0x6B75, 0x6B75, 0x6B75, 0x6B75, 0x6B75, 0x6B75, 0x6B75, 0x6B75,
  0x6B75, 0x6B75, 0x6B75, 0x6B75, 0x6B75, 0x6B75, 0x6B75, 0x6B75, 0x6B75, 0x6B75, 0x6B75, 0x6B75,
  0x6B75, 0x6B75, 0x6B75, 0x6B75, 0x6B75, 0x6B75, 0x6B75, 0x6B75, 0x6B75, 0x6B75, 0x6B75, 0x6B75,
  0x6B75, 0x6B75, 0x6B75, 0x6B75, 0x6B75, 0x6B75, 0x4A4A, 0x212A, 0x212A, 0x212A, 0x212A, 0x212A,
  0x212A, 0x212A, 0x212A, 0x212A, 0xDEDF, 0xFFFF, 0xFFFF, 0xFFFF, 0xFFFF, 0xFFFF, 0xFFFF, 0xFFFF,
  0xFFFF, 0xFFFF, 0xFFFF, 0xFFFF, 0xFFFF, 0xFFFF, 0xFFFF, 0xFFFF, 0xFFFF, 0xFFFF, 0xFFFF, 0xFFFF,
  0xFFFF, 0xFFFF, 0xFFFF, 0xFFFF, 0xFFFF, 0xFFFF, 0xFFFF, 0xFFFF, 0xFFFF, 0xFFFF, 0xFFFF, 0xFFFF,
  0xFFFF, 0xFFFF, 0xFFFF, 0xFFFF, 0xFFFF, 0xFFFF, 0xFFFF, 0xFFFF, 0xFFFF, 0xFFFF, 0xFFFF, 0xFFFF,
  0xFFFF, 0xFFFF, 0xFFFF, 0xFFFF, 0xFFFF, 0xFFFF, 0xFFFF, 0xFFFF, 0xFFFF, 0xFFFF, 0xFFFF, 0xFFFF,
  0xFFFF, 0xFFFF, 0xFFFF, 0xFFFF, 0xFFFF, 0xFFFF, 0xFFFF, 0xFFFF, 0xFFFF, 0xFFFF, 0xFFFF, 0xFFFF,
  0xFFFF, 0xFFFF, 0xFFFF, 0xFFFF, 0xFFFF, 0xFFFF, 0xFFFF, 0xFFFF, 0xFFFF, 0xFFFF, 0xFFFF, 0xFFFF,
  0xFFFF, 0xFFFF, 0xFFFF, 0xFFFF, 0xFFFF, 0x212A, 0x212A, 0x212A, 0x212A, 0x212A, 0x212A, 0x012A,
  0x212A, 0x6B75, 0x6B75, 0x6B75, 0x6B75, 0x6B75, 0x6B75, 0x6B75, 0x6B75, 0x6B75, 0x6B75, 0x6B75,
  0x6B75, 0x6B75, 0x6B75, 0x6B75, 0x6B75, 0x6B75, 0x6B75, 0x6B75, 0x6B75, 0x6B75, 0x6B75, 0x6B75,
  0x6B75, 0x6B75, 0x6B75, 0x6B75, 0x6B75, 0x6B75, 0x6B75, 0x6B75, 0x6B75, 0x6B75, 0x6B75, 0x6B75,
  0x6B75, 0x6B75, 0x6B75, 0x6B75, 0x6B75, 0x6B75, 0x6B75, 0x6B75, 0x6B75, 0x6B75, 0x6B75, 0x6B75,
  0x6B75, 0x6B75, 0x6B75, 0x6B75, 0x6B75, 0x6B75, 0x6B75, 0x6B75, 0x6B75, 0x6B75, 0x6B75, 0x6B75,
  0x6B75, 0x6B75, 0x6B75, 0x6B75, 0x6B75, 0x6B75, 0x6B75, 0x6B75, 0x6B75, 0x6B75, 0x6B75, 0x6B75,
  0x6B75, 0x6B75, 0x6B75, 0x6B75, 0x6B75, 0x6B75, 0x6B75, 0x6B75, 0x6B75, 0x6B75, 0x6B75, 0x6B75,
  0x6B75, 0x6B75, 0x6B75, 0x6B75, 0x6B75, 0x6B75, 0x6B75, 0x6B75, 0x6B75, 0x6B75, 0x6B75, 0x6B75,
  0x6B75, 0x6B75, 0x6B75, 0x6B75, 0x6B75, 0x6B75, 0x6B75, 0x6B75, 0x6B75, 0x6B75, 0x6B75, 0x6B75,
  0x6B75, 0x6B75, 0x6B75, 0x6B75, 0x6B75, 0x6B75, 0x6B75, 0x6B75, 0x6B75, 0x6B75, 0x6B75, 0x6B75,
  0x6B75, 0x6B75, 0x6B75, 0x6B75, 0x6B75, 0x6B75, 0x6B75, 0x6B75, 0x6B75, 0x6B75, 0x6B75, 0x6B75,
  0x6B75, 0x6B75, 0x6B75, 0x6B75, 0x6B75, 0x6B75, 0x6B75, 0x6B75, 0x212A, 0x212A, 0x212A, 0x212A,
  0x212A, 0x212A, 0x212A, 0x212A, 0x212A, 0x212A, 0x212A, 0xFFFF, 0xFFFF, 0xFFFF, 0xFFFF, 0xFFFF,
  0xFFFF, 0xFFFF, 0xFFFF, 0xFFFF, 0xFFFF, 0xFFFF, 0xFFFF, 0xFFFF, 0xFFFF, 0xFFFF, 0xFFFF, 0xFFFF,
  0xFFFF, 0xFFFF, 0xFFFF, 0xFFFF, 0xFFFF, 0xFFFF, 0xFFFF, 0xFFFF, 0xFFFF, 0xFFFF, 0xFFFF, 0xFFFF,
  0xFFFF, 0xFFFF, 0xFFFF, 0xFFFF, 0xFFFF, 0xFFFF, 0xFFFF, 0xFFFF, 0xFFFF, 0xFFFF, 0xFFFF, 0xFFFF,
  0xFFFF, 0xFFFF, 0xFFFF, 0xFFFF, 0xFFFF, 0xFFFF, 0xFFFF, 0xFFFF, 0xFFFF, 0xFFFF, 0xFFFF, 0xFFFF,
  0xFFFF, 0xFFFF, 0xFFFF, 0xFFFF, 0xFFFF, 0xFFFF, 0xFFFF, 0xFFFF, 0xFFFF, 0xFFFF, 0xFFFF, 0xFFFF,
  0xFFFF, 0xFFFF, 0xFFFF, 0xFFFF, 0xFFFF, 0xFFFF, 0xFFFF, 0xFFFF, 0xFFFF, 0xFFFF, 0xFFFF, 0xFFFF,
  0xFFFF, 0xFFFF, 0xFFFF, 0xFFFF, 0x212A, 0x212A, 0x212A, 0x212A, 0x212A, 0x212A, 0x212A, 0x6B75,
  0x6B75, 0x6B75, 0x6B75, 0x6B75, 0x6B75, 0x6B75, 0x6B75, 0x6B75, 0x6B75, 0x6B75, 0x6B75, 0x6B75,
  0x6B75, 0x6B75, 0x6B75, 0x6B75, 0x6B75, 0x6B75, 0x6B75, 0x6B75, 0x6B75, 0x6B75, 0x6B75, 0x6B75,
  0x6B75, 0x6B75, 0x6B75, 0x6B75, 0x6B75, 0x6B75, 0x6B75, 0x6B75, 0x6B75, 0x6B75, 0x6B75, 0x6B75,
  0x6B75, 0x6B75, 0x6B75, 0x6B75, 0x6B75, 0x6B75, 0x6B75, 0x6B75, 0x6B75, 0x6B75, 0x6B75, 0x6B75,
  0x6B75, 0x6B75, 0x6B75, 0x6B75, 0x6B75, 0x6B75, 0x6B75, 0x6B75, 0x6B75, 0x6B75, 0x6B75, 0x6B75,
  0x6B75, 0x6B75, 0x6B75, 0x6B75, 0x6B75, 0x6B75, 0x6B75, 0x6B75, 0x6B75, 0x6B75, 0x6B75, 0x6B75,
  0x6B75, 0x6B75, 0x6B75, 0x6B75, 0x6B75, 0x6B75, 0x6B75, 0x6B75, 0x6B75, 0x6B75, 0x6B75, 0x6B75,
  0x6B75, 0x6B75, 0x6B75, 0x6B75, 0x6B75, 0x6B75, 0x6B75, 0x6B75, 0x6B75, 0x6B75, 0x6B75, 0x6B75,
  0x6B75, 0x6B75, 0x6B75, 0x6B75, 0x6B75, 0x6B75, 0x6B75, 0x6B75, 0x6B75, 0x6B75, 0x6B75, 0x6B75,
  0x6B75, 0x6B75, 0x6B75, 0x6B75, 0x6B75, 0x6B75, 0x6B75, 0x6B75, 0x6B75, 0x6B75, 0x6B75, 0x6B75,
  0x6B75, 0x6B75, 0x6B75, 0x6B75, 0x6B75, 0x6B75, 0x6B75, 0x6B75, 0x6B75, 0x6B75, 0x6B75, 0x6B75,
  0x6B75, 0x6B75, 0x6B75, 0x6B75, 0x6B75, 0x6B75, 0x6B75, 0x6B75, 0x6B75, 0x6B75, 0x4A4A, 0x212A,
  0x212A, 0x212A, 0x212A, 0x212A, 0x212A, 0x212A, 0x212A, 0x212A, 0xFFFF, 0xFFFF, 0xFFFF, 0xFFFF,
  0xFFFF, 0xFFFF, 0xFFFF, 0xFFFF, 0xFFFF, 0xFFFF, 0xFFFF, 0xFFFF, 0xFFFF, 0xFFFF, 0xFFFF, 0xFFFF,
  0xFFFF, 0xFFFF, 0xFFFF, 0xFFFF, 0xFFFF, 0xFFFF, 0xFFFF, 0xFFFF, 0xFFFF, 0xFFFF, 0xFFFF, 0xFFFF,
  0xFFFF, 0xFFFF, 0xFFFF, 0xFFFF, 0xFFFF, 0xFFFF, 0xFFFF, 0xFFFF, 0xFFFF, 0xFFFF, 0xFFFF, 0xFFFF,
  0xFFFF, 0xFFFF, 0xFFFF, 0xFFFF, 0xFFFF, 0xFFFF, 0xFFFF, 0xFFFF, 0xFFFF, 0xFFFF, 0xFFFF, 0xFFFF,
  0xFFFF, 0xFFFF, 0xFFFF, 0xFFFF, 0xFFFF, 0xFFFF, 0xFFFF, 0xFFFF, 0xFFFF, 0xFFFF, 0xFFFF, 0xFFFF,
  0xFFFF, 0xFFFF, 0xFFFF, 0xFFFF, 0xFFFF, 0xFFFF, 0xFFFF, 0xFFFF, 0xFFFF, 0xFFFF, 0xFFFF, 0xFFFF,
  0xFFFF, 0xFFFF, 0xFFFF, 0x0000, 0x212A, 0x212A, 0x212A, 0x212A, 0x212A, 0x212A, 0x4A4A, 0x6B75,
  0x6B75, 0x6B75, 0x6B75, 0x6B75, 0x6B75, 0x6B75, 0x6B75, 0x6B75, 0x6B75, 0x6B75, 0x6B75, 0x6B75,
  0x6B75, 0x6B75, 0x6B75, 0x6B75, 0x6B75, 0x6B75, 0x6B75, 0x6B75, 0x6B75, 0x6B75, 0x6B75, 0x6B75,
  0x6B75, 0x6B75, 0x6B75, 0x6B75, 0x6B75, 0x6B75, 0x6B75, 0x6B75, 0x6B75, 0x6B75, 0x6B75, 0x6B75,
  0x6B75, 0x6B75, 0x6B75, 0x6B75, 0x6B75, 0x6B75, 0x6B75, 0x6B75, 0x6B75, 0x6B75, 0x6B75, 0x6B75,
  0x6B75, 0x6B75, 0x6B75, 0x6B75, 0x6B75, 0x6B75, 0x6B75, 0x6B75, 0x6B75, 0x6B75, 0x6B75, 0x6B75,
  0x6B75, 0x6B75, 0x6B75, 0x6B75, 0x6B75, 0x6B75, 0x6B75, 0x6B75, 0x6B75, 0x6B75, 0x6B75, 0x6B75,
  0x6B75, 0x6B75, 0x6B75, 0x6B75, 0x6B75, 0x6B75, 0x6B75, 0x6B75, 0x6B75, 0x6B75, 0x6B75, 0x6B75,
  0x6B75, 0x6B75, 0x6B75, 0x6B75, 0x6B75, 0x6B75, 0x6B75, 0x6B75, 0x6B75, 0x6B75, 0x6B75, 0x6B75,
  0x6B75, 0x6B75, 0x6B75, 0x6B75, 0x6B75, 0x6B75, 0x6B75, 0x6B75, 0x6B75, 0x6B75, 0x6B75, 0x6B75,
  0x6B75, 0x6B75, 0x6B75, 0x6B75, 0x6B75, 0x6B75, 0x6B75, 0x6B75, 0x6B75, 0x6B75, 0x6B75, 0x6B75,
  0x6B75, 0x6B75, 0x6B75, 0x6B75, 0x6B75, 0x6B75, 0x6B75, 0x6B75, 0x6B75, 0x6B75, 0x6B75, 0x6B75,
  0x6B75, 0x6B75, 0x6B75, 0x6B75, 0x6B75, 0x6B75, 0x6B75, 0x6B75, 0x6B75, 0x6B75, 0x6B75, 0x6B75,
  0x212A, 0x212A, 0x212A, 0x212A, 0x212A, 0x212A, 0x212A, 0x212A, 0x4A4A, 0xFFFF, 0xFFFF, 0xFFFF,
  0xFFFF, 0xFFFF, 0xFFFF, 0xFFFF, 0xFFFF, 0xFFFF, 0xFFFF, 0xFFFF, 0xFFFF, 0xFFFF, 0xFFFF, 0xFFFF,
  0xFFFF, 0xFFFF, 0xFFFF, 0xFFFF, 0xFFFF, 0xFFFF, 0xFFFF, 0xFFFF, 0xFFFF, 0xFFFF, 0xFFFF, 0xFFFF,
  0xFFFF, 0xFFFF, 0xFFFF, 0xFFFF, 0xFFFF, 0xFFFF, 0xFFFF, 0xFFFF, 0xFFFF, 0xFFFF, 0xFFFF, 0xFFFF,
  0xFFFF, 0xFFFF, 0xFFFF, 0xFFFF, 0xFFFF, 0xFFFF, 0xFFFF, 0xFFFF, 0xFFFF, 0xFFFF, 0xFFFF, 0xFFFF,
  0xFFFF, 0xFFFF, 0xFFFF, 0xFFFF, 0xFFFF, 0xFFFF, 0xFFFF, 0xFFFF, 0xFFFF, 0xFFFF, 0xFFFF, 0xFFFF,
  0xFFFF, 0xFFFF, 0xFFFF, 0xFFFF, 0xFFFF, 0xFFFF, 0xFFFF, 0xFFFF, 0xFFFF, 0xFFFF, 0xFFFF, 0xFFFF,
  0xFFFF, 0xB5BF, 0x212A, 0x212A, 0x212A, 0x212A, 0x212A, 0x212A, 0x4A4A, 0x6B75, 0x6B75, 0x6B75,
  0x6B75, 0x6B75, 0x6B75, 0x6B75, 0x6B75, 0x6B75, 0x6B75, 0x6B75, 0x6B75, 0x6B75, 0x6B75, 0x6B75,
  0x6B75, 0x6B75, 0x6B75, 0x6B75, 0x6B75, 0x6B75, 0x6B75, 0x6B75, 0x6B75, 0x6B75, 0x6B75, 0x6B75,
  0x6B75, 0x6B75, 0x6B75, 0x6B75, 0x6B75, 0x6B75, 0x6B75, 0x6B75, 0x6B75, 0x6B75, 0x6B75, 0x6B75,
  0x6B75, 0x6B75, 0x6B75, 0x6B75, 0x6B75, 0x6B75, 0x6B75, 0x6B75, 0x6B75, 0x6B75, 0x6B75, 0x6B75,
  0x6B75, 0x6B75, 0x6B75, 0x6B75, 0x6B75, 0x6B75, 0x6B75, 0x6B75, 0x6B75, 0x6B75, 0x6B75, 0x6B75,
  0x6B75, 0x6B75, 0x6B75, 0x6B75, 0x6B75, 0x6B75, 0x6B75, 0x6B75, 0x6B75, 0x6B75, 0x6B75, 0x6B75,
  0x6B75, 0x6B75, 0x6B75, 0x6B75, 0x6B75, 0x6B75, 0x6B75, 0x6B75, 0x6B75, 0x6B75, 0x6B75, 0x6B75,
  0x6B75, 0x6B75, 0x6B75, 0x6B75, 0x6B75, 0x6B75, 0x6B75, 0x6B75, 0x6B75, 0x6B75, 0x6B75, 0x6B75,
  0x6B75, 0x6B75, 0x6B75, 0x6B75, 0x6B75, 0x6B75, 0x6B75, 0x6B75, 0x6B75, 0x6B75, 0x6B75, 0x6B75,
  0x6B75, 0x6B75, 0x6B75, 0x6B75, 0x6B75, 0x6B75, 0x6B75, 0x6B75, 0x6B75, 0x6B75, 0x6B75, 0x6B75,
  0x6B75, 0x6B75, 0x6B75, 0x6B75, 0x6B75, 0x6B75, 0x6B75, 0x6B75, 0x6B75, 0x6B75, 0x6B75, 0x6B75,
  0x6B75, 0x6B75, 0x6B75, 0x6B75, 0x6B75, 0x6B75, 0x6B75, 0x6B75, 0x6B75, 0x6B75, 0x6B75, 0x6B75,
  0x6B75, 0x6B75, 0x212A, 0x212A, 0x212A, 0x212A, 0x212A, 0x212A, 0x212A, 0x2000, 0xDEDF, 0xFFFF,
  0xFFFF, 0xFFFF, 0xFFFF, 0xFFFF, 0xFFFF, 0xFFFF, 0xFFFF, 0xFFFF, 0xFFFF, 0xFFFF, 0xFFFF, 0xFFFF,
  0xFFFF, 0xFFFF, 0xFFFF, 0xFFFF, 0xFFFF, 0xFFFF, 0xFFFF, 0xFFFF, 0xFFFF, 0xFFFF, 0xFFFF, 0xFFFF,
  0xFFFF, 0xFFFF, 0xFFFF, 0xFFFF, 0xFFFF, 0xFFFF, 0xFFFF, 0xFFFF, 0xFFFF, 0xFFFF, 0xFFFF, 0xFFFF,
  0xFFFF, 0xFFFF, 0xFFFF, 0xFFFF, 0xFFFF, 0xFFFF, 0xFFFF, 0xFFFF, 0xFFFF, 0xFFFF, 0xFFFF, 0xFFFF,
  0xFFFF, 0xFFFF, 0xFFFF, 0xFFFF, 0xFFFF, 0xFFFF, 0xFFFF, 0xFFFF, 0xFFFF, 0xFFFF, 0xFFFF, 0xFFFF,
  0xFFFF, 0xFFFF, 0xFFFF, 0xFFFF, 0xFFFF, 0xFFFF, 0xFFFF, 0xFFFF, 0xFFFF, 0xFFFF, 0xFFFF, 0xFFFF,
  0x6B6A, 0x212A, 0x212A, 0x212A, 0x212A, 0x212A, 0x212A, 0x212A, 0x6B75, 0x6B75, 0x6B75, 0x6B75,
  0x6B75, 0x6B75, 0x6B75, 0x6B75, 0x6B75, 0x6B75, 0x6B75, 0x6B75, 0x6B75, 0x6B75, 0x6B75, 0x6B75,
  0x6B75, 0x6B75, 0x6B75, 0x6B75, 0x6B75, 0x6B75, 0x6B75, 0x6B75, 0x6B75, 0x6B75, 0x6B75, 0x6B75,
  0x6B75, 0x6B75, 0x6B75, 0x6B75, 0x6B75, 0x6B75, 0x6B75, 0x6B75, 0x6B75, 0x6B75, 0x6B75, 0x6B75,
  0x6B75, 0x6B75, 0x6B75, 0x6B75, 0x6B75, 0x6B75, 0x6B75, 0x6B75, 0x6B75, 0x6B75, 0x6B75, 0x6B75,
  0x6B75, 0x6B75, 0x6B75, 0x6B75, 0x6B75, 0x6B75, 0x6B75, 0x6B75, 0x6B75, 0x6B75, 0x6B75, 0x6B75,
  0x6B75, 0x6B75, 0x6B75, 0x6B75, 0x6B75, 0x6B75, 0x6B75, 0x6B75, 0x6B75, 0x6B75, 0x6B75, 0x6B75,
  0x6B75, 0x6B75, 0x6B75, 0x6B75, 0x6B75, 0x6B75, 0x6B75, 0x6B75, 0x6B75, 0x6B75, 0x6B75, 0x6B75,
  0x6B75, 0x6B75, 0x6B75, 0x6B75, 0x6B75, 0x6B75, 0x6B75, 0x6B75, 0x6B75, 0x6B75, 0x6B75, 0x6B75,
  0x6B75, 0x6B75, 0x6B75, 0x6B75, 0x6B75, 0x6B75, 0x6B75, 0x6B75, 0x6B75, 0x6B75, 0x6B75, 0x6B75,
  0x6B75, 0x6B75, 0x6B75, 0x6B75, 0x6B75, 0x6B75, 0x6B75, 0x6B75, 0x6B75, 0x6B75, 0x6B75, 0x6B75,
  0x6B75, 0x6B75, 0x6B75, 0x6B75, 0x6B75, 0x6B75, 0x6B75, 0x6B75, 0x6B75, 0x6B75, 0x6B75, 0x6B75,
  0x6B75, 0x6B75, 0x6B75, 0x6B75, 0x6B75, 0x6B75, 0x6B75, 0x6B75, 0x6B75, 0x6B75, 0x6B75, 0x6B75,
  0x6B75, 0x6B75, 0x6B75, 0x212A, 0x212A, 0x212A, 0x212A, 0x212A, 0x212A, 0x212A, 0x212A, 0xB5B5,
  0xFFFF, 0xFFFF, 0xFFFF, 0xFFFF, 0xFFFF, 0xFFFF, 0xFFFF, 0xFFFF, 0xFFFF, 0xFFFF, 0xFFFF, 0xFFFF,
  0xFFFF, 0xFFFF, 0xFFFF, 0xFFFF, 0xFFFF, 0xFFFF, 0xFFFF, 0xFFFF, 0xFFFF, 0xFFFF, 0xFFFF, 0xFFFF,
  0xFFFF, 0xFFFF, 0xFFFF, 0xFFFF, 0xFFFF, 0xFFFF, 0xFFFF, 0xFFFF, 0xFFFF, 0xFFFF, 0xFFFF, 0xFFFF,
  0xFFFF, 0xFFFF, 0xFFFF, 0xFFFF, 0xFFFF, 0xFFFF, 0xFFFF, 0xFFFF, 0xFFFF, 0xFFFF, 0xFFFF, 0xFFFF,
  0xFFFF, 0xFFFF, 0xFFFF, 0xFFFF, 0xFFFF, 0xFFFF, 0xFFFF, 0xFFFF, 0xFFFF, 0xFFFF, 0xFFFF, 0xFFFF,
  0xFFFF, 0xFFFF, 0xFFFF, 0xFFFF, 0xFFFF, 0xFFFF, 0xFFFF, 0xFFFF, 0xFFFF, 0xFFFF, 0xFFFF, 0xDEDF,
  0x212A, 0x212A, 0x212A, 0x212A, 0x212A, 0x212A, 0x4A4A, 0x6B75, 0x6B75, 0x6B75, 0x6B75, 0x6B75,
  0x6B75, 0x6B75, 0x6B75, 0x6B75, 0x6B75, 0x6B75, 0x6B75, 0x6B75, 0x6B75, 0x6B75, 0x6B75, 0x6B75,
  0x6B75, 0x6B75, 0x6B75, 0x6B75, 0x6B75, 0x6B75, 0x6B75, 0x6B75, 0x6B75, 0x6B75, 0x6B75, 0x6B75,
  0x6B75, 0x6B75, 0x6B75, 0x6B75, 0x6B75, 0x6B75, 0x6B75, 0x6B75, 0x6B75, 0x6B75, 0x6B75, 0x6B75,
  0x6B75, 0x6B75, 0x6B75, 0x6B75, 0x6B75, 0x6B75, 0x6B75, 0x6B75, 0x6B75, 0x6B75, 0x6B75, 0x6B75,
  0x6B75, 0x6B75, 0x6B75, 0x6B75, 0x6B75, 0x6B75, 0x6B75, 0x6B75, 0x6B75, 0x6B75, 0x6B75, 0x6B75,
  0x6B75, 0x6B75, 0x6B75, 0x6B75, 0x6B75, 0x6B75, 0x6B75, 0x6B75, 0x6B75, 0x6B75, 0x6B75, 0x6B75,
  0x6B75, 0x6B75, 0x6B75, 0x6B75, 0x6B75, 0x6B75, 0x6B75, 0x6B75, 0x6B75, 0x6B75, 0x6B75, 0x6B75,
  0x6B75, 0x6B75, 0x6B75, 0x6B75, 0x6B75, 0x6B75, 0x6B75, 0x6B75, 0x6B75, 0x6B75, 0x6B75, 0x6B75,
  0x6B75, 0x6B75, 0x6B75, 0x6B75, 0x6B75, 0x6B75, 0x6B75, 0x6B75, 0x6B75, 0x6B75, 0x6B75, 0x6B75,
  0x6B75, 0x6B75, 0x6B75, 0x6B75, 0x6B75, 0x6B75, 0x6B75, 0x6B75, 0x6B75, 0x6B75, 0x6B75, 0x6B75,
  0x6B75, 0x6B75, 0x6B75, 0x6B75, 0x6B75, 0x6B75, 0x6B75, 0x6B75, 0x6B75, 0x6B75, 0x6B75, 0x6B75,
  0x6B75, 0x6B75, 0x6B75, 0x6B75, 0x6B75, 0x6B75, 0x6B75, 0x6B75, 0x6B75, 0x6B75, 0x6B75, 0x6B75,
  0x6B75, 0x6B75, 0x6B75, 0x6B75, 0x212A, 0x212A, 0x212A, 0x212A, 0x212A, 0x212A, 0x212A, 0x212A,
  0xB5B5, 0xFFFF, 0xFFFF, 0xFFFF, 0xFFFF, 0xFFFF, 0xFFFF, 0xFFFF, 0xFFFF, 0xFFFF, 0xFFFF, 0xFFFF,
  0xFFFF, 0xFFFF, 0xFFFF, 0xFFFF, 0xFFFF, 0xFFFF, 0xFFFF, 0xFFFF, 0xFFFF, 0xFFFF, 0xFFFF, 0xFFFF,
  0xFFFF, 0xFFFF, 0xFFFF, 0xFFFF, 0xFFFF, 0xFFFF, 0xFFFF, 0xFFFF, 0xFFFF, 0xFFFF, 0xFFFF, 0xFFFF,
  0xFFFF, 0xFFFF, 0xFFFF, 0xFFFF, 0xFFFF, 0xFFFF, 0xFFFF, 0xFFFF, 0xFFFF, 0xFFFF, 0xFFFF, 0xFFFF,
  0xFFFF, 0xFFFF, 0xFFFF, 0xFFFF, 0xFFFF, 0xFFFF, 0xFFFF, 0xFFFF, 0xFFFF, 0xFFFF, 0xFFFF, 0xFFFF,
  0xFFFF, 0xFFFF, 0xFFFF, 0xFFFF, 0xFFFF, 0xFFFF, 0xFFFF, 0xFFFF, 0xFFFF, 0xFFFF, 0x6B6A, 0x212A,
  0x212A, 0x212A, 0x212A, 0x212A, 0x212A, 0x6B75, 0x6B75, 0x6B75, 0x6B75, 0x6B75, 0x6B75, 0x6B75,
  0x6B75, 0x6B75, 0x6B75, 0x6B75, 0x6B75, 0x6B75, 0x6B75, 0x6B75, 0x6B75, 0x6B75, 0x6B75, 0x6B75,
  0x6B75, 0x6B75, 0x6B75, 0x6B75, 0x6B75, 0x6B75, 0x6B75, 0x6B75, 0x6B75, 0x6B75, 0x6B75, 0x6B75,
  0x6B75, 0x6B75, 0x6B75, 0x6B75, 0x6B75, 0x6B75, 0x6B75, 0x6B75, 0x6B75, 0x6B75, 0x6B75, 0x6B75,
  0x6B75, 0x6B75, 0x6B75, 0x6B75, 0x6B75, 0x6B75, 0x6B75, 0x6B75, 0x6B75, 0x6B75, 0x6B75, 0x6B75,
  0x6B75, 0x6B75, 0x6B75, 0x6B75, 0x6B75, 0x6B75, 0x6B75, 0x6B75, 0x6B75, 0x6B75, 0x6B75, 0x6B75,
  0x6B75, 0x6B75, 0x6B75, 0x6B75, 0x6B75, 0x6B75, 0x6B75, 0x6B75, 0x6B75, 0x6B75, 0x6B75, 0x6B75,
  0x6B75, 0x6B75, 0x6B75, 0x6B75, 0x6B75, 0x6B75, 0x6B75, 0x6B75, 0x6B75, 0x6B75, 0x6B75, 0x6B75,
  0x6B75, 0x6B75, 0x6B75, 0x6B75, 0x6B75, 0x6B75, 0x6B75, 0x6B75, 0x6B75, 0x6B75, 0x6B75, 0x6B75,
  0x6B75, 0x6B75, 0x6B75, 0x6B75, 0x6B75, 0x6B75, 0x6B75, 0x6B75, 0x6B75, 0x6B75, 0x6B75, 0x6B75,
  0x6B75, 0x6B75, 0x6B75, 0x6B75, 0x6B75, 0x6B75, 0x6B75, 0x6B75, 0x6B75, 0x6B75, 0x6B75, 0x6B75,
  0x6B75, 0x6B75, 0x6B75, 0x6B75, 0x6B75, 0x6B75, 0x6B75, 0x6B75, 0x6B75, 0x6B75, 0x6B75, 0x6B75,
  0x6B75, 0x6B75, 0x6B75, 0x6B75, 0x6B75, 0x6B75, 0x6B75, 0x6B75, 0x6B75, 0x6B75, 0x6B75, 0x6B75,
  0x6B75, 0x6B75, 0x6B75, 0x6B75, 0x6B75, 0x4A4A, 0x212A, 0x212A, 0x212A, 0x212A, 0x212A, 0x212A,
  0x212A, 0x4A4A, 0xFFFF, 0xFFFF, 0xFFFF, 0xFFFF, 0xFFFF, 0xFFFF, 0xFFFF, 0xFFFF, 0xFFFF, 0xFFFF,
  0xFFFF, 0xFFFF, 0xFFFF, 0xFFFF, 0xFFFF, 0xFFFF, 0xFFFF, 0xFFFF, 0xFFFF, 0xFFFF, 0xFFFF, 0xFFFF,
  0xFFFF, 0xFFFF, 0xFFFF, 0xFFFF, 0xFFFF, 0xFFFF, 0xFFFF, 0xFFFF, 0xFFFF, 0xFFFF, 0xFFFF, 0xFFFF,
  0xFFFF, 0xFFFF, 0xFFFF, 0xFFFF, 0xFFFF, 0xFFFF, 0xFFFF, 0xFFFF, 0xFFFF, 0xFFFF, 0xFFFF, 0xFFFF,
  0xFFFF, 0xFFFF, 0xFFFF, 0xFFFF, 0xFFFF, 0xFFFF, 0xFFFF, 0xFFFF, 0xFFFF, 0xFFFF, 0xFFFF, 0xFFFF,
  0xFFFF, 0xFFFF, 0xFFFF, 0xFFFF, 0xFFFF, 0xFFFF, 0xFFFF, 0xFFFF, 0xFFFF, 0x6A4A, 0x212A, 0x212A,
  0x212A, 0x212A, 0x212A, 0x212A, 0x6B75, 0x6B75, 0x6B75, 0x6B75, 0x6B75, 0x6B75, 0x6B75, 0x6B75,
  0x6B75, 0x6B75, 0x6B75, 0x6B75, 0x6B75, 0x6B75, 0x6B75, 0x6B75, 0x6B75, 0x6B75, 0x6B75, 0x6B75,
  0x6B75, 0x6B75, 0x6B75, 0x6B75, 0x6B75, 0x6B75, 0x6B75, 0x6B75, 0x6B75, 0x6B75, 0x6B75, 0x6B75,
  0x6B75, 0x6B75, 0x6B75, 0x6B75, 0x6B75, 0x6B75, 0x6B75, 0x6B75, 0x6B75, 0x6B75, 0x6B75, 0x6B75,
  0x6B75, 0x6B75, 0x6B75, 0x6B75, 0x6B75, 0x6B75, 0x6B75, 0x6B75, 0x6B75, 0x6B75, 0x6B75, 0x6B75,
  0x6B75, 0x6B75, 0x6B75, 0x6B75, 0x6B75, 0x6B75, 0x6B75, 0x6B75, 0x6B75, 0x6B75, 0x6B75, 0x6B75,
  0x6B75, 0x6B75, 0x6B75, 0x6B75, 0x6B75, 0x6B75, 0x6B75, 0x6B75, 0x6B75, 0x6B75, 0x6B75, 0x6B75,
  0x6B75, 0x6B75, 0x6B75, 0x6B75, 0x6B75, 0x6B75, 0x6B75, 0x6B75, 0x6B75, 0x6B75, 0x6B75, 0x6B75,
  0x6B75, 0x6B75, 0x6B75, 0x6B75, 0x6B75, 0x6B75, 0x6B75, 0x6B75, 0x6B75, 0x6B75, 0x6B75, 0x6B75,
  0x6B75, 0x6B75, 0x6B75, 0x6B75, 0x6B75, 0x6B75, 0x6B75, 0x6B75, 0x6B75, 0x6B75, 0x6B75, 0x6B75,
  0x6B75, 0x6B75, 0x6B75, 0x6B75, 0x6B75, 0x6B75, 0x6B75, 0x6B75, 0x6B75, 0x6B75, 0x6B75, 0x6B75,
  0x6B75, 0x6B75, 0x6B75, 0x6B75, 0x6B75, 0x6B75, 0x6B75, 0x6B75, 0x6B75, 0x6B75, 0x6B75, 0x6B75,
  0x6B75, 0x6B75, 0x6B75, 0x6B75, 0x6B75, 0x6B75, 0x6B75, 0x6B75, 0x6B75, 0x6B75, 0x6B75, 0x6B75,
  0x6B75, 0x6B75, 0x6B75, 0x6B75, 0x6B75, 0x6B75, 0x6B75, 0x212A, 0x212A, 0x212A, 0x212A, 0x212A,
  0x212A, 0x212A, 0x6B75, 0xFFFF, 0xFFFF, 0xFFFF, 0xFFFF, 0xFFFF, 0xFFFF, 0xFFFF, 0xFFFF, 0xFFFF,
  0xFFFF, 0xFFFF, 0xFFFF, 0xFFFF, 0xFFFF, 0xFFFF, 0xFFFF, 0xFFFF, 0xFFFF, 0xFFFF, 0xFFFF, 0xFFFF,
  0xFFFF, 0xFFFF, 0xFFFF, 0xFFFF, 0xFFFF, 0xFFFF, 0xFFFF, 0xFFFF, 0xFFFF, 0xFFFF, 0xFFFF, 0xFFFF,
  0xFFFF, 0xFFFF, 0xFFFF, 0xFFFF, 0xFFFF, 0xFFFF, 0xFFFF, 0xFFFF, 0xFFFF, 0xFFFF, 0xFFFF, 0xFFFF,
  0xFFFF, 0xFFFF, 0xFFFF, 0xFFFF, 0xFFFF, 0xFFFF, 0xFFFF, 0xFFFF, 0xFFFF, 0xFFFF, 0xFFFF, 0xFFFF,
  0xFFFF, 0xFFFF, 0xFFFF, 0xFFFF, 0xFFFF, 0xFFFF, 0xFFFF, 0xFFFF, 0x4A4A, 0x212A, 0x212A, 0x212A,
  0x212A, 0x212A, 0x4A4A, 0x6B75, 0x6B75, 0x6B75, 0x6B75, 0x6B75, 0x6B75, 0x6B75, 0x6B75, 0x6B75,
  0x6B75, 0x6B75, 0x6B75, 0x6B75, 0x6B75, 0x6B75, 0x6B75, 0x6B75, 0x6B75, 0x6B75, 0x6B75, 0x6B75,
  0x6B75, 0x6B75, 0x6B75, 0x6B75, 0x6B75, 0x6B75, 0x6B75, 0x6B75, 0x6B75, 0x6B75, 0x6B75, 0x6B75,
  0x6B75, 0x6B75, 0x6B75, 0x6B75, 0x6B75, 0x6B75, 0x6B75, 0x6B75, 0x6B75, 0x6B75, 0x6B75, 0x6B75,
  0x6B75, 0x6B75, 0x6B75, 0x6B75, 0x6B75, 0x6B75, 0x6B75, 0x6B75, 0x6B75, 0x6B75, 0x6B75, 0x6B75,
  0x6B75, 0x6B75, 0x6B75, 0x6B75, 0x6B75, 0x6B75, 0x6B75, 0x6B75, 0x6B75, 0x6B75, 0x6B75, 0x6B75,
  0x6B75, 0x6B75, 0x6B75, 0x6B75, 0x6B75, 0x6B75, 0x6B75, 0x6B75, 0x6B75, 0x6B75, 0x6B75, 0x6B75,
  0x6B75, 0x6B75, 0x6B75, 0x6B75, 0x6B75, 0x6B75, 0x6B75, 0x6B75, 0x6B75, 0x6B75, 0x6B75, 0x6B75,
  0x6B75, 0x6B75, 0x6B75, 0x6B75, 0x6B75, 0x6B75, 0x6B75, 0x6B75, 0x6B75, 0x6B75, 0x6B75, 0x6B75,
  0x6B75, 0x6B75, 0x6B75, 0x6B75, 0x6B75, 0x6B75, 0x6B75, 0x6B75, 0x6B75, 0x6B75, 0x6B75, 0x6B75,
  0x6B75, 0x6B75, 0x6B75, 0x6B75, 0x6B75, 0x6B75, 0x6B75, 0x6B75, 0x6B75, 0x6B75, 0x6B75, 0x6B75,
  0x6B75, 0x6B75, 0x6B75, 0x6B75, 0x6B75, 0x6B75, 0x6B75, 0x6B75, 0x6B75, 0x6B75, 0x6B75, 0x6B75,
  0x6B75, 0x6B75, 0x6B75, 0x6B75, 0x6B75, 0x6B75, 0x6B75, 0x6B75, 0x6B75, 0x6B75, 0x6B75, 0x6B75,
  0x6B75, 0x6B75, 0x6B75, 0x6B75, 0x6B75, 0x6B75, 0x6B75, 0x6B75, 0x212A, 0x212A, 0x212A, 0x212A,
  0x212A, 0x212A, 0x212A, 0x9495, 0xFFFF, 0xFFFF, 0xFFFF, 0xFFFF, 0xFFFF, 0xFFFF, 0xFFFF, 0xFFFF,
  0xFFFF, 0xFFFF, 0xFFFF, 0xFFFF, 0xFFFF, 0xFFFF, 0xFFFF, 0xFFFF, 0xFFFF, 0xFFFF, 0xFFFF, 0xFFFF,
  0xFFFF, 0xFFFF, 0xFFFF, 0xFFFF, 0xFFFF, 0xFFFF, 0xFFFF, 0xFFFF, 0xFFFF, 0xFFFF, 0xFFFF, 0xFFFF,
  0xFFFF, 0xFFFF, 0xFFFF, 0xFFFF, 0xFFFF, 0xFFFF, 0xFFFF, 0xFFFF, 0xFFFF, 0xFFFF, 0xFFFF, 0xFFFF,
  0xFFFF, 0xFFFF, 0xFFFF, 0xFFFF, 0xFFFF, 0xFFFF, 0xFFFF, 0xFFFF, 0xFFFF, 0xFFFF, 0xFFFF, 0xFFFF,
  0xFFFF, 0xFFFF, 0xFFFF, 0xFFFF, 0xFFFF, 0xFFFF, 0xFFFF, 0xDEDF, 0x2000, 0x212A, 0x200A, 0x212A,
  0x212A, 0x4A4A, 0x6B75, 0x6B75, 0x6B75, 0x6B75, 0x6B75, 0x6B75, 0x6B75, 0x6B75, 0x6B75, 0x6B75,
  0x6B75, 0x6B75, 0x6B75, 0x6B75, 0x6B75, 0x6B75, 0x6B75, 0x6B75, 0x6B75, 0x6B75, 0x6B75, 0x6B75,
  0x6B75, 0x6B75, 0x6B75, 0x6B75, 0x6B75, 0x6B75, 0x6B75, 0x6B75, 0x6B75, 0x6B75, 0x6B75, 0x6B75,
  0x6B75, 0x6B75, 0x6B75, 0x6B75, 0x6B75, 0x6B75, 0x6B75, 0x6B75, 0x6B75, 0x6B75, 0x6B75, 0x6B75,
  0x6B75, 0x6B75, 0x6B75, 0x6B75, 0x6B75, 0x6B75, 0x6B75, 0x6B75, 0x6B75, 0x6B75, 0x6B75, 0x6B75,
  0x6B75, 0x6B75, 0x6B75, 0x6B75, 0x6B75, 0x6B75, 0x6B75, 0x6B75, 0x6B75, 0x6B75, 0x6B75, 0x6B75,
  0x6B75, 0x6B75, 0x6B75, 0x6B75, 0x6B75, 0x6B75, 0x6B75, 0x6B75, 0x6B75, 0x6B75, 0x6B75, 0x6B75,
  0x6B75, 0x6B75, 0x6B75, 0x6B75, 0x6B75, 0x6B75, 0x6B75, 0x6B75, 0x6B75, 0x6B75, 0x6B75, 0x6B75,
  0x6B75, 0x6B75, 0x6B75, 0x6B75, 0x6B75, 0x6B75, 0x6B75, 0x6B75, 0x6B75, 0x6B75, 0x6B75, 0x6B75,
  0x6B75, 0x6B75, 0x6B75, 0x6B75, 0x6B75, 0x6B75, 0x6B75, 0x6B75, 0x6B75, 0x6B75, 0x6B75, 0x6B75,
  0x6B75, 0x6B75, 0x6B75, 0x6B75, 0x6B75, 0x6B75, 0x6B75, 0x6B75, 0x6B75, 0x6B75, 0x6B75, 0x6B75,
  0x6B75, 0x6B75, 0x6B75, 0x6B75, 0x6B75, 0x6B75, 0x6B75, 0x6B75, 0x6B75, 0x6B75, 0x6B75, 0x6B75,
  0x6B75, 0x6B75, 0x6B75, 0x6B75, 0x6B75, 0x6B75, 0x6B75, 0x6B75, 0x6B75, 0x6B75, 0x6B75, 0x6B75,
  0x6B75, 0x6B75, 0x6B75, 0x6B75, 0x6B75, 0x6B75, 0x6B75, 0x6B75, 0x6B75, 0x212A, 0x212A, 0x212A,
  0x212A, 0x212A, 0x212A, 0x212A, 0x4A4A, 0xFFFF, 0xFFFF, 0xFFFF, 0xFFFF, 0xFFFF, 0xFFFF, 0xFFFF,
  0xFFFF, 0xFFFF, 0xFFFF, 0xFFFF, 0xFFFF, 0xFFFF, 0xFFFF, 0xFFFF, 0xFFFF, 0xFFFF, 0xFFFF, 0xFFFF,
  0xFFFF, 0xFFFF, 0xFFFF, 0xFFFF, 0xFFFF, 0xFFFF, 0xFFFF, 0xFFFF, 0xFFFF, 0xFFFF, 0xFFFF, 0xFFFF,
  0xFFFF, 0xFFFF, 0xFFFF, 0xFFFF, 0xFFFF, 0xFFFF, 0xFFFF, 0xFFFF, 0xFFFF, 0xFFFF, 0xFFFF, 0xFFFF,
  0xFFFF, 0xFFFF, 0xFFFF, 0xFFFF, 0xFFFF, 0xFFFF, 0xFFFF, 0xFFFF, 0xFFFF, 0xFFFF, 0xFFFF, 0xFFFF,
  0xFFFF, 0xFFFF, 0xFFFF, 0xFFFF, 0xFFFF, 0xFFFF, 0xDEDF, 0x212A, 0x212A, 0x212A, 0x212A, 0x212A,
  0x4A4A, 0x6B75, 0x6B75, 0x6B75, 0x6B75, 0x6B75, 0x6B75, 0x6B75, 0x6B75, 0x6B75, 0x6B75, 0x6B75,
  0x6B75, 0x6B75, 0x6B75, 0x6B75, 0x6B75, 0x6B75, 0x6B75, 0x6B75, 0x6B75, 0x6B75, 0x6B75, 0x6B75,
  0x6B75, 0x6B75, 0x6B75, 0x6B75, 0x6B75, 0x6B75, 0x6B75, 0x6B75, 0x6B75, 0x6B75, 0x6B75, 0x6B75,
  0x6B75, 0x6B75, 0x6B75, 0x6B75, 0x6B75, 0x6B75, 0x6B75, 0x6B75, 0x6B75, 0x6B75, 0x6B75, 0x6B75,
  0x6B75, 0x6B75, 0x6B75, 0x6B75, 0x6B75, 0x6B75, 0x6B75, 0x6B75, 0x6B75, 0x6B75, 0x6B75, 0x6B75,
  0x6B75, 0x6B75, 0x6B75, 0x6B75, 0x6B75, 0x6B75, 0x6B75, 0x6B75, 0x6B75, 0x6B75, 0x6B75, 0x6B75,
  0x6B75, 0x6B75, 0x6B75, 0x6B75, 0x6B75, 0x6B75, 0x6B75, 0x6B75, 0x6B75, 0x6B75, 0x6B75, 0x6B75,
  0x6B75, 0x6B75, 0x6B75, 0x6B75, 0x6B75, 0x6B75, 0x6B75, 0x6B75, 0x6B75, 0x6B75, 0x6B75, 0x6B75,
  0x6B75, 0x6B75, 0x6B75, 0x6B75, 0x6B75, 0x6B75, 0x6B75, 0x6B75, 0x6B75, 0x6B75, 0x6B75, 0x6B75,
  0x6B75, 0x6B75, 0x6B75, 0x6B75, 0x6B75, 0x6B75, 0x6B75, 0x6B75, 0x6B75, 0x6B75, 0x6B75, 0x6B75,
  0x6B75, 0x6B75, 0x6B75, 0x6B75, 0x6B75, 0x6B75, 0x6B75, 0x6B75, 0x6B75, 0x6B75, 0x6B75, 0x6B75,
  0x6B75, 0x6B75, 0x6B75, 0x6B75, 0x6B75, 0x6B75, 0x6B75, 0x6B75, 0x6B75, 0x6B75, 0x6B75, 0x6B75,
  0x6B75, 0x6B75, 0x6B75, 0x6B75, 0x6B75, 0x6B75, 0x6B75, 0x6B75, 0x6B75, 0x6B75, 0x6B75, 0x6B75,
  0x6B75, 0x6B75, 0x6B75, 0x6B75, 0x6B75, 0x6B75, 0x6B75, 0x6B75, 0x6B75, 0x6B75, 0x212A, 0x212A,
  0x212A, 0x212A, 0x212A, 0x212A, 0x212A, 0x4A4A, 0xFFFF, 0xFFFF, 0xFFFF, 0xFFFF, 0xFFFF, 0xFFFF,
  0xFFFF, 0xFFFF, 0xFFFF, 0xFFFF, 0xFFFF, 0xFFFF, 0xFFFF, 0xFFFF, 0xFFFF, 0xFFFF, 0xFFFF, 0xFFFF,
  0xFFFF, 0xFFFF, 0xFFFF, 0xFFFF, 0xFFFF, 0xFFFF, 0xFFFF, 0xFFFF, 0xFFFF, 0xFFFF, 0xFFFF, 0xFFFF,
  0xFFFF, 0xFFFF, 0xFFFF, 0xFFFF, 0xFFFF, 0xFFFF, 0xFFFF, 0xFFFF, 0xFFFF, 0xFFFF, 0xFFFF, 0xFFFF,
  0xFFFF, 0xFFFF, 0xFFFF, 0xFFFF, 0xFFFF, 0xFFFF, 0xFFFF, 0xFFFF, 0xFFFF, 0xFFFF, 0xFFFF, 0xFFFF,
  0xFFFF, 0xFFFF, 0xFFFF, 0xFFFF, 0xFFFF, 0xFFFF, 0x212A, 0x212A, 0x212A, 0x212A, 0x212A, 0x212A,
  0x6B75, 0x6B75, 0x6B75, 0x6B75, 0x6B75, 0x6B75, 0x6B75, 0x6B75, 0x6B75, 0x6B75, 0x6B75, 0x6B75,
  0x6B75, 0x6B75, 0x6B75, 0x6B75, 0x6B75, 0x6B75, 0x6B75, 0x6B75, 0x6B75, 0x6B75, 0x6B75, 0x6B75,
  0x6B75, 0x6B75, 0x6B75, 0x6B75, 0x6B75, 0x6B75, 0x6B75, 0x6B75, 0x6B75, 0x6B75, 0x6B75, 0x6B75,
  0x6B75, 0x6B75, 0x6B75, 0x6B75, 0x6B75, 0x6B75, 0x6B75, 0x6B75, 0x6B75, 0x6B75, 0x6B75, 0x6B75,
  0x6B75, 0x6B75, 0x6B75, 0x6B75, 0x6B75, 0x6B75, 0x6B75, 0x6B75, 0x6B75, 0x6B75, 0x6B75, 0x6B75,
  0x6B75, 0x6B75, 0x6B75, 0x6B75, 0x6B75, 0x6B75, 0x6B75, 0x6B75, 0x6B75, 0x6B75, 0x6B75, 0x6B75,
  0x6B75, 0x6B75, 0x6B75, 0x6B75, 0x6B75, 0x6B75, 0x6B75, 0x6B75, 0x6B75, 0x6B75, 0x6B75, 0x6B75,
  0x6B75, 0x6B75, 0x6B75, 0x6B75, 0x6B75, 0x6B75, 0x6B75, 0x6B75, 0x6B75, 0x6B75, 0x6B75, 0x6B75,
  0x6B75, 0x6B75, 0x6B75, 0x6B75, 0x6B75, 0x6B75, 0x6B75, 0x6B75, 0x6B75, 0x6B75, 0x6B75, 0x6B75,
  0x6B75, 0x6B75, 0x6B75, 0x6B75, 0x6B75, 0x6B75, 0x6B75, 0x6B75, 0x6B75, 0x6B75, 0x6B75, 0x6B75,
  0x6B75, 0x6B75, 0x6B75, 0x6B75, 0x6B75, 0x6B75, 0x6B75, 0x6B75, 0x6B75, 0x6B75, 0x6B75, 0x6B75,
  0x6B75, 0x6B75, 0x6B75, 0x6B75, 0x6B75, 0x6B75, 0x6B75, 0x6B75, 0x6B75, 0x6B75, 0x6B75, 0x6B75,
  0x6B75, 0x6B75, 0x6B75, 0x6B75, 0x6B75, 0x6B75, 0x6B75, 0x6B75, 0x6B75, 0x6B75, 0x6B75, 0x6B75,
  0x6B75, 0x6B75, 0x6B75, 0x6B75, 0x6B75, 0x6B75, 0x6B75, 0x6B75, 0x6B75, 0x6B75, 0x6B75, 0x212A,
  0x212A, 0x212A, 0x212A, 0x212A, 0x212A, 0x212A, 0xB5BF, 0xFFFF, 0xFFFF, 0xFFFF, 0xFFFF, 0xFFFF,
  0xFFFF, 0xFFFF, 0xFFFF, 0xFFFF, 0xFFFF, 0xFFFF, 0xFFFF, 0xFFFF, 0xFFFF, 0xFFFF, 0xFFFF, 0xFFFF,
  0xFFFF, 0xFFFF, 0xFFFF, 0xFFFF, 0xFFFF, 0xFFFF, 0xFFFF, 0xFFFF, 0xFFFF, 0xFFFF, 0xFFFF, 0xFFFF,
  0xFFFF, 0xFFFF, 0xFFFF, 0xFFFF, 0xFFFF, 0xFFFF, 0xFFFF, 0xFFFF, 0xFFFF, 0xFFFF, 0xFFFF, 0xFFFF,
  0xFFFF, 0xFFFF, 0xFFFF, 0xFFFF, 0xFFFF, 0xFFFF, 0xFFFF, 0xFFFF, 0xFFFF, 0xFFFF, 0xFFFF, 0xFFFF,
  0xFFFF, 0xFFFF, 0xFFFF, 0xFFFF, 0xFFFF, 0x2120, 0x212A, 0x212A, 0x212A, 0x212A, 0x212A, 0x6B75,
  0x6B75, 0x6B75, 0x6B75, 0x6B75, 0x6B75, 0x6B75, 0x6B75, 0x6B75, 0x6B75, 0x6B75, 0x6B75, 0x6B75,
  0x6B75, 0x6B75, 0x6B75, 0x6B75, 0x6B75, 0x6B75, 0x6B75, 0x6B75, 0x6B75, 0x6B75, 0x6B75, 0x6B75,
  0x6B75, 0x6B75, 0x6B75, 0x6B75, 0x6B75, 0x6B75, 0x6B75, 0x6B75, 0x6B75, 0x6B75, 0x6B75, 0x6B75,
  0x6B75, 0x6B75, 0x6B75, 0x6B75, 0x6B75, 0x6B75, 0x6B75, 0x6B75, 0x6B75, 0x6B75, 0x6B75, 0x6B75,
  0x6B75, 0x6B75, 0x6B75, 0x6B75, 0x6B75, 0x6B75, 0x6B75, 0x6B75, 0x6B75, 0x6B75, 0x6B75, 0x6B75,
  0x6B75, 0x6B75, 0x6B75, 0x6B75, 0x6B75, 0x6B75, 0x6B75, 0x6B75, 0x6B75, 0x6B75, 0x6B75, 0x6B75,
  0x6B75, 0x6B75, 0x6B75, 0x6B75, 0x6B75, 0x6B75, 0x6B75, 0x6B75, 0x6B75, 0x6B75, 0x6B75, 0x6B75,
  0x6B75, 0x6B75, 0x6B75, 0x6B75, 0x6B75, 0x6B75, 0x6B75, 0x6B75, 0x6B75, 0x6B75, 0x6B75, 0x6B75,
  0x6B75, 0x6B75, 0x6B75, 0x6B75, 0x6B75, 0x6B75, 0x6B75, 0x6B75, 0x6B75, 0x6B75, 0x6B75, 0x6B75,
  0x6B75, 0x6B75, 0x6B75, 0x6B75, 0x6B75, 0x6B75, 0x6B75, 0x6B75, 0x6B75, 0x6B75, 0x6B75, 0x6B75,
  0x6B75, 0x6B75, 0x6B75, 0x6B75, 0x6B75, 0x6B75, 0x6B75, 0x6B75, 0x6B75, 0x6B75, 0x6B75, 0x6B75,
  0x6B75, 0x6B75, 0x6B75, 0x6B75, 0x6B75, 0x6B75, 0x6B75, 0x6B75, 0x6B75, 0x6B75, 0x6B75, 0x6B75,
  0x6B75, 0x6B75, 0x6B75, 0x6B75, 0x6B75, 0x6B75, 0x6B75, 0x6B75, 0x6B75, 0x6B75, 0x6B75, 0x6B75,
  0x6B75, 0x6B75, 0x6B75, 0x6B75, 0x6B75, 0x6B75, 0x6B75, 0x6B75, 0x6B75, 0x6B75, 0x6B75, 0x6B75,
  0x212A, 0x212A, 0x212A, 0x212A, 0x212A, 0x212A, 0x212A, 0xB5B5, 0xFFFF, 0xFFFF, 0xFFFF, 0xFFFF,
  0xFFFF, 0xFFFF, 0xFFFF, 0xFFFF, 0xFFFF, 0xFFFF, 0xFFFF, 0xFFFF, 0xFFFF, 0xFFFF, 0xFFFF, 0xFFFF,
  0xFFFF, 0xFFFF, 0xFFFF, 0xFFFF, 0xFFFF, 0xFFFF, 0xFFFF, 0xFFFF, 0xFFFF, 0xFFFF, 0xFFFF, 0xFFFF,
  0xFFFF, 0xFFFF, 0xFFFF, 0xFFFF, 0xFFFF, 0xFFFF, 0xFFFF, 0xFFFF, 0xFFFF, 0xFFFF, 0xFFFF, 0xFFFF,
  0xFFFF, 0xFFFF, 0xFFFF, 0xFFFF, 0xFFFF, 0xFFFF, 0xFFFF, 0xFFFF, 0xFFFF, 0xFFFF, 0xFFFF, 0xFFFF,
  0xFFFF, 0xFFFF, 0xFFFF, 0xFFFF, 0x212A, 0x212A, 0x212A, 0x212A, 0x212A, 0x212A, 0x6B75, 0x6B75,
  0x6B75, 0x6B75, 0x6B75, 0x6B75, 0x6B75, 0x6B75, 0x6B75, 0x6B75, 0x6B75, 0x6B75, 0x6B75, 0x6B75,
  0x6B75, 0x6B75, 0x6B75, 0x6B75, 0x6B75, 0x6B75, 0x6B75, 0x6B75, 0x6B75, 0x6B75, 0x6B75, 0x6B75,
  0x6B75, 0x6B75, 0x6B75, 0x6B75, 0x6B75, 0x6B75, 0x6B75, 0x6B75, 0x6B75, 0x6B75, 0x6B75, 0x6B75,
  0x6B75, 0x6B75, 0x6B75, 0x6B75, 0x6B75, 0x6B75, 0x6B75, 0x6B75, 0x6B75, 0x6A4A, 0x4A4A, 0x212A,
  0x212A, 0x212A, 0x212A, 0x212A, 0x212A, 0x4A4A, 0x212A, 0x212A, 0x212A, 0x212A, 0x4A4A, 0x4A4A,
  0x6B75, 0x4A4A, 0x4A4A, 0x6B75, 0x6B75, 0x6B75, 0x6B75, 0x6B75, 0x6B75, 0x6B75, 0x6B75, 0x6B75,
  0x6B75, 0x6B75, 0x6B75, 0x6B75, 0x6B75, 0x6B75, 0x6B75, 0x6B75, 0x6B75, 0x6B75, 0x6B75, 0x6B75,
  0x6B75, 0x6B75, 0x6B75, 0x6B75, 0x6B75, 0x6B75, 0x6B75, 0x6B75, 0x6B75, 0x6B75, 0x6B75, 0x6B75,
  0x6B75, 0x6B75, 0x6B75, 0x6B75, 0x6B75, 0x6B75, 0x6B75, 0x6B75, 0x6B75, 0x6B75, 0x6B75, 0x6B75,
  0x6B75, 0x6B75, 0x6B75, 0x6B75, 0x6B75, 0x6B75, 0x6B75, 0x6B75, 0x6B75, 0x6B75, 0x6B75, 0x6B75,
  0x6B75, 0x6B75, 0x6B75, 0x6B75, 0x6B75, 0x6B75, 0x6B75, 0x6B75, 0x6B75, 0x6B75, 0x6B75, 0x6B75,
  0x6B75, 0x6B75, 0x6B75, 0x6B75, 0x6B75, 0x6B75, 0x6B75, 0x6B75, 0x6B75, 0x6B75, 0x6B75, 0x6B75,
  0x6B75, 0x6B75, 0x6B75, 0x6B75, 0x6B75, 0x6B75, 0x6B75, 0x6B75, 0x6B75, 0x6B75, 0x6B75, 0x6B75,
  0x6B75, 0x6B75, 0x6B75, 0x6B75, 0x6B75, 0x6B75, 0x6B75, 0x6B75, 0x6B75, 0x6B75, 0x6B75, 0x6B75,
  0x4A4A, 0x212A, 0x212A, 0x212A, 0x212A, 0x212A, 0x212A, 0x2000, 0xFFFF, 0xFFFF, 0xFFFF, 0xFFFF,
  0xFFFF, 0xFFFF, 0xFFFF, 0xFFFF, 0xFFFF, 0xFFFF, 0xFFFF, 0xFFFF, 0xFFFF, 0xFFFF, 0xFFFF, 0xFFFF,
  0xFFFF, 0xFFFF, 0xFFFF, 0xFFFF, 0xFFFF, 0xFFFF, 0xFFFF, 0xFFFF, 0xFFFF, 0xFFFF, 0xFFFF, 0xFFFF,
  0xFFFF, 0xFFFF, 0xFFFF, 0xFFFF, 0xFFFF, 0xFFFF, 0xFFFF, 0xFFFF, 0xFFFF, 0xFFFF, 0xFFFF, 0xFFFF,
  0xFFFF, 0xFFFF, 0xFFFF, 0xFFFF, 0xFFFF, 0xFFFF, 0xFFFF, 0xFFFF, 0xFFFF, 0xFFFF, 0xFFFF, 0xFFFF,
  0xFFFF, 0xFFFF, 0xFFFF, 0xDEDF, 0x212A, 0x212A, 0x212A, 0x212A, 0x212A, 0x6B75, 0x6B75, 0x6B75,
  0x6B75, 0x6B75, 0x6B75, 0x6B75, 0x6B75, 0x6B75, 0x6B75, 0x6B75, 0x6B75, 0x6B75, 0x6B75, 0x6B75,
  0x6B75, 0x6B75, 0x6B75, 0x6B75, 0x6B75, 0x6B75, 0x6B75, 0x6B75, 0x6B75, 0x6B75, 0x6B75, 0x6B75,
  0x6B75, 0x6B75, 0x6B75, 0x6B75, 0x6B75, 0x6B75, 0x6B75, 0x6B75, 0x6B75, 0x6B75, 0x6B75, 0x6B75,
  0x6B75, 0x6B75, 0x4A4A, 0x212A, 0x212A, 0x212A, 0x212A, 0x212A, 0x212A, 0x212A, 0x212A, 0x212A,
  0x212A, 0x212A, 0x212A, 0x212A, 0x212A, 0x212A, 0x212A, 0x212A, 0x212A, 0x212A, 0x212A, 0x212A,
  0x212A, 0x212A, 0x212A, 0x212A, 0x212A, 0x212A, 0x212A, 0x212A, 0x212A, 0x200A, 0x212A, 0x212A,
  0x212A, 0x212A, 0x6B75, 0x4A4A, 0x6B75, 0x6B75, 0x6B75, 0x6B75, 0x6B75, 0x6B75, 0x6B75, 0x6B75,
  0x6B75, 0x6B75, 0x6B75, 0x6B75, 0x6B75, 0x6B75, 0x6B75, 0x6B75, 0x6B75, 0x6B75, 0x6B75, 0x6B75,
  0x6B75, 0x6B75, 0x6B75, 0x6B75, 0x6B75, 0x6B75, 0x6B75, 0x6B75, 0x6B75, 0x6B75, 0x6B75, 0x6B75,
  0x6B75, 0x6B75, 0x6B75, 0x6B75, 0x6B75, 0x6B75, 0x6B75, 0x6B75, 0x6B75, 0x6B75, 0x6B75, 0x6B75,
  0x6B75, 0x6B75, 0x6B75, 0x6B75, 0x6B75, 0x6B75, 0x6B75, 0x6B75, 0x6B75, 0x6B75, 0x6B75, 0x6B75,
  0x6B75, 0x6B75, 0x6B75, 0x6B75, 0x6B75, 0x6B75, 0x6B75, 0x6B75, 0x6B75, 0x6B75, 0x6B75, 0x6B75,
  0x6B75, 0x6B75, 0x6B75, 0x6B75, 0x6B75, 0x6B75, 0x6B75, 0x6B75, 0x6B75, 0x6B75, 0x6B75, 0x6B75,
  0x6B75, 0x6B75, 0x6B75, 0x6B75, 0x6B75, 0x6B75, 0x6B75, 0x6B75, 0x6B75, 0x6B75, 0x6B75, 0x6B75,
  0x6B75, 0x6B75, 0x212A, 0x212A, 0x212A, 0x212A, 0x212A, 0x212A, 0x0000, 0xFFFF, 0xFFFF, 0xFFFF,
  0xFFFF, 0xFFFF, 0xFFFF, 0xFFFF, 0xFFFF, 0xFFFF, 0xFFFF, 0xFFFF, 0xFFFF, 0xFFFF, 0xFFFF, 0xFFFF,
  0xFFFF, 0xFFFF, 0xFFFF, 0xFFFF, 0xFFFF, 0xFFFF, 0xFFFF, 0xFFFF, 0xFFFF, 0xFFFF, 0xFFFF, 0xFFFF,
  0xFFFF, 0xFFFF, 0xFFFF, 0xFFFF, 0xFFFF, 0xFFFF, 0xFFFF, 0xFFFF, 0xFFFF, 0xFFFF, 0xFFFF, 0xFFFF,
  0xFFFF, 0xFFFF, 0xFFFF, 0xFFFF, 0xFFFF, 0xFFFF, 0xFFFF, 0xFFFF, 0xFFFF, 0xFFFF, 0xFFFF, 0xFFFF,
  0xFFFF, 0xFFFF, 0xFFFF, 0x212A, 0x212A, 0x212A, 0x212A, 0x212A, 0x6B75, 0x6B75, 0x6B75, 0x6B75,
  0x6B75, 0x6B75, 0x6B75, 0x6B75, 0x6B75, 0x6B75, 0x6B75, 0x6B75, 0x6B75, 0x6B75, 0x6B75, 0x6B75,
  0x6B75, 0x6B75, 0x6B75, 0x6B75, 0x6B75, 0x6B75, 0x6B75, 0x6B75, 0x6B75, 0x6B75, 0x6B75, 0x6B75,
  0x6B75, 0x6B75, 0x6B75, 0x6B75, 0x6B75, 0x6B75, 0x6B75, 0x6B75, 0x6B75, 0x6B75, 0x6B75, 0x6B75,
  0x4A4A, 0x212A, 0x000A, 0x212A, 0x212A, 0x212A, 0x212A, 0x212A, 0x212A, 0x212A, 0x212A, 0x212A,
  0x212A, 0x212A, 0x212A, 0x212A, 0x212A, 0x212A, 0x212A, 0x212A, 0x212A, 0x212A, 0x212A, 0x212A,
  0x212A, 0x212A, 0x212A, 0x212A, 0x212A, 0x212A, 0x212A, 0x212A, 0x212A, 0x212A, 0x212A, 0x212A,
  0x212A, 0x212A, 0x212A, 0x212A, 0x212A, 0x212A, 0x212A, 0x212A, 0x6B75, 0x4A4A, 0x6B75, 0x6B75,
  0x6B75, 0x6B75, 0x6B75, 0x6B75, 0x6B75, 0x6B75, 0x6B75, 0x6B75, 0x6B75, 0x6B75, 0x6B75, 0x6B75,
  0x6B75, 0x6B75, 0x6B75, 0x6B75, 0x6B75, 0x6B75, 0x6B75, 0x6B75, 0x6B75, 0x6B75, 0x6B75, 0x6B75,
  0x6B75, 0x6B75, 0x6B75, 0x6B75, 0x6B75, 0x6B75, 0x6B75, 0x6B75, 0x6B75, 0x6B75, 0x6B75, 0x6B75,
  0x6B75, 0x6B75, 0x6B75, 0x6B75, 0x6B75, 0x6B75, 0x6B75, 0x6B75, 0x6B75, 0x6B75, 0x6B75, 0x6B75,
  0x6B75, 0x6B75, 0x6B75, 0x6B75, 0x6B75, 0x6B75, 0x6B75, 0x6B75, 0x6B75, 0x6B75, 0x6B75, 0x6B75,
  0x6B75, 0x6B75, 0x6B75, 0x6B75, 0x6B75, 0x6B75, 0x6B75, 0x6B75, 0x6B75, 0x6B75, 0x6B75, 0x6B75,
  0x6B75, 0x6B75, 0x6B75, 0x6B75, 0x6B75, 0x6B75, 0x6B75, 0x6B75, 0x6B75, 0x6B75, 0x6B75, 0x6B75,
  0x6B75, 0x6B75, 0x6B75, 0x212A, 0x212A, 0x212A, 0x212A, 0x212A, 0x212A, 0x4A4A, 0xFFFF, 0xFFFF,
  0xFFFF, 0xFFFF, 0xFFFF, 0xFFFF, 0xFFFF, 0xFFFF, 0xFFFF, 0xFFFF, 0xFFFF, 0xFFFF, 0xFFFF, 0xFFFF,
  0xFFFF, 0xFFFF, 0xFFFF, 0xFFFF, 0xFFFF, 0xFFFF, 0xFFFF, 0xFFFF, 0xFFFF, 0xFFFF, 0xFFFF, 0xFFFF,
  0xFFFF, 0xFFFF, 0xFFFF, 0xFFFF, 0xFFFF, 0xFFFF, 0xFFFF, 0xFFFF, 0xFFFF, 0xFFFF, 0xFFFF, 0xFFFF,
  0xFFFF, 0xFFFF, 0xFFFF, 0xFFFF, 0xFFFF, 0xFFFF, 0xFFFF, 0xFFFF, 0xFFFF, 0xFFFF, 0xFFFF, 0xFFFF,
  0xFFFF, 0xFFFF, 0x212A, 0x212A, 0x212A, 0x212A, 0x212A, 0x6B75, 0x6B75, 0x6B75, 0x6B75, 0x6B75,
  0x6B75, 0x6B75, 0x6B75, 0x6B75, 0x6B75, 0x6B75, 0x6B75, 0x6B75, 0x6B75, 0x6B75, 0x6B75, 0x6B75,
  0x6B75, 0x6B75, 0x6B75, 0x6B75, 0x6B75, 0x6B75, 0x6B75, 0x6B75, 0x6B75, 0x6B75, 0x6B75, 0x6B75,
  0x6B75, 0x6B75, 0x6B75, 0x6B75, 0x6B75, 0x6B75, 0x6B75, 0x6B75, 0x6B75, 0x6B75, 0x4A4A, 0x212A,
  0x212A, 0x212A, 0x212A, 0x212A, 0x212A, 0x212A, 0x212A, 0x212A, 0x212A, 0x212A, 0x212A, 0x212A,
  0x212A, 0x212A, 0x212A, 0x212A, 0x012A, 0x012A, 0x212A, 0x212A, 0x212A, 0x212A, 0x212A, 0x212A,
  0x212A, 0x212A, 0x212A, 0x212A, 0x212A, 0x212A, 0x212A, 0x212A, 0x212A, 0x212A, 0x212A, 0x212A,
  0x212A, 0x212A, 0x212A, 0x212A, 0x212A, 0x212A, 0x212A, 0x212A, 0x212A, 0x212A, 0x212A, 0x212A,
  0x212A, 0x212A, 0x212A, 0x000A, 0x4A4A, 0x212A, 0x4A4A, 0x6B75, 0x6B75, 0x6B75, 0x6B75, 0x6B75,
  0x6B75, 0x6B75, 0x6B75, 0x6B75, 0x6B75, 0x6B75, 0x6B75, 0x6B75, 0x6B75, 0x6B75, 0x6B75, 0x6B75,
  0x6B75, 0x6B75, 0x6B75, 0x6B75, 0x6B75, 0x6B75, 0x6B75, 0x6B75, 0x6B75, 0x6B75, 0x6B75, 0x6B75,
  0x6B75, 0x6B75, 0x6B75, 0x6B75, 0x6B75, 0x6B75, 0x6B75, 0x6B75, 0x6B75, 0x6B75, 0x6B75, 0x6B75,
  0x6B75, 0x6B75, 0x6B75, 0x6B75, 0x6B75, 0x6B75, 0x6B75, 0x6B75, 0x6B75, 0x6B75, 0x6B75, 0x6B75,
  0x6B75, 0x6B75, 0x6B75, 0x6B75, 0x6B75, 0x6B75, 0x6B75, 0x6B75, 0x6B75, 0x6B75, 0x6B75, 0x6B75,
  0x6B75, 0x6B75, 0x6B75, 0x6B75, 0x6B75, 0x6B75, 0x6B75, 0x6B75, 0x6B75, 0x6B75, 0x6B75, 0x6B75,
  0x6B75, 0x6B75, 0x6B75, 0x212A, 0x212A, 0x212A, 0x212A, 0x212A, 0x212A, 0x212A, 0x212A, 0xFFFF,
  0xFFFF, 0xFFFF, 0xFFFF, 0xFFFF, 0xFFFF, 0xFFFF, 0xFFFF, 0xFFFF, 0xFFFF, 0xFFFF, 0xFFFF, 0xFFFF,
  0xFFFF, 0xFFFF, 0xFFFF, 0xFFFF, 0xFFFF, 0xFFFF, 0xFFFF, 0xFFFF, 0xFFFF, 0xFFFF, 0xFFFF, 0xFFFF,
  0xFFFF, 0xFFFF, 0xFFFF, 0xFFFF, 0xFFFF, 0xFFFF, 0xFFFF, 0xFFFF, 0xFFFF, 0xFFFF, 0xFFFF, 0xFFFF,
  0xFFFF, 0xFFFF, 0xFFFF, 0xFFFF, 0xFFFF, 0xFFFF, 0xFFFF, 0xFFFF, 0xFFFF, 0xFFFF, 0xFFFF, 0xFFFF,
  0xFFFF, 0x6B75, 0x212A, 0x212A, 0x212A, 0x212A, 0x6B75, 0x6B75, 0x6B75, 0x6B75, 0x6B75, 0x6B75,
  0x6B75, 0x6B75, 0x6B75, 0x6B75, 0x6B75, 0x6B75, 0x6B75, 0x6B75, 0x6B75, 0x6B75, 0x6B75, 0x6B75,
  0x6B75, 0x6B75, 0x6B75, 0x6B75, 0x6B75, 0x6B75, 0x6B75, 0x6B75, 0x6B75, 0x6B75, 0x6B75, 0x6B75,
  0x6B75, 0x6B75, 0x6B75, 0x6B75, 0x6B75, 0x6B75, 0x6B75, 0x6B75, 0x212A, 0x212A, 0x212A, 0x212A,
  0x212A, 0x212A, 0x212A, 0x212A, 0x212A, 0x200A, 0x212A, 0x6B75, 0x9495, 0x4A55, 0x9495, 0x6B75,
  0x949F, 0x9495, 0x9495, 0x9495, 0x949F, 0x9495, 0x9495, 0x9495, 0x9495, 0x6B75, 0x6B75, 0x4A4A,
  0x212A, 0x4A4A, 0x4A4A, 0x000A, 0x212A, 0x200A, 0x212A, 0x212A, 0x212A, 0x212A, 0x212A, 0x212A,
  0x212A, 0x212A, 0x212A, 0x212A, 0x212A, 0x212A, 0x212A, 0x212A, 0x212A, 0x212A, 0x212A, 0x212A,
  0x212A, 0x212A, 0x212A, 0x212A, 0x212A, 0x212A, 0x212A, 0x212A, 0x212A, 0x212A, 0x212A, 0x4A4A,
  0x6B75, 0x6B75, 0x6B75, 0x6B75, 0x6B75, 0x6B75, 0x6B75, 0x6B75, 0x6B75, 0x6B75, 0x6B75, 0x6B75,
  0x6B75, 0x6B75, 0x6B75, 0x6B75, 0x6B75, 0x6B75, 0x6B75, 0x6B75, 0x6B75, 0x6B75, 0x6B75, 0x6B75,
  0x6B75, 0x6B75, 0x6B75, 0x6B75, 0x6B75, 0x6B75, 0x6B75, 0x6B75, 0x6B75, 0x6B75, 0x6B75, 0x6B75,
  0x6B75, 0x6B75, 0x6B75, 0x6B75, 0x6B75, 0x6B75, 0x6B75, 0x6B75, 0x6B75, 0x6B75, 0x6B75, 0x6B75,
  0x6B75, 0x6B75, 0x6B75, 0x6B75, 0x6B75, 0x6B75, 0x6B75, 0x6B75, 0x6B75, 0x6B75, 0x6B75, 0x6B75,
  0x6B75, 0x6B75, 0x6B75, 0x6B75, 0x6B75, 0x6B75, 0x6B75, 0x6B75, 0x6B75, 0x6B75, 0x6B75, 0x6B75,
  0x6B75, 0x6B75, 0x6B75, 0x9495, 0x212A, 0x212A, 0x212A, 0x212A, 0x212A, 0x212A, 0x212A, 0xDEDF,
  0xFFFF, 0xFFFF, 0xFFFF, 0xFFFF, 0xFFFF, 0xFFFF, 0xFFFF, 0xFFFF, 0xFFFF, 0xFFFF, 0xFFFF, 0xFFFF,
  0xFFFF, 0xFFFF, 0xFFFF, 0xFFFF, 0xFFFF, 0xFFFF, 0xFFFF, 0xFFFF, 0xFFFF, 0xFFFF, 0xFFFF, 0xFFFF,
  0xFFFF, 0xFFFF, 0xFFFF, 0xFFFF, 0xFFFF, 0xFFFF, 0xFFFF, 0xFFFF, 0xFFFF, 0xFFFF, 0xFFFF, 0xFFFF,
  0xFFFF, 0xFFFF, 0xFFFF, 0xFFFF, 0xFFFF, 0xFFFF, 0xFFFF, 0xFFFF, 0xFFFF, 0xFFFF, 0xFFFF, 0xFFFF,
  0xFFFF, 0x212A, 0x212A, 0x212A, 0x212A, 0x212A, 0x6B75, 0x6B75, 0x6B75, 0x6B75, 0x6B75, 0x6B75,
  0x6B75, 0x6B75, 0x6B75, 0x6B75, 0x6B75, 0x6B75, 0x6B75, 0x6B75, 0x6B75, 0x6B75, 0x6B75, 0x6B75,
  0x6B75, 0x6B75, 0x6B75, 0x6B75, 0x6B75, 0x6B75, 0x6B75, 0x6B75, 0x6B75, 0x6B75, 0x6B75, 0x6B75,
  0x6B75, 0x6B75, 0x6B75, 0x6B75, 0x6B75, 0x6B75, 0x4A4A, 0x212A, 0x212A, 0x212A, 0x212A, 0x200A,
  0x212A, 0x200A, 0x212A, 0x4A55, 0xB5BF, 0xDEDF, 0xDEDF, 0xFFFF, 0xFFFF, 0xDEDF, 0x9495, 0x9495,
  0x949F, 0x949F, 0x949F, 0x949F, 0x949F, 0x949F, 0x949F, 0x949F, 0x949F, 0x949F, 0x949F, 0x949F,
  0x949F, 0x949F, 0x949F, 0x949F, 0x949F, 0x95BF, 0x949F, 0x9495, 0x4A55, 0x4A4A, 0x212A, 0x212A,
  0x200A, 0x212A, 0x000A, 0x212A, 0x212A, 0x212A, 0x212A, 0x212A, 0x212A, 0x212A, 0x212A, 0x212A,
  0x212A, 0x212A, 0x212A, 0x212A, 0x212A, 0x212A, 0x212A, 0x212A, 0x212A, 0x212A, 0x212A, 0x212A,
  0x212A, 0x212A, 0x212A, 0x6B75, 0x6B75, 0x6B75, 0x6B75, 0x6B75, 0x6B75, 0x6B75, 0x6B75, 0x6B75,
  0x6B75, 0x6B75, 0x6B75, 0x6B75, 0x6B75, 0x6B75, 0x6B75, 0x6B75, 0x6B75, 0x6B75, 0x6B75, 0x6B75,
  0x6B75, 0x6B75, 0x6B75, 0x6B75, 0x6B75, 0x6B75, 0x6B75, 0x6B75, 0x6B75, 0x6B75, 0x6B75, 0x6B75,
  0x6B75, 0x6B75, 0x6B75, 0x6B75, 0x6B75, 0x6B75, 0x6B75, 0x6B75, 0x6B75, 0x6B75, 0x6B75, 0x6B75,
  0x6B75, 0x6B75, 0x6B75, 0x6B75, 0x6B75, 0x6B75, 0x6B75, 0x6B75, 0x6B75, 0x6B75, 0x6B75, 0x6B75,
  0x6B75, 0x6B75, 0x6B75, 0x6B75, 0x6B75, 0x6B75, 0x6B75, 0x6B75, 0x6B75, 0x6B75, 0x6B75, 0x6B75,
  0x6B75, 0x6B75, 0x6B75, 0x6B75, 0x6B75, 0x212A, 0x212A, 0x212A, 0x212A, 0x212A, 0x212A, 0x212A,
  0xDEDF, 0xFFFF, 0xFFFF, 0xFFFF, 0xFFFF, 0xFFFF, 0xFFFF, 0xFFFF, 0xFFFF, 0xFFFF, 0xFFFF, 0xFFFF,
  0xFFFF, 0xFFFF, 0xFFFF, 0xFFFF, 0xFFFF, 0xFFFF, 0xFFFF, 0xFFFF, 0xFFFF, 0xFFFF, 0xFFFF, 0xFFFF,
  0xFFFF, 0xFFFF, 0xFFFF, 0xFFFF, 0xFFFF, 0xFFFF, 0xFFFF, 0xFFFF, 0xFFFF, 0xFFFF, 0xFFFF, 0xFFFF,
  0xFFFF, 0xFFFF, 0xFFFF, 0xFFFF, 0xFFFF, 0xFFFF, 0xFFFF, 0xFFFF, 0xFFFF, 0xFFFF, 0xFFFF, 0xFFFF,
  0xB5B5, 0x212A, 0x212A, 0x212A, 0x212A, 0x6B75, 0x6B75, 0x6B75, 0x6B75, 0x6B75, 0x6B75, 0x6B75,
  0x6B75, 0x6B75, 0x6B75, 0x6B75, 0x6B75, 0x6B75, 0x6B75, 0x6B75, 0x6B75, 0x6B75, 0x6B75, 0x6B75,
  0x6B75, 0x6B75, 0x6B75, 0x6B75, 0x6B75, 0x6B75, 0x6B75, 0x6B75, 0x6B75, 0x6B75, 0x6B75, 0x6B75,
  0x6B75, 0x6B75, 0x6B75, 0x6B75, 0x6B75, 0x4A4A, 0x212A, 0x212A, 0x212A, 0x212A, 0x212A, 0x6B75,
  0x949F, 0x949F, 0x949F, 0x949F, 0x9495, 0xDEDF, 0xDEDF, 0xDEDF, 0xFFFF, 0xFFFF, 0xFFFF, 0xB5BF,
  0x949F, 0x949F, 0x949F, 0x949F, 0x949F, 0x949F, 0x949F, 0x949F, 0x949F, 0x949F, 0x949F, 0x949F,
  0x949F, 0x949F, 0x949F, 0x949F, 0x949F, 0x949F, 0x949F, 0xB5BF, 0xFFFF, 0xFFFF, 0xDFFF, 0xFFFF,
  0xFFFF, 0xDEDF, 0xFFFF, 0xFFFF, 0xFFFF, 0xB5BF, 0x9495, 0x6B75, 0x212A, 0x212A, 0x000A, 0x200A,
  0x212A, 0x212A, 0x212A, 0x212A, 0x212A, 0x212A, 0x212A, 0x212A, 0x212A, 0x212A, 0x212A, 0x212A,
  0x212A, 0x212A, 0x212A, 0x212A, 0x212A, 0x212A, 0x212A, 0x212A, 0x4A4A, 0x6B75, 0x6B75, 0x6B75,
  0x6B75, 0x6B75, 0x6B75, 0x6B75, 0x6B75, 0x6B75, 0x6B75, 0x6B75, 0x6B75, 0x6B75, 0x6B75, 0x6B75,
  0x6B75, 0x6B75, 0x6B75, 0x6B75, 0x6B75, 0x6B75, 0x6B75, 0x6B75, 0x6B75, 0x6B75, 0x6B75, 0x6B75,
  0x6B75, 0x6B75, 0x6B75, 0x6B75, 0x6B75, 0x6B75, 0x6B75, 0x6B75, 0x6B75, 0x6B75, 0x6B75, 0x6B75,
  0x6B75, 0x6B75, 0x6B75, 0x6B75, 0x6B75, 0x6B75, 0x6B75, 0x6B75, 0x6B75, 0x6B75, 0x6B75, 0x6B75,
  0x6B75, 0x6B75, 0x6B75, 0x6B75, 0x6B75, 0x6B75, 0x6B75, 0x6B75, 0x6B75, 0x6B75, 0x6B75, 0x6B75,
  0x6B75, 0x6B75, 0x6B75, 0x6B75, 0x6B75, 0x6B75, 0x212A, 0x212A, 0x212A, 0x212A, 0x212A, 0x212A,
  0x2120, 0x9495, 0xFFFF, 0xFFFF, 0xFFFF, 0xFFFF, 0xFFFF, 0xFFFF, 0xFFFF, 0xFFFF, 0xFFFF, 0xFFFF,
  0xFFFF, 0xFFFF, 0xFFFF, 0xFFFF, 0xFFFF, 0xFFFF, 0xFFFF, 0xFFFF, 0xFFFF, 0xFFFF, 0xFFFF, 0xFFFF,
  0xFFFF, 0xFFFF, 0xFFFF, 0xFFFF, 0xFFFF, 0xFFFF, 0xFFFF, 0xFFFF, 0xFFFF, 0xFFFF, 0xFFFF, 0xFFFF,
  0xFFFF, 0xFFFF, 0xFFFF, 0xFFFF, 0xFFFF, 0xFFFF, 0xFFFF, 0xFFFF, 0xFFFF, 0xFFFF, 0xFFFF, 0xFFFF,
  0x0000, 0x212A, 0x212A, 0x212A, 0x4A4A, 0x6B75, 0x6B75, 0x6B75, 0x6B75, 0x6B75, 0x6B75, 0x6B75,
  0x6B75, 0x6B75, 0x6B75, 0x6B75, 0x6B75, 0x6B75, 0x6B75, 0x6B75, 0x6B75, 0x6B75, 0x6B75, 0x6B75,
  0x6B75, 0x6B75, 0x6B75, 0x6B75, 0x6B75, 0x6B75, 0x6B75, 0x6B75, 0x6B75, 0x6B75, 0x6B75, 0x6B75,
  0x6B75, 0x6B75, 0x6B75, 0x6B75, 0x4A4A, 0x212A, 0x212A, 0x212A, 0x212A, 0x4A55, 0x949F, 0x949F,
  0x949F, 0x949F, 0x949F, 0x949F, 0x949F, 0x949F, 0xB5BF, 0xFFFF, 0xFFFF, 0xFFFF, 0xFFFF, 0xFFFF,
  0xDEDF, 0x9495, 0x949F, 0x949F, 0x949F, 0x949F, 0x949F, 0x949F, 0x949F, 0x949F, 0x949F, 0x949F,
  0x949F, 0x949F, 0x949F, 0x949F, 0x949F, 0x949F, 0xDEDF, 0xDFFF, 0xDFFF, 0xFFFF, 0xFFFF, 0xFFFF,
  0xFFFF, 0xFFFF, 0xFFFF, 0xDEDF, 0xDEDF, 0x949F, 0x949F, 0x949F, 0xB5BF, 0xB5BF, 0xFFFF, 0xDEDF,
  0xDEDF, 0x9495, 0x212A, 0x212A, 0x000A, 0x212A, 0x212A, 0x212A, 0x212A, 0x212A, 0x212A, 0x212A,
  0x212A, 0x212A, 0x212A, 0x212A, 0x212A, 0x212A, 0x212A, 0x212A, 0x212A, 0x212A, 0x212A, 0x4A4A,
  0x6B6A, 0x6B75, 0x6B75, 0x6B75, 0x6B75, 0x6B75, 0x6B75, 0x6B75, 0x6B75, 0x6B75, 0x6B75, 0x6B75,
  0x6B75, 0x6B75, 0x6B75, 0x6B75, 0x6B75, 0x6B75, 0x6B75, 0x6B75, 0x6B75, 0x6B75, 0x6B75, 0x6B75,
  0x6B75, 0x6B75, 0x6B75, 0x6B75, 0x6B75, 0x6B75, 0x6B75, 0x6B75, 0x6B75, 0x6B75, 0x6B75, 0x6B75,
  0x6B75, 0x6B75, 0x6B75, 0x6B75, 0x6B75, 0x6B75, 0x6B75, 0x6B75, 0x6B75, 0x6B75, 0x6B75, 0x6B75,
  0x6B75, 0x6B75, 0x6B75, 0x6B75, 0x6B75, 0x6B75, 0x6B75, 0x6B75, 0x6B75, 0x6B75, 0x6B75, 0x6B75,
  0x6B75, 0x6B75, 0x6B75, 0x6B75, 0x6B75, 0x6B75, 0x212A, 0x212A, 0x212A, 0x212A, 0x212A, 0x212A,
  0x212A, 0x2120, 0xFFFF, 0xFFFF, 0xFFFF, 0xFFFF, 0xFFFF, 0xFFFF, 0xFFFF, 0xFFFF, 0xFFFF, 0xFFFF,
  0xFFFF, 0xFFFF, 0xFFFF, 0xFFFF, 0xFFFF, 0xFFFF, 0xFFFF, 0xFFFF, 0xFFFF, 0xFFFF, 0xFFFF, 0xFFFF,
  0xFFFF, 0xFFFF, 0xFFFF, 0xFFFF, 0xFFFF, 0xFFFF, 0xFFFF, 0xFFFF, 0xFFFF, 0xFFFF, 0xFFFF, 0xFFFF,
  0xFFFF, 0xFFFF, 0xFFFF, 0xFFFF, 0xFFFF, 0xFFFF, 0xFFFF, 0xFFFF, 0xFFFF, 0xFFFF, 0xFFFF, 0x9495,
  0x212A, 0x212A, 0x212A, 0x212A, 0x6B75, 0x6B75, 0x6B75, 0x6B75, 0x6B75, 0x6B75, 0x6B75, 0x6B75,
  0x6B75, 0x6B75, 0x6B75, 0x6B75, 0x6B75, 0x6B75, 0x6B75, 0x6B75, 0x6B75, 0x6B75, 0x6B75, 0x6B75,
  0x6B75, 0x6B75, 0x6B75, 0x6B75, 0x6B75, 0x6B75, 0x6B75, 0x6B75, 0x6B75, 0x6B75, 0x6B75, 0x6B75,
  0x6B75, 0x6B75, 0x6B75, 0x4A4A, 0x212A, 0x212A, 0x212A, 0x212A, 0x212A, 0x949F, 0x949F, 0x949F,
  0x949F, 0x949F, 0x949F, 0x949F, 0x949F, 0x949F, 0x949F, 0xB5BF, 0xFFFF, 0xFFFF, 0xFFFF, 0xFFFF,
  0xFFFF, 0xDEDF, 0x949F, 0x949F, 0x949F, 0x949F, 0x949F, 0x949F, 0x949F, 0x949F, 0x949F, 0x949F,
  0x949F, 0x949F, 0x949F, 0x949F, 0xB5BF, 0xB6DF, 0xDEDF, 0xDFFF, 0xDFFF, 0xFFFF, 0xFFFF, 0xFFFF,
  0xFFFF, 0xFFFF, 0xDEDF, 0x9495, 0x949F, 0x949F, 0x949F, 0x949F, 0x949F, 0x949F, 0x9495, 0xFFFF,
  0xDFFF, 0xDFFF, 0xFFFF, 0xDEDF, 0xB5BF, 0x9495, 0x9495, 0x212A, 0x212A, 0x000A, 0x212A, 0x212A,
  0x212A, 0x212A, 0x212A, 0x212A, 0x212A, 0x212A, 0x212A, 0x212A, 0x212A, 0x212A, 0x212A, 0x212A,
  0x212A, 0x212A, 0x4A4A, 0x6B75, 0x6B75, 0x6B75, 0x6B75, 0x6B75, 0x6B75, 0x6B75, 0x6B75, 0x6B75,
  0x6B75, 0x6B75, 0x6B75, 0x6B75, 0x6B75, 0x6B75, 0x6B75, 0x6B75, 0x6B75, 0x6B75, 0x6B75, 0x6B75,
  0x6B75, 0x6B75, 0x6B75, 0x6B75, 0x6B75, 0x6B75, 0x6B75, 0x6B75, 0x6B75, 0x6B75, 0x6B75, 0x6B75,
  0x6B75, 0x6B75, 0x6B75, 0x6B75, 0x6B75, 0x6B75, 0x6B75, 0x6B75, 0x6B75, 0x6B75, 0x6B75, 0x6B75,
  0x6B75, 0x6B75, 0x6B75, 0x6B75, 0x6B75, 0x6B75, 0x6B75, 0x6B75, 0x6B75, 0x6B75, 0x6B75, 0x6B75,
  0x6B75, 0x6B75, 0x6B75, 0x6B75, 0x6B75, 0x6B75, 0x6B75, 0x212A, 0x212A, 0x212A, 0x212A, 0x212A,
  0x212A, 0x212A, 0xFFFF, 0xFFFF, 0xFFFF, 0xFFFF, 0xFFFF, 0xFFFF, 0xFFFF, 0xFFFF, 0xFFFF, 0xFFFF,
  0xFFFF, 0xFFFF, 0xFFFF, 0xFFFF, 0xFFFF, 0xFFFF, 0xFFFF, 0xFFFF, 0xFFFF, 0xFFFF, 0xFFFF, 0xFFFF,
  0xFFFF, 0xFFFF, 0xFFFF, 0xFFFF, 0xFFFF, 0xFFFF, 0xFFFF, 0xFFFF, 0xFFFF, 0xFFFF, 0xFFFF, 0xFFFF,
  0xFFFF, 0xFFFF, 0xFFFF, 0xFFFF, 0xFFFF, 0xFFFF, 0xFFFF, 0xFFFF, 0xFFFF, 0xFFFF, 0xFFFF, 0x2120,
  0x212A, 0x212A, 0x212A, 0x4A4A, 0x6B75, 0x6B75, 0x6B75, 0x6B75, 0x6B75, 0x6B75, 0x6B75, 0x6B75,
  0x6B75, 0x6B75, 0x6B75, 0x6B75, 0x6B75, 0x6B75, 0x6B75, 0x6B75, 0x6B75, 0x6B75, 0x6B75, 0x6B75,
  0x6B75, 0x6B75, 0x6B75, 0x6B75, 0x6B75, 0x6B75, 0x6B75, 0x6B75, 0x6B75, 0x6B75, 0x6B75, 0x6B75,
  0x6B75, 0x6B75, 0x6B75, 0x212A, 0x212A, 0x212A, 0x212A, 0x212A, 0x6C95, 0x949F, 0x949F, 0x949F,
  0x949F, 0x949F, 0x949F, 0x949F, 0x949F, 0x949F, 0x949F, 0x949F, 0xB5BF, 0xFFFF, 0xDEDF, 0xDFFF,
  0xDFFF, 0xDFFF, 0xDEDF, 0x949F, 0x949F, 0x949F, 0x949F, 0x949F, 0x949F, 0x949F, 0x949F, 0x949F,
  0x949F, 0x949F, 0x949F, 0xB5BF, 0xDFFF, 0xDFFF, 0xDFFF, 0xDFFF, 0xDFFF, 0xFFFF, 0xFFFF, 0xFFFF,
  0xDEDF, 0x949F, 0x949F, 0x949F, 0x949F, 0x949F, 0x949F, 0x949F, 0x949F, 0x949F, 0x949F, 0xB5BF,
  0xFFFF, 0xDFFF, 0xDFFF, 0xDFFF, 0xB5BF, 0x949F, 0x949F, 0x949F, 0x949F, 0x949F, 0x949F, 0x949F,
  0x9495, 0x6B75, 0x224A, 0x000A, 0x212A, 0x212A, 0x212A, 0x212A, 0x212A, 0x212A, 0x212A, 0x212A,
  0x212A, 0x212A, 0x212A, 0x212A, 0x212A, 0x212A, 0x4A4A, 0x6B75, 0x6B75, 0x6B75, 0x6B75, 0x6B75,
  0x6B75, 0x6B75, 0x6B75, 0x6B75, 0x6B75, 0x6B75, 0x6B75, 0x6B75, 0x6B75, 0x6B75, 0x6B75, 0x6B75,
  0x6B75, 0x6B75, 0x6B75, 0x6B75, 0x6B75, 0x6B75, 0x6B75, 0x6B75, 0x6B75, 0x6B75, 0x6B75, 0x6B75,
  0x6B75, 0x6B75, 0x6B75, 0x6B75, 0x6B75, 0x6B75, 0x6B75, 0x6B75, 0x6B75, 0x6B75, 0x6B75, 0x6B75,
  0x6B75, 0x6B75, 0x6B75, 0x6B75, 0x6B75, 0x6B75, 0x6B75, 0x6B75, 0x6B75, 0x6B75, 0x6B75, 0x6B75,
  0x6B75, 0x6B75, 0x6B75, 0x6B75, 0x6B75, 0x6B75, 0x6B75, 0x6B75, 0x212A, 0x212A, 0x212A, 0x212A,
  0x212A, 0x212A, 0x000A, 0xFFFF, 0xFFFF, 0xFFFF, 0xFFFF, 0xFFFF, 0xFFFF, 0xFFFF, 0xFFFF, 0xFFFF,
  0xFFFF, 0xFFFF, 0xFFFF, 0xFFFF, 0xFFFF, 0xFFFF, 0xFFFF, 0xFFFF, 0xFFFF, 0xFFFF, 0xFFFF, 0xFFFF,
  0xFFFF, 0xFFFF, 0xFFFF, 0xFFFF, 0xFFFF, 0xFFFF, 0xFFFF, 0xFFFF, 0xFFFF, 0xFFFF, 0xFFFF, 0xFFFF,
  0xFFFF, 0xFFFF, 0xFFFF, 0xFFFF, 0xFFFF, 0xFFFF, 0xFFFF, 0xFFFF, 0xFFFF, 0xFFFF, 0x9495, 0x212A,
  0x212A, 0x212A, 0x212A, 0x6B75, 0x6B75, 0x6B75, 0x6B75, 0x6B75, 0x6B75, 0x6B75, 0x6B75, 0x6B75,
  0x6B75, 0x6B75, 0x6B75, 0x6B75, 0x6B75, 0x6B75, 0x6B75, 0x6B75, 0x6B75, 0x6B75, 0x6B75, 0x6B75,
  0x6B75, 0x6B75, 0x6B75, 0x6B75, 0x6B75, 0x6B75, 0x6B75, 0x6B75, 0x6B75, 0x6B75, 0x6B75, 0x6B75,
  0x6B75, 0x6B75, 0x212A, 0x212A, 0x212A, 0x212A, 0x212A, 0x9495, 0x949F, 0x949F, 0x949F, 0x949F,
  0x949F, 0x949F, 0x949F, 0x949F, 0x949F, 0x949F, 0x949F, 0x949F, 0x949F, 0x949F, 0xDFFF, 0xFFFF,
  0xDFFF, 0xDFFF, 0xDFFF, 0xFFFF, 0xB5BF, 0x949F, 0x949F, 0x949F, 0x949F, 0x949F, 0x949F, 0x949F,
  0x949F, 0x949F, 0xDEDF, 0xDFFF, 0xFFFF, 0xDFFF, 0xDFFF, 0xDFFF, 0xDFFF, 0xDFFF, 0xFFFF, 0xDEDF,
  0xB5BF, 0xB49F, 0x949F, 0x949F, 0x949F, 0x949F, 0x95BF, 0x949F, 0x949F, 0x949F, 0x949F, 0x949F,
  0xB5BF, 0xDFFF, 0xDFFF, 0xDFFF, 0xDFFF, 0xB5BF, 0x9495, 0x949F, 0x949F, 0x949F, 0x949F, 0x949F,
  0x949F, 0x949F, 0x949F, 0x949F, 0x9495, 0x6B75, 0x212A, 0x212A, 0x212A, 0x212A, 0x212A, 0x212A,
  0x212A, 0x212A, 0x212A, 0x212A, 0x212A, 0x212A, 0x212A, 0x212A, 0x212A, 0x6B75, 0x6B75, 0x6B75,
  0x6B75, 0x6B75, 0x6B75, 0x6B75, 0x6B75, 0x6B75, 0x6B75, 0x6B75, 0x6B75, 0x6B75, 0x6B75, 0x6B75,
  0x6B75, 0x6B75, 0x6B75, 0x6B75, 0x6B75, 0x6B75, 0x6B75, 0x6B75, 0x6B75, 0x6B75, 0x6B75, 0x6B75,
  0x6B75, 0x6B75, 0x6B75, 0x6B75, 0x6B75, 0x6B75, 0x6B75, 0x6B75, 0x6B75, 0x6B75, 0x6B75, 0x6B75,
  0x6B75, 0x6B75, 0x6B75, 0x6B75, 0x6B75, 0x6B75, 0x6B75, 0x6B75, 0x6B75, 0x6B75, 0x6B75, 0x6B75,
  0x6B75, 0x6B75, 0x6B75, 0x6B75, 0x6B75, 0x6B75, 0x6B75, 0x6B75, 0x4A4A, 0x212A, 0x212A, 0x212A,
  0x212A, 0x212A, 0x212A, 0x212A, 0xFFFF, 0xFFFF, 0xFFFF, 0xFFFF, 0xFFFF, 0xFFFF, 0xFFFF, 0xFFFF,
  0xFFFF, 0xFFFF, 0xFFFF, 0xFFFF, 0xFFFF, 0xFFFF, 0xFFFF, 0xFFFF, 0xFFFF, 0xFFFF, 0xFFFF, 0xFFFF,
  0xFFFF, 0xFFFF, 0xFFFF, 0xFFFF, 0xFFFF, 0xFFFF, 0xFFFF, 0xFFFF, 0xFFFF, 0xFFFF, 0xFFFF, 0xFFFF,
  0xFFFF, 0xFFFF, 0xFFFF, 0xFFFF, 0xFFFF, 0xFFFF, 0xFFFF, 0xFFFF, 0xFFFF, 0xFFFF, 0x212A, 0x212A,
  0x212A, 0x212A, 0x4A4A, 0x6B75, 0x6B75, 0x6B75, 0x6B75, 0x6B75, 0x6B75, 0x6B75, 0x6B75, 0x6B75,
  0x6B75, 0x6B75, 0x6B75, 0x6B75, 0x6B75, 0x6B75, 0x6B75, 0x6B75, 0x6B75, 0x6B75, 0x6B75, 0x6B75,
  0x6B75, 0x6B75, 0x6B75, 0x6B75, 0x6B75, 0x6B75, 0x6B75, 0x6B75, 0x6B75, 0x6B75, 0x6B75, 0x6B75,
  0x6B75, 0x212A, 0x212A, 0x212A, 0x212A, 0x212A, 0x9495, 0x949F, 0x949F, 0x949F, 0x949F, 0x949F,
  0x949F, 0x949F, 0x949F, 0x949F, 0x949F, 0x949F, 0x949F, 0x949F, 0x949F, 0x949F, 0x949F, 0xFFFF,
  0xDFFF, 0xDFFF, 0xDFFF, 0xDFFF, 0xDEDF, 0x949F, 0x949F, 0x949F, 0x949F, 0x949F, 0x949F, 0x949F,
  0x9495, 0xDEDF, 0xDFFF, 0xFFFF, 0xFFFF, 0xDFFF, 0xDFFF, 0xDFFF, 0xDFFF, 0xDEDF, 0x9495, 0x949F,
  0x949F, 0x949F, 0x949F, 0x949F, 0x949F, 0x949F, 0x949F, 0x949F, 0x949F, 0x949F, 0x949F, 0x949F,
  0x949F, 0xDEDF, 0xDFFF, 0xDFFF, 0xDFFF, 0xDFFF, 0xB5BF, 0x949F, 0x949F, 0x949F, 0x949F, 0x949F,
  0x949F, 0x949F, 0x949F, 0x949F, 0x949F, 0x949F, 0x949F, 0x9495, 0x9495, 0x212A, 0x212A, 0x212A,
  0x212A, 0x212A, 0x212A, 0x212A, 0x212A, 0x212A, 0x212A, 0x212A, 0x212A, 0x212A, 0x212A, 0x4A4A,
  0x6B75, 0x6B75, 0x6B75, 0x6B75, 0x6B75, 0x6B75, 0x6B75, 0x6B75, 0x6B75, 0x6B75, 0x6B75, 0x6B75,
  0x6B75, 0x6B75, 0x6B75, 0x6B75, 0x6B75, 0x6B75, 0x6B75, 0x6B75, 0x6B75, 0x6B75, 0x6B75, 0x6B75,
  0x6B75, 0x6B75, 0x6B75, 0x6B75, 0x6B75, 0x6B75, 0x6B75, 0x6B75, 0x6B75, 0x6B75, 0x6B75, 0x6B75,
  0x6B75, 0x6B75, 0x6B75, 0x6B75, 0x6B75, 0x6B75, 0x6B75, 0x6B75, 0x6B75, 0x6B75, 0x6B75, 0x6B75,
  0x6B75, 0x6B75, 0x6B75, 0x6B75, 0x6B75, 0x6B75, 0x6B75, 0x6B75, 0x6B75, 0x212A, 0x212A, 0x212A,
  0x212A, 0x212A, 0x212A, 0x212A, 0xDEDF, 0xFFFF, 0xFFFF, 0xFFFF, 0xFFFF, 0xFFFF, 0xFFFF, 0xFFFF,
  0xFFFF, 0xFFFF, 0xFFFF, 0xFFFF, 0xFFFF, 0xFFFF, 0xFFFF, 0xFFFF, 0xFFFF, 0xFFFF, 0xFFFF, 0xFFFF,
  0xFFFF, 0xFFFF, 0xFFFF, 0xFFFF, 0xFFFF, 0xFFFF, 0xFFFF, 0xFFFF, 0xFFFF, 0xFFFF, 0xFFFF, 0xFFFF,
  0xFFFF, 0xFFFF, 0xFFFF, 0xFFFF, 0xFFFF, 0xFFFF, 0xFFFF, 0xFFFF, 0xFFFF, 0xFFFF, 0x212A, 0x212A,
  0x212A, 0x212A, 0x6B75, 0x6B75, 0x6B75, 0x6B75, 0x6B75, 0x6B75, 0x6B75, 0x6B75, 0x6B75, 0x6B75,
  0x6B75, 0x6B75, 0x6B75, 0x6B75, 0x6B75, 0x6B75, 0x6B75, 0x6B75, 0x6B75, 0x6B75, 0x6B75, 0x6B75,
  0x6B75, 0x6B75, 0x6B75, 0x6B75, 0x6B75, 0x6B75, 0x6B75, 0x6B75, 0x6B75, 0x6B75, 0x6B75, 0x6B75,
  0x4A4A, 0x212A, 0x212A, 0x212A, 0x212A, 0x6A55, 0x9495, 0x949F, 0x949F, 0x949F, 0x949F, 0x949F,
  0x949F, 0x949F, 0x949F, 0x949F, 0x949F, 0x949F, 0x949F, 0x949F, 0x949F, 0x949F, 0x949F, 0x949F,
  0xDEDF, 0xDFFF, 0xDFFF, 0xDFFF, 0xFFFF, 0xDFFF, 0xB5BF, 0x949F, 0x949F, 0x949F, 0x949F, 0xDEDF,
  0xDFFF, 0xDFFF, 0xDFFF, 0xFFFF, 0xFFFF, 0xFFFF, 0xFFFF, 0xFFFF, 0xB6DF, 0x949F, 0x949F, 0x949F,
  0x949F, 0x949F, 0x949F, 0x949F, 0x949F, 0x949F, 0x949F, 0x949F, 0x949F, 0x949F, 0x949F, 0x949F,
  0x949F, 0x949F, 0xDEDF, 0xDFFF, 0xDFFF, 0xDFFF, 0xFFFF, 0x949F, 0x949F, 0x949F, 0x949F, 0x949F,
  0x949F, 0x949F, 0x949F, 0x949F, 0x949F, 0x949F, 0x949F, 0x949F, 0x949F, 0x949F, 0x949F, 0x949F,
  0x6B75, 0x6B75, 0x6B75, 0x212A, 0x212A, 0x212A, 0x212A, 0x212A, 0x212A, 0x212A, 0x212A, 0x212A,
  0x212A, 0x200A, 0x212A, 0x6B75, 0x6B75, 0x6B75, 0x6B75, 0x6B75, 0x6B75, 0x6B75, 0x6B75, 0x6B75,
  0x6B75, 0x6B75, 0x6B75, 0x6B75, 0x6B75, 0x6B75, 0x6B75, 0x6B75, 0x6B75, 0x6B75, 0x6B75, 0x6B75,
  0x6B75, 0x6B75, 0x6B75, 0x6B75, 0x6B75, 0x6B75, 0x6B75, 0x6B75, 0x6B75, 0x6B75, 0x6B75, 0x6B75,
  0x6B75, 0x6B75, 0x6B75, 0x6B75, 0x6B75, 0x6B75, 0x6B75, 0x6B75, 0x6B75, 0x6B75, 0x6B75, 0x6B75,
  0x6B75, 0x6B75, 0x6B75, 0x6B75, 0x6B75, 0x6B75, 0x6B75, 0x6B75, 0x6B75, 0x6B75, 0x4A4A, 0x212A,
  0x212A, 0x212A, 0x212A, 0x212A, 0x212A, 0xFFFF, 0xFFFF, 0xFFFF, 0xFFFF, 0xFFFF, 0xFFFF, 0xFFFF,
  0xFFFF, 0xFFFF, 0xFFFF, 0xFFFF, 0xFFFF, 0xFFFF, 0xFFFF, 0xFFFF, 0xFFFF, 0xFFFF, 0xFFFF, 0xFFFF,
  0xFFFF, 0xFFFF, 0xFFFF, 0xFFFF, 0xFFFF, 0xFFFF, 0xFFFF, 0xFFFF, 0xFFFF, 0xFFFF, 0xFFFF, 0xFFFF,
  0xFFFF, 0xFFFF, 0xFFFF, 0xFFFF, 0xFFFF, 0xFFFF, 0xFFFF, 0xFFFF, 0xFFFF, 0xFFFF, 0x212A, 0x212A,
  0x212A, 0x4A55, 0x6B75, 0x6B75, 0x6B75, 0x6B75, 0x6B75, 0x6B75, 0x6B75, 0x6B75, 0x6B75, 0x6B75,
  0x6B75, 0x6B75, 0x6B75, 0x6B75, 0x6B75, 0x6B75, 0x6B75, 0x6B75, 0x6B75, 0x6B75, 0x6B75, 0x6B75,
  0x6B75, 0x6B75, 0x6B75, 0x6B75, 0x6B75, 0x6B75, 0x6B75, 0x6B75, 0x6B75, 0x6B75, 0x6B75, 0x6B75,
  0x000A, 0x212A, 0x212A, 0x212A, 0x4A55, 0x949F, 0x949F, 0x949F, 0x949F, 0x949F, 0x949F, 0x949F,
  0x949F, 0x949F, 0x949F, 0x949F, 0x949F, 0x949F, 0x949F, 0x949F, 0x949F, 0x949F, 0x949F, 0x949F,
  0x9495, 0xDEDF, 0xDEDF, 0xDFFF, 0xDFFF, 0xDFFF, 0xDFFF, 0xB5BF, 0x949F, 0x949F, 0xDEDF, 0xFFFF,
  0xFFFF, 0xFFFF, 0xFFFF, 0xFFFF, 0xFFFF, 0xFFFF, 0xFFFF, 0xB5BF, 0x949F, 0x949F, 0x949F, 0x949F,
  0x949F, 0x949F, 0x949F, 0x949F, 0x949F, 0x949F, 0x949F, 0x949F, 0x949F, 0x949F, 0x949F, 0x949F,
  0x949F, 0x95BF, 0x949F, 0xDEDF, 0xDFFF, 0xDFFF, 0xDFFF, 0xFFFF, 0xB5BF, 0x949F, 0x949F, 0x949F,
  0x949F, 0x949F, 0x949F, 0x949F, 0x949F, 0x949F, 0x949F, 0x949F, 0x949F, 0x949F, 0x949F, 0x949F,
  0x949F, 0x949F, 0xB5BF, 0xDEDF, 0x6B75, 0x212A, 0x200A, 0x212A, 0x212A, 0x212A, 0x212A, 0x212A,
  0x212A, 0x212A, 0x212A, 0x212A, 0x4A4A, 0x6B75, 0x6B75, 0x6B75, 0x6B75, 0x6B75, 0x6B75, 0x6B75,
  0x6B75, 0x6B75, 0x6B75, 0x6B75, 0x6B75, 0x6B75, 0x6B75, 0x6B75, 0x6B75, 0x6B75, 0x6B75, 0x6B75,
  0x6B75, 0x6B75, 0x6B75, 0x6B75, 0x6B75, 0x6B75, 0x6B75, 0x6B75, 0x6B75, 0x6B75, 0x6B75, 0x6B75,
  0x6B75, 0x6B75, 0x6B75, 0x6B75, 0x6B75, 0x6B75, 0x6B75, 0x6B75, 0x6B75, 0x6B75, 0x6B75, 0x6B75,
  0x6B75, 0x6B75, 0x6B75, 0x6B75, 0x6B75, 0x6B75, 0x6B75, 0x6B75, 0x6B75, 0x6B75, 0x6B75, 0x212A,
  0x212A, 0x212A, 0x212A, 0x212A, 0x212A, 0xDEDF, 0xFFFF, 0xFFFF, 0xFFFF, 0xFFFF, 0xFFFF, 0xFFFF,
  0xFFFF, 0xFFFF, 0xFFFF, 0xFFFF, 0xFFFF, 0xFFFF, 0xFFFF, 0xFFFF, 0xFFFF, 0xFFFF, 0xFFFF, 0xFFFF,
  0xFFFF, 0xFFFF, 0xFFFF, 0xFFFF, 0xFFFF, 0xFFFF, 0xFFFF, 0xFFFF, 0xFFFF, 0xFFFF, 0xFFFF, 0xFFFF,
  0xFFFF, 0xFFFF, 0xFFFF, 0xFFFF, 0xFFFF, 0xFFFF, 0xFFFF, 0xFFFF, 0xFFFF, 0xB5BF, 0x212A, 0x212A,
  0x212A, 0x6B75, 0x6B75, 0x6B75, 0x6B75, 0x6B75, 0x6B75, 0x6B75, 0x6B75, 0x6B75, 0x6B75, 0x6B75,
  0x6B75, 0x6B75, 0x6B75, 0x6B75, 0x6B75, 0x6B75, 0x6B75, 0x6B75, 0x6B75, 0x6B75, 0x6B75, 0x6B75,
  0x6B75, 0x6B75, 0x6B75, 0x6B75, 0x6B75, 0x6B75, 0x6B75, 0x6B75, 0x6B75, 0x6B75, 0x6B75, 0x212A,
  0x212A, 0x212A, 0x212A, 0x4A55, 0x949F, 0x949F, 0x949F, 0x949F, 0x949F, 0x949F, 0x949F, 0x949F,
  0x949F, 0x949F, 0x949F, 0x949F, 0x949F, 0x949F, 0x949F, 0x949F, 0x949F, 0x949F, 0x949F, 0x949F,
  0x949F, 0x949F, 0xDEDF, 0xFFFF, 0xDFFF, 0xDFFF, 0xDFFF, 0xDFFF, 0xDEDF, 0xFFFF, 0xDEDF, 0xFFFF,
  0xFFFF, 0xFFFF, 0xFFFF, 0xFFFF, 0xFFFF, 0xB5BF, 0x9495, 0x949F, 0x949F, 0x949F, 0x949F, 0x949F,
  0x949F, 0x949F, 0x949F, 0x949F, 0x949F, 0x949F, 0x949F, 0x949F, 0x949F, 0x949F, 0x949F, 0x949F,
  0x949F, 0x949F, 0x949F, 0x949F, 0xFFFF, 0xFFFF, 0xFFFF, 0xFFFF, 0xFFFF, 0xB5BF, 0x949F, 0x949F,
  0x949F, 0x949F, 0x949F, 0x949F, 0x949F, 0x949F, 0x949F, 0x949F, 0x949F, 0x949F, 0x949F, 0x949F,
  0x949F, 0x949F, 0x949F, 0x949F, 0xDEDF, 0xFFFF, 0xFFFF, 0xFFFF, 0x212A, 0x212A, 0x212A, 0x212A,
  0x212A, 0x212A, 0x212A, 0x212A, 0x212A, 0x212A, 0x212A, 0x4A4A, 0x6B75, 0x6B75, 0x6B75, 0x6B75,
  0x6B75, 0x6B75, 0x6B75, 0x6B75, 0x6B75, 0x6B75, 0x6B75, 0x6B75, 0x6B75, 0x6B75, 0x6B75, 0x6B75,
  0x6B75, 0x6B75, 0x6B75, 0x6B75, 0x6B75, 0x6B75, 0x6B75, 0x6B75, 0x6B75, 0x6B75, 0x6B75, 0x6B75,
  0x6B75, 0x6B75, 0x6B75, 0x6B75, 0x6B75, 0x6B75, 0x6B75, 0x6B75, 0x6B75, 0x6B75, 0x6B75, 0x6B75,
  0x6B75, 0x6B75, 0x6B75, 0x6B75, 0x6B75, 0x6B75, 0x6B75, 0x6B75, 0x6B75, 0x6B75, 0x6B75, 0x212A,
  0x212A, 0x212A, 0x212A, 0x212A, 0x212A, 0x212A, 0x6B75, 0xFFFF, 0xFFFF, 0xFFFF, 0xFFFF, 0xFFFF,
  0xFFFF, 0xFFFF, 0xFFFF, 0xFFFF, 0xFFFF, 0xFFFF, 0xFFFF, 0xFFFF, 0xFFFF, 0xFFFF, 0xFFFF, 0xFFFF,
  0xFFFF, 0xFFFF, 0xFFFF, 0xFFFF, 0xFFFF, 0xFFFF, 0xFFFF, 0xFFFF, 0xFFFF, 0xFFFF, 0xFFFF, 0xFFFF,
  0xFFFF, 0xFFFF, 0xFFFF, 0xFFFF, 0xFFFF, 0xFFFF, 0xFFFF, 0xFFFF, 0xFFFF, 0xB5B5, 0x212A, 0x212A,
  0x212A, 0x6B75, 0x6B75, 0x6B75, 0x6B75, 0x6B75, 0x6B75, 0x6B75, 0x6B75, 0x6B75, 0x6B75, 0x6B75,
  0x6B75, 0x6B75, 0x6B75, 0x6B75, 0x6B75, 0x6B75, 0x6B75, 0x6B75, 0x6B75, 0x6B75, 0x6B75, 0x6B75,
  0x6B75, 0x6B75, 0x6B75, 0x6B75, 0x6B75, 0x6B75, 0x6B75, 0x6B75, 0x6B75, 0x6B75, 0x212A, 0x212A,
  0x212A, 0x212A, 0x000A, 0x949F, 0x949F, 0x949F, 0x949F, 0x949F, 0x949F, 0x949F, 0x949F, 0x949F,
  0x949F, 0x949F, 0x949F, 0x949F, 0x949F, 0x949F, 0x949F, 0x949F, 0x949F, 0x949F, 0x949F, 0x949F,
  0x949F, 0x949F, 0x949F, 0xB5BF, 0xFFFF, 0xDFFF, 0xDFFF, 0xDFFF, 0xDFFF, 0xFFFF, 0xFFFF, 0xFFFF,
  0xFFFF, 0xFFFF, 0xFFFF, 0xFFFF, 0xB5BF, 0x949F, 0x949F, 0x949F, 0x9495, 0x949F, 0x949F, 0x949F,
  0x949F, 0x949F, 0x949F, 0x949F, 0x949F, 0x949F, 0x949F, 0x949F, 0x949F, 0x949F, 0x949F, 0x949F,
  0x949F, 0x949F, 0x949F, 0x949F, 0xDEDF, 0xFFFF, 0xFFFF, 0xFFFF, 0xFFFF, 0xFFFF, 0x949F, 0x949F,
  0x949F, 0x949F, 0x949F, 0x949F, 0x949F, 0x949F, 0x949F, 0x949F, 0x949F, 0x949F, 0x949F, 0x949F,
  0x949F, 0x949F, 0x949F, 0x95BF, 0x95BF, 0xDFFF, 0xFFFF, 0xFFFF, 0xFFFF, 0xFFFF, 0x4A4A, 0x212A,
  0x212A, 0x212A, 0x212A, 0x212A, 0x212A, 0x212A, 0x212A, 0x212A, 0x212A, 0x4A55, 0x6B75, 0x6B75,
  0x6B75, 0x6B75, 0x6B75, 0x6B75, 0x6B75, 0x6B75, 0x6B75, 0x6B75, 0x6B75, 0x6B75, 0x6B75, 0x6B75,
  0x6B75, 0x6B75, 0x6B75, 0x6B75, 0x6B75, 0x6B75, 0x6B75, 0x6B75, 0x6B75, 0x6B75, 0x6B75, 0x6B75,
  0x6B75, 0x6B75, 0x6B75, 0x6B75, 0x6B75, 0x6B75, 0x6B75, 0x6B75, 0x6B75, 0x6B75, 0x6B75, 0x6B75,
  0x6B75, 0x6B75, 0x6B75, 0x6B75, 0x6B75, 0x6B75, 0x6B75, 0x6B75, 0x6B75, 0x6B75, 0x6B75, 0x6B75,
  0x000A, 0x212A, 0x212A, 0x212A, 0x212A, 0x212A, 0x4A4A, 0xFFFF, 0xFFFF, 0xFFFF, 0xFFFF, 0xFFFF,
  0xFFFF, 0xFFFF, 0xFFFF, 0xFFFF, 0xFFFF, 0xFFFF, 0xFFFF, 0xFFFF, 0xFFFF, 0xFFFF, 0xFFFF, 0xFFFF,
  0xFFFF, 0xFFFF, 0xFFFF, 0xFFFF, 0xFFFF, 0xFFFF, 0xFFFF, 0xFFFF, 0xFFFF, 0xFFFF, 0xFFFF, 0xFFFF,
  0xFFFF, 0xFFFF, 0xFFFF, 0xFFFF, 0xFFFF, 0xFFFF, 0xFFFF, 0xFFFF, 0xFFFF, 0x9495, 0x212A, 0x212A,
  0x4A4A, 0x6B75, 0x6B75, 0x6B75, 0x6B75, 0x6B75, 0x6B75, 0x6B75, 0x6B75, 0x6B75, 0x6B75, 0x6B75,
  0x6B75, 0x6B75, 0x6B75, 0x6B75, 0x6B75, 0x6B75, 0x6B75, 0x6B75, 0x6B75, 0x6B75, 0x6B75, 0x6B75,
  0x6B75, 0x6B75, 0x6B75, 0x6B75, 0x6B75, 0x6B75, 0x6B75, 0x6B75, 0x6B75, 0x6B75, 0x212A, 0x212A,
  0x212A, 0x212A, 0x4A55, 0x949F, 0x949F, 0x949F, 0x949F, 0x949F, 0x949F, 0x949F, 0x949F, 0x949F,
  0x949F, 0x949F, 0x949F, 0x949F, 0x949F, 0x949F, 0x949F, 0x949F, 0x949F, 0x949F, 0x949F, 0x949F,
  0x949F, 0x949F, 0x949F, 0x949F, 0xDEDF, 0xFFFF, 0xFFFF, 0xDFFF, 0xDFFF, 0xFFFF, 0xFFFF, 0xFFFF,
  0xFFFF, 0xFFFF, 0xDFFF, 0x9495, 0x949F, 0x949F, 0x949F, 0x949F, 0xB5BF, 0x949F, 0x949F, 0x949F,
  0x949F, 0x949F, 0x949F, 0x949F, 0x949F, 0x949F, 0x949F, 0x949F, 0x949F, 0x949F, 0x949F, 0x949F,
  0x949F, 0x949F, 0x949F, 0x949F, 0x949F, 0xDEDF, 0xFFFF, 0xFFFF, 0xFFFF, 0xFFFF, 0xDEDF, 0x949F,
  0x949F, 0x949F, 0x949F, 0x949F, 0x949F, 0x949F, 0x949F, 0x949F, 0x949F, 0x949F, 0x949F, 0x949F,
  0x949F, 0x949F, 0x949F, 0x949F, 0xB5BF, 0xDFFF, 0xFFFF, 0xDFFF, 0xFFFF, 0xDEDF, 0xFFFF, 0xFFFF,
  0xB5BF, 0x212A, 0x212A, 0x212A, 0x212A, 0x212A, 0x212A, 0x212A, 0x212A, 0x212A, 0x4A4A, 0x6B75,
  0x6B75, 0x6B75, 0x6B75, 0x6B75, 0x6B75, 0x6B75, 0x6B75, 0x6B75, 0x6B75, 0x6B75, 0x6B75, 0x6B75,
  0x6B75, 0x6B75, 0x6B75, 0x6B75, 0x6B75, 0x6B75, 0x6B75, 0x6B75, 0x6B75, 0x6B75, 0x6B75, 0x6B75,
  0x6B75, 0x6B75, 0x6B75, 0x6B75, 0x6B75, 0x6B75, 0x6B75, 0x6B75, 0x6B75, 0x6B75, 0x6B75, 0x6B75,
  0x6B75, 0x6B75, 0x6B75, 0x6B75, 0x6B75, 0x6B75, 0x6B75, 0x6B75, 0x6B75, 0x6B75, 0x6B75, 0x6B75,
  0x4A4A, 0x212A, 0x212A, 0x212A, 0x212A, 0x212A, 0x2120, 0xFFFF, 0xFFFF, 0xFFFF, 0xFFFF, 0xFFFF,
  0xFFFF, 0xFFFF, 0xFFFF, 0xFFFF, 0xFFFF, 0xFFFF, 0xFFFF, 0xFFFF, 0xFFFF, 0xFFFF, 0xFFFF, 0xFFFF,
  0xFFFF, 0xFFFF, 0xFFFF, 0xFFFF, 0xFFFF, 0xFFFF, 0xFFFF, 0xFFFF, 0xFFFF, 0xFFFF, 0xFFFF, 0xFFFF,
  0xFFFF, 0xFFFF, 0xFFFF, 0xFFFF, 0xFFFF, 0xFFFF, 0xFFFF, 0xFFFF, 0xFFFF, 0xDEDF, 0x212A, 0x212A,
  0x6B75, 0x6B75, 0x6B75, 0x6B75, 0x6B75, 0x6B75, 0x6B75, 0x6B75, 0x6B75, 0x6B75, 0x6B75, 0x6B75,
  0x6B75, 0x6B75, 0x6B75, 0x6B75, 0x6B75, 0x6B75, 0x6B75, 0x6B75, 0x6B75, 0x6B75, 0x6B75, 0x6B75,
  0x6B75, 0x6B75, 0x6B75, 0x6B75, 0x6B75, 0x6B75, 0x6B75, 0x6B75, 0x6B75, 0x212A, 0x212A, 0x212A,
  0x212A, 0x6B75, 0x949F, 0x949F, 0x949F, 0x949F, 0x949F, 0x949F, 0x949F, 0x949F, 0x949F, 0x949F,
  0x949F, 0x949F, 0x949F, 0x949F, 0x949F, 0x949F, 0x949F, 0x949F, 0x949F, 0x949F, 0x949F, 0x949F,
  0x949F, 0x949F, 0x949F, 0x949F, 0x95BF, 0xDEDF, 0xDFFF, 0xFFFF, 0xFFFF, 0xFFFF, 0xFFFF, 0xFFFF,
  0xDFFF, 0x95BF, 0x949F, 0x95BF, 0x949F, 0x949F, 0x949F, 0x949F, 0x949F, 0x949F, 0x949F, 0x949F,
  0x949F, 0x949F, 0x949F, 0x949F, 0x949F, 0x949F, 0x949F, 0x949F, 0x949F, 0x949F, 0x949F, 0x949F,
  0x949F, 0x949F, 0x949F, 0x949F, 0x949F, 0x949F, 0xB5BF, 0xDFFF, 0xFFFF, 0xFFFF, 0xFFFF, 0xDEDF,
  0x949F, 0x949F, 0x949F, 0x949F, 0x949F, 0x949F, 0x949F, 0x949F, 0x949F, 0x949F, 0x949F, 0x949F,
  0x949F, 0x949F, 0x9495, 0xDEDF, 0xDFFF, 0xDFFF, 0xDFFF, 0xFFFF, 0xFFFF, 0xDFFF, 0xFFFF, 0xFFFF,
  0xFFFF, 0x949F, 0xB49F, 0x9495, 0x212A, 0x212A, 0x212A, 0x212A, 0x212A, 0x212A, 0x212A, 0x212A,
  0x212A, 0x6B75, 0x6B75, 0x6B75, 0x6B75, 0x6B75, 0x6B75, 0x6B75, 0x6B75, 0x6B75, 0x6B75, 0x6B75,
  0x6B75, 0x6B75, 0x6B75, 0x6B75, 0x6B75, 0x6B75, 0x6B75, 0x6B75, 0x6B75, 0x6B75, 0x6B75, 0x6B75,
  0x6B75, 0x6B75, 0x6B75, 0x6B75, 0x6B75, 0x6B75, 0x6B75, 0x6B75, 0x6B75, 0x6B75, 0x6B75, 0x6B75,
  0x6B75, 0x6B75, 0x6B75, 0x6B75, 0x6B75, 0x6B75, 0x6B75, 0x6B75, 0x6B75, 0x6B75, 0x6B75, 0x6B75,
  0x6B75, 0x4A4A, 0x212A, 0x212A, 0x212A, 0x212A, 0x212A, 0xFFFF, 0xFFFF, 0xFFFF, 0xFFFF, 0xFFFF,
  0xFFFF, 0xFFFF, 0xFFFF, 0xFFFF, 0xFFFF, 0xFFFF, 0xFFFF, 0xFFFF, 0xFFFF, 0xFFFF, 0xFFFF, 0xFFFF,
  0xFFFF, 0xFFFF, 0xFFFF, 0xFFFF, 0xFFFF, 0xFFFF, 0xFFFF, 0xFFFF, 0xFFFF, 0xFFFF, 0xFFFF, 0xFFFF,
  0xFFFF, 0xFFFF, 0xFFFF, 0xFFFF, 0xFFFF, 0xFFFF, 0xFFFF, 0xFFFF, 0xFFFF, 0xB5BF, 0x6B75, 0x6B75,
  0x6B75, 0x6B75, 0x6B75, 0x6B75, 0x6B75, 0x6B75, 0x6B75, 0x6B75, 0x6B75, 0x6B75, 0x6B75, 0x6B75,
  0x6B75, 0x6B75, 0x6B75, 0x6B75, 0x6B75, 0x6B75, 0x6B75, 0x6B75, 0x6B75, 0x6B75, 0x6B75, 0x6B75,
  0x6B75, 0x6B75, 0x6B75, 0x6B75, 0x6B75, 0x6B75, 0x6B75, 0x6B75, 0x212A, 0x212A, 0x212A, 0x212A,
  0x212A, 0x949F, 0x949F, 0x949F, 0x949F, 0x949F, 0x949F, 0x949F, 0x949F, 0x949F, 0x949F, 0x949F,
  0x949F, 0x949F, 0x949F, 0x949F, 0x949F, 0x949F, 0x949F, 0x949F, 0x949F, 0x949F, 0x949F, 0x949F,
  0x949F, 0x949F, 0x949F, 0x949F, 0xDEDF, 0xDEDF, 0xDFFF, 0xFFFF, 0xFFFF, 0xFFFF, 0xFFFF, 0xDFFF,
  0xDFFF, 0x9495, 0x949F, 0x949F, 0x949F, 0x949F, 0x949F, 0x949F, 0x949F, 0x949F, 0x949F, 0x949F,
  0x949F, 0x949F, 0x949F, 0x949F, 0x949F, 0x949F, 0x949F, 0x949F, 0x949F, 0x949F, 0x949F, 0x949F,
  0x949F, 0x949F, 0x949F, 0x949F, 0x949F, 0x949F, 0x949F, 0xFFFF, 0xFFFF, 0xFFFF, 0xFFFF, 0xFFFF,
  0x949F, 0x949F, 0x949F, 0x949F, 0x949F, 0x949F, 0x949F, 0x949F, 0x949F, 0x949F, 0x949F, 0x949F,
  0x949F, 0x95BF, 0xDEDF, 0xDFFF, 0xDFFF, 0xDFFF, 0xDFFF, 0xFFFF, 0xFFFF, 0xDFFF, 0xFFFF, 0xFFFF,
  0xFFFF, 0xDEDF, 0x9495, 0x949F, 0x949F, 0x9495, 0x212A, 0x212A, 0x212A, 0x212A, 0x212A, 0x212A,
  0x212A, 0x212A, 0x212A, 0x6B75, 0x6B75, 0x6B75, 0x6B75, 0x6B75, 0x6B75, 0x6B75, 0x6B75, 0x6B75,
  0x6B75, 0x6B75, 0x6B75, 0x6B75, 0x6B75, 0x6B75, 0x6B75, 0x6B75, 0x6B75, 0x6B75, 0x6B75, 0x6B75,
  0x6B75, 0x6B75, 0x6B75, 0x6B75, 0x6B75, 0x6B75, 0x6B75, 0x6B75, 0x6B75, 0x6B75, 0x6B75, 0x6B75,
  0x6B75, 0x6B75, 0x6B75, 0x6B75, 0x6B75, 0x6B75, 0x6B75, 0x6B75, 0x6B75, 0x6B75, 0x6B75, 0x6B75,
  0x6B75, 0x6B75, 0x212A, 0x212A, 0x212A, 0x212A, 0x212A, 0xDEDF, 0xFFFF, 0xFFFF, 0xFFFF, 0xFFFF,
  0xFFFF, 0xFFFF, 0xFFFF, 0xFFFF, 0xFFFF, 0xFFFF, 0xFFFF, 0xFFFF, 0xFFFF, 0xFFFF, 0xFFFF, 0xFFFF,
  0xFFFF, 0xFFFF, 0xFFFF, 0xFFFF, 0xFFFF, 0xFFFF, 0xFFFF, 0xFFFF, 0xFFFF, 0xFFFF, 0xFFFF, 0xFFFF,
  0xFFFF, 0xFFFF, 0xFFFF, 0xFFFF, 0xFFFF, 0xFFFF, 0xFFFF, 0xFFFF, 0xFFFF, 0xDEDF, 0x200A, 0x212A,
  0x6B75, 0x6B75, 0x6B75, 0x6B75, 0x6B75, 0x6B75, 0x6B75, 0x6B75, 0x6B75, 0x6B75, 0x6B75, 0x6B75,
  0x6B75, 0x6B75, 0x6B75, 0x6B75, 0x6B75, 0x6B75, 0x6B75, 0x6B75, 0x6B75, 0x6B75, 0x6B75, 0x6B75,
  0x6B75, 0x6B75, 0x6B75, 0x6B75, 0x6B75, 0x6B75, 0x6B75, 0x4A4A, 0x212A, 0x212A, 0x212A, 0x212A,
  0x6B75, 0x949F, 0x949F, 0x949F, 0x949F, 0x949F, 0x949F, 0x949F, 0x949F, 0x949F, 0x949F, 0x949F,
  0x949F, 0x949F, 0x949F, 0x949F, 0x949F, 0x949F, 0x949F, 0x949F, 0x949F, 0x949F, 0x949F, 0x949F,
  0x949F, 0x949F, 0x949F, 0xDEDF, 0xDFFF, 0xDFFF, 0xDFFF, 0xFFFF, 0xFFFF, 0xFFFF, 0xFFFF, 0xDFFF,
  0xFFFF, 0xB5BF, 0x949F, 0x949F, 0x949F, 0x949F, 0x949F, 0x949F, 0x949F, 0x949F, 0x949F, 0x949F,
  0x949F, 0x949F, 0x949F, 0x949F, 0x949F, 0x949F, 0x949F, 0x949F, 0x949F, 0x949F, 0x949F, 0x949F,
  0x949F, 0x949F, 0x949F, 0x949F, 0x949F, 0x949F, 0x949F, 0xDEDF, 0xFFFF, 0xFFFF, 0xFFFF, 0xFFFF,
  0xDEDF, 0x9495, 0x949F, 0x949F, 0x949F, 0x949F, 0x949F, 0x949F, 0x949F, 0x949F, 0x949F, 0x949F,
  0xB5BF, 0xDEDF, 0xFFFF, 0xDFFF, 0xDFFF, 0xDFFF, 0xDFFF, 0xFFFF, 0xDFFF, 0xDEDF, 0xFFFF, 0xFFFF,
  0xFFFF, 0xDFFF, 0xDFFF, 0x949F, 0x949F, 0x949F, 0x949F, 0x4A4A, 0x212A, 0x212A, 0x212A, 0x212A,
  0x212A, 0x212A, 0x212A, 0x212A, 0x4A4A, 0x6B75, 0x6B75, 0x6B75, 0x6B75, 0x6B75, 0x6B75, 0x6B75,
  0x6B75, 0x6B75, 0x6B75, 0x6B75, 0x6B75, 0x6B75, 0x6B75, 0x6B75, 0x6B75, 0x6B75, 0x6B75, 0x6B75,
  0x6B75, 0x6B75, 0x6B75, 0x6B75, 0x6B75, 0x6B75, 0x6B75, 0x6B75, 0x6B75, 0x6B75, 0x6B75, 0x6B75,
  0x6B75, 0x6B75, 0x6B75, 0x6B75, 0x6B75, 0x6B75, 0x6B75, 0x6B75, 0x6B75, 0x6B75, 0x6B75, 0x6B75,
  0x6B75, 0x6B75, 0x212A, 0x212A, 0x212A, 0x212A, 0x212A, 0x212A, 0xFFFF, 0xFFFF, 0xFFFF, 0xFFFF,
  0xFFFF, 0xFFFF, 0xFFFF, 0xFFFF, 0xFFFF, 0xFFFF, 0xFFFF, 0xFFFF, 0xFFFF, 0xFFFF, 0xFFFF, 0xFFFF,
  0xFFFF, 0xFFFF, 0xFFFF, 0xFFFF, 0xFFFF, 0xFFFF, 0xFFFF, 0xFFFF, 0xFFFF, 0xFFFF, 0xFFFF, 0xFFFF,
  0xFFFF, 0xFFFF, 0xFFFF, 0xFFFF, 0xFFFF, 0xFFFF, 0xFFFF, 0xFFFF, 0xFFFF, 0x212A, 0x212A, 0x212A,
  0x212A, 0x6B75, 0x6B75, 0x6B75, 0x6B75, 0x6B75, 0x6B75, 0x6B75, 0x6B75, 0x6B75, 0x6B75, 0x6B75,
  0x6B75, 0x6B75, 0x6B75, 0x6B75, 0x6B75, 0x6B75, 0x6B75, 0x6B75, 0x6B75, 0x6B75, 0x6B75, 0x6B75,
  0x6B75, 0x6B75, 0x6B75, 0x6B75, 0x6B75, 0x6B75, 0x6B75, 0x212A, 0x212A, 0x212A, 0x212A, 0x4A55,
  0x949F, 0x949F, 0x949F, 0x949F, 0x949F, 0x949F, 0x949F, 0x949F, 0x949F, 0x949F, 0x949F, 0x949F,
  0x949F, 0x949F, 0x949F, 0x949F, 0x949F, 0x949F, 0x949F, 0x949F, 0x949F, 0x949F, 0x949F, 0x949F,
  0x949F, 0x9495, 0xFFFF, 0xDFFF, 0xDFFF, 0xDFFF, 0xFFFF, 0xFFFF, 0xFFFF, 0xFFFF, 0xFFFF, 0xDFFF,
  0xDFFF, 0xDEDF, 0xDFFF, 0x949F, 0x949F, 0x949F, 0x949F, 0x949F, 0x949F, 0x949F, 0x949F, 0x949F,
  0x949F, 0x949F, 0x949F, 0x949F, 0x949F, 0x949F, 0x949F, 0x949F, 0x949F, 0x949F, 0x949F, 0x949F,
  0x949F, 0x949F, 0x949F, 0x949F, 0x949F, 0x949F, 0x949F, 0x949F, 0xB5BF, 0xFFFF, 0xFFFF, 0xFFFF,
  0xFFFF, 0xFFFF, 0x949F, 0x949F, 0x949F, 0x949F, 0x949F, 0x949F, 0x949F, 0x949F, 0x949F, 0xDEDF,
  0xFFFF, 0xFFFF, 0xDFFF, 0xDFFF, 0xDFFF, 0xDFFF, 0xDFFF, 0xB6DF, 0x95BF, 0x949F, 0xDEDF, 0xDEDF,
  0xFFFF, 0xFFFF, 0xFFFF, 0xFFFF, 0x9495, 0x949F, 0x949F, 0x949F, 0x95BF, 0x949F, 0x4A55, 0x212A,
  0x212A, 0x212A, 0x212A, 0x212A, 0x212A, 0x212A, 0x4A4A, 0x6B75, 0x6B75, 0x6B75, 0x6B75, 0x6B75,
  0x6B75, 0x6B75, 0x6B75, 0x6B75, 0x6B75, 0x6B75, 0x6B75, 0x6B75, 0x6B75, 0x6B75, 0x6B75, 0x6B75,
  0x6B75, 0x6B75, 0x6B75, 0x6B75, 0x6B75, 0x6B75, 0x6B75, 0x6B75, 0x6B75, 0x6B75, 0x6B75, 0x6B75,
  0x6B75, 0x6B75, 0x6B75, 0x6B75, 0x6B75, 0x6B75, 0x6B75, 0x6B75, 0x6B75, 0x6B75, 0x6B75, 0x6B75,
  0x6B75, 0x6B75, 0x6B75, 0x212A, 0x212A, 0x212A, 0x212A, 0x0000, 0xFFFF, 0xFFFF, 0xFFFF, 0xFFFF,
  0xFFFF, 0xFFFF, 0xFFFF, 0xFFFF, 0xFFFF, 0xFFFF, 0xFFFF, 0xFFFF, 0xFFFF, 0xFFFF, 0xFFFF, 0xFFFF,
  0xFFFF, 0xFFFF, 0xFFFF, 0xFFFF, 0xFFFF, 0xFFFF, 0xFFFF, 0xFFFF, 0xFFFF, 0xFFFF, 0xFFFF, 0xFFFF,
  0xFFFF, 0xFFFF, 0xFFFF, 0xFFFF, 0xFFFF, 0xFFFF, 0xFFFF, 0xFFFF, 0x4A4A, 0x212A, 0x212A, 0x212A,
  0x200A, 0x6B75, 0x6B75, 0x6B75, 0x6B75, 0x6B75, 0x6B75, 0x6B75, 0x6B75, 0x6B75, 0x6B75, 0x6B75,
  0x6B75, 0x6B75, 0x6B75, 0x6B75, 0x6B75, 0x6B75, 0x6B75, 0x6B75, 0x6B75, 0x6B75, 0x6B75, 0x6B75,
  0x6B75, 0x6B75, 0x6B75, 0x6B75, 0x6B75, 0x6B75, 0x4B6A, 0x212A, 0x212A, 0x212A, 0x212A, 0x949F,
  0x949F, 0x949F, 0x949F, 0x949F, 0x949F, 0x949F, 0x949F, 0x949F, 0x949F, 0x949F, 0x949F, 0x949F,
  0x949F, 0x949F, 0x949F, 0x949F, 0x949F, 0x949F, 0x949F, 0x949F, 0x949F, 0x949F, 0x949F, 0x949F,
  0x9495, 0xDEDF, 0xDFFF, 0xDFFF, 0xFFFF, 0xFFFF, 0xFFFF, 0xDFFF, 0xDFFF, 0xDEDF, 0xDFFF, 0xDFFF,
  0xDFFF, 0xFFFF, 0xDFFF, 0x95BF, 0x949F, 0x949F, 0x949F, 0x949F, 0x949F, 0x949F, 0x949F, 0x949F,
  0x949F, 0x949F, 0x949F, 0x949F, 0x949F, 0x949F, 0x949F, 0x949F, 0x949F, 0x949F, 0x949F, 0x949F,
  0x949F, 0x949F, 0x949F, 0x949F, 0x949F, 0x949F, 0x949F, 0x949F, 0x949F, 0xDEDF, 0xFFFF, 0xFFFF,
  0xFFFF, 0xFFFF, 0xDEDF, 0x949F, 0x949F, 0x949F, 0x949F, 0x949F, 0x949F, 0x949F, 0xB5BF, 0xFFFF,
  0xDFFF, 0xDFFF, 0xDFFF, 0xDFFF, 0xDFFF, 0xFFFF, 0xB5BF, 0x949F, 0x95BF, 0x949F, 0x949F, 0xDEDF,
  0xDFFF, 0xFFFF, 0xFFFF, 0xFFFF, 0xDEDF, 0x95BF, 0x95BF, 0x949F, 0x949F, 0x949F, 0x949F, 0x95BF,
  0x6B75, 0x212A, 0x212A, 0x212A, 0x212A, 0x212A, 0x212A, 0x4A4A, 0x6B75, 0x6B75, 0x6B75, 0x6B75,
  0x6B75, 0x6B75, 0x6B75, 0x6B75, 0x6B75, 0x6B75, 0x6B75, 0x6B75, 0x6B75, 0x6B75, 0x6B75, 0x6B75,
  0x6B75, 0x6B75, 0x6B75, 0x6B75, 0x6B75, 0x6B75, 0x6B75, 0x6B75, 0x6B75, 0x6B75, 0x6B75, 0x6B75,
  0x6B75, 0x6B75, 0x6B75, 0x6B75, 0x6B75, 0x6B75, 0x6B75, 0x6B75, 0x6B75, 0x6B75, 0x6B75, 0x6B75,
  0x6B75, 0x6B75, 0x6B75, 0x4A4A, 0x212A, 0x212A, 0x212A, 0x212A, 0x9495, 0xFFFF, 0xFFFF, 0xFFFF,
  0xFFFF, 0xFFFF, 0xFFFF, 0xFFFF, 0xFFFF, 0xFFFF, 0xFFFF, 0xFFFF, 0xFFFF, 0xFFFF, 0xFFFF, 0xFFFF,
  0xFFFF, 0xFFFF, 0xFFFF, 0xFFFF, 0xFFFF, 0xFFFF, 0xFFFF, 0xFFFF, 0xFFFF, 0xFFFF, 0xFFFF, 0xFFFF,
  0xFFFF, 0xFFFF, 0xFFFF, 0xFFFF, 0xFFFF, 0xFFFF, 0xFFFF, 0x4A4A, 0x212A, 0x212A, 0x212A, 0x212A,
  0x492A, 0x6B75, 0x6B75, 0x6B75, 0x6B75, 0x6B75, 0x6B75, 0x6B75, 0x6B75, 0x6B75, 0x6B75, 0x6B75,
  0x6B75, 0x6B75, 0x6B75, 0x6B75, 0x6B75, 0x6B75, 0x6B75, 0x6B75, 0x6B75, 0x6B75, 0x6B75, 0x6B75,
  0x6B75, 0x6B75, 0x6B75, 0x6B75, 0x6B75, 0x6B75, 0x212A, 0x212A, 0x212A, 0x212A, 0x9495, 0x949F,
  0x949F, 0x949F, 0x949F, 0x949F, 0x949F, 0x949F, 0x949F, 0x949F, 0x949F, 0x949F, 0x949F, 0x949F,
  0x949F, 0x949F, 0x949F, 0x949F, 0x949F, 0x949F, 0x949F, 0x949F, 0x949F, 0x949F, 0x949F, 0x95BF,
  0xDEDF, 0xFFFF, 0xFFFF, 0xFFFF, 0xFFFF, 0xFFFF, 0xFFFF, 0xDFFF, 0x9495, 0x949F, 0xFFFF, 0xFFFF,
  0xFFFF, 0xFFFF, 0xFFFF, 0xFFFF, 0xB5BF, 0x949F, 0x949F, 0x949F, 0x949F, 0x949F, 0x949F, 0x949F,
  0x949F, 0x949F, 0x949F, 0x949F, 0x949F, 0x949F, 0x949F, 0x949F, 0x949F, 0x949F, 0x949F, 0x949F,
  0x949F, 0x949F, 0x949F, 0x949F, 0x949F, 0x949F, 0x949F, 0x949F, 0x949F, 0x949F, 0xFFFF, 0xFFFF,
  0xFFFF, 0xFFFF, 0xFFFF, 0xB5BF, 0x949F, 0x949F, 0x949F, 0x949F, 0x949F, 0xB5BF, 0xFFFF, 0xDFFF,
  0xDFFF, 0xDFFF, 0xDFFF, 0xDFFF, 0xFFFF, 0xB5BF, 0x949F, 0x949F, 0x949F, 0x949F, 0x949F, 0x949F,
  0xDEDF, 0xFFFF, 0xFFFF, 0xFFFF, 0xFFFF, 0xDEDF, 0x95BF, 0x949F, 0x949F, 0x949F, 0x949F, 0x949F,
  0xB5BF, 0xB5BF, 0x4A55, 0x012A, 0x212A, 0x212A, 0x212A, 0x212A, 0x212A, 0x6B75, 0x6B75, 0x6B75,
  0x6B75, 0x6B75, 0x6B75, 0x6B75, 0x6B75, 0x6B75, 0x6B75, 0x6B75, 0x6B75, 0x6B75, 0x6B75, 0x6B75,
  0x6B75, 0x6B75, 0x6B75, 0x6B75, 0x6B75, 0x6B75, 0x6B75, 0x6B75, 0x6B75, 0x6B75, 0x6B75, 0x6B75,
  0x6B75, 0x6B75, 0x6B75, 0x6B75, 0x6B75, 0x6B75, 0x6B75, 0x6B75, 0x6B75, 0x6B75, 0x6B75, 0x6B75,
  0x6B75, 0x6B75, 0x6B75, 0x6B75, 0x000A, 0x212A, 0x212A, 0x212A, 0x212A, 0xFFFF, 0xFFFF, 0xFFFF,
  0xFFFF, 0xFFFF, 0xFFFF, 0xFFFF, 0xFFFF, 0xFFFF, 0xFFFF, 0xFFFF, 0xFFFF, 0xFFFF, 0xFFFF, 0xFFFF,
  0xFFFF, 0xFFFF, 0xFFFF, 0xFFFF, 0xFFFF, 0xFFFF, 0xFFFF, 0xFFFF, 0xFFFF, 0xFFFF, 0xFFFF, 0xFFFF,
  0xFFFF, 0xFFFF, 0xFFFF, 0xFFFF, 0xFFFF, 0xFFFF, 0x6B6A, 0x212A, 0x212A, 0x212A, 0x212A, 0x4A4A,
  0x6B75, 0x6B75, 0x6B75, 0x6B75, 0x6B75, 0x6B75, 0x6B75, 0x6B75, 0x6B75, 0x6B75, 0x6B75, 0x6B75,
  0x6B75, 0x6B75, 0x6B75, 0x6B75, 0x6B75, 0x6B75, 0x6B75, 0x6B75, 0x6B75, 0x6B75, 0x6B75, 0x6B75,
  0x6B75, 0x6B75, 0x6B75, 0x6B75, 0x6B75, 0x212A, 0x212A, 0x212A, 0x212A, 0x212A, 0x949F, 0x949F,
  0x949F, 0x949F, 0x949F, 0x949F, 0x949F, 0x949F, 0x949F, 0x9495, 0x949F, 0x949F, 0x949F, 0x949F,
  0x949F, 0x949F, 0x949F, 0x949F, 0x949F, 0x949F, 0x949F, 0x949F, 0x949F, 0x949F, 0x95BF, 0xDFFF,
  0xDFFF, 0xDFFF, 0xFFFF, 0xFFFF, 0xFFFF, 0xFFFF, 0xDEDF, 0x949F, 0x949F, 0x949F, 0x949F, 0xB5BF,
  0xDFFF, 0xFFFF, 0xFFFF, 0xDFFF, 0xFFFF, 0xB5BF, 0x949F, 0x949F, 0x949F, 0x949F, 0x949F, 0x949F,
  0x949F, 0x949F, 0x949F, 0x949F, 0x949F, 0x949F, 0x949F, 0x949F, 0x949F, 0x949F, 0x949F, 0x949F,
  0x949F, 0x949F, 0x949F, 0x949F, 0x949F, 0x949F, 0x949F, 0x949F, 0x949F, 0x949F, 0xB5BF, 0xFFFF,
  0xFFFF, 0xFFFF, 0xFFFF, 0xFFFF, 0xB5BF, 0x9495, 0x949F, 0x949F, 0xDEDF, 0xFFFF, 0xDFFF, 0xDFFF,
  0xDFFF, 0xDFFF, 0xDFFF, 0xFFFF, 0x95BF, 0x949F, 0x949F, 0x949F, 0x949F, 0x949F, 0x949F, 0x949F,
  0x949F, 0xDEDF, 0xFFFF, 0xFFFF, 0xFFFF, 0xFFFF, 0xDEDF, 0x949F, 0x949F, 0x949F, 0x949F, 0x949F,
  0x949F, 0x949F, 0x949F, 0x95BF, 0x4A55, 0x000A, 0x212A, 0x212A, 0x212A, 0x212A, 0x4A4A, 0x6B75,
  0x6B75, 0x6B75, 0x6B75, 0x6B75, 0x6B75, 0x6B75, 0x6B75, 0x6B75, 0x6B75, 0x6B75, 0x6B75, 0x6B75,
  0x6B75, 0x6B75, 0x6B75, 0x6B75, 0x6B75, 0x6B75, 0x6B75, 0x6B75, 0x6B75, 0x6B75, 0x6B75, 0x6B75,
  0x6B75, 0x6B75, 0x6B75, 0x6B75, 0x6B75, 0x6B75, 0x6B75, 0x6B75, 0x6B75, 0x6B75, 0x6B75, 0x6B75,
  0x6B75, 0x6B75, 0x6B75, 0x6B75, 0x212A, 0x212A, 0x212A, 0x212A, 0x212A, 0xFFFF, 0xFFFF, 0xFFFF,
  0xFFFF, 0xFFFF, 0xFFFF, 0xFFFF, 0xFFFF, 0xFFFF, 0xFFFF, 0xFFFF, 0xFFFF, 0xFFFF, 0xFFFF, 0xFFFF,
  0xFFFF, 0xFFFF, 0xFFFF, 0xFFFF, 0xFFFF, 0xFFFF, 0xFFFF, 0xFFFF, 0xFFFF, 0xFFFF, 0xFFFF, 0xFFFF,
  0xFFFF, 0xFFFF, 0xFFFF, 0xFFFF, 0xFFFF, 0x4A4A, 0x212A, 0x212A, 0x212A, 0x212A, 0x212A, 0x6B75,
  0x6B75, 0x6B75, 0x6B75, 0x6B75, 0x6B75, 0x6B75, 0x6B75, 0x6B75, 0x6B75, 0x6B75, 0x6B75, 0x6B75,
  0x6B75, 0x6B75, 0x6B75, 0x6B75, 0x6B75, 0x6B75, 0x6B75, 0x6B75, 0x6B75, 0x6B75, 0x6B75, 0x6B75,
  0x6B75, 0x6B75, 0x6B75, 0x6B75, 0x4A4A, 0x212A, 0x212A, 0x212A, 0x212A, 0x9495, 0x949F, 0x949F,
  0x949F, 0x949F, 0x949F, 0x949F, 0x949F, 0x949F, 0x949F, 0x949F, 0x949F, 0x949F, 0x949F, 0x949F,
  0x949F, 0x949F, 0x949F, 0x949F, 0x949F, 0x949F, 0x949F, 0x949F, 0x949F, 0x9495, 0xDEDF, 0xDFFF,
  0xDFFF, 0xFFFF, 0xFFFF, 0xFFFF, 0xDEDF, 0xDEDF, 0x9495, 0x949F, 0x949F, 0x949F, 0x949F, 0x949F,
  0xDEDF, 0xDFFF, 0xFFFF, 0xFFFF, 0xFFFF, 0xFFFF, 0xB5BF, 0x949F, 0x949F, 0x949F, 0x949F, 0x949F,
  0x949F, 0x949F, 0x949F, 0x949F, 0x949F, 0x949F, 0x949F, 0x949F, 0x949F, 0x949F, 0x949F, 0x949F,
  0x949F, 0x949F, 0x949F, 0x949F, 0x949F, 0x949F, 0x949F, 0x949F, 0x949F, 0x949F, 0x949F, 0xB5BF,
  0xFFFF, 0xFFFF, 0xFFFF, 0xFFFF, 0xFFFF, 0x9495, 0x949F, 0xB5BF, 0xFFFF, 0xDFFF, 0xDFFF, 0xDFFF,
  0xFFFF, 0xDFFF, 0xDEDF, 0x95BF, 0x95BF, 0x949F, 0x949F, 0x949F, 0x949F, 0x949F, 0x949F, 0x949F,
  0x949F, 0x949F, 0xFFFF, 0xFFFF, 0xFFFF, 0xFFFF, 0xFFFF, 0xB5BF, 0x949F, 0x949F, 0x949F, 0x949F,
  0x949F, 0x949F, 0x949F, 0x949F, 0x949F, 0x949F, 0x212A, 0x212A, 0x212A, 0x212A, 0x4A4A, 0x6B75,
  0x6B75, 0x6B75, 0x6B75, 0x6B75, 0x6B75, 0x6B75, 0x6B75, 0x6B75, 0x6B75, 0x6B75, 0x6B75, 0x6B75,
  0x6B75, 0x6B75, 0x6B75, 0x6B75, 0x6B75, 0x6B75, 0x6B75, 0x6B75, 0x6B75, 0x6B75, 0x6B75, 0x6B75,
  0x6B75, 0x6B75, 0x6B75, 0x6B75, 0x6B75, 0x6B75, 0x6B75, 0x6B75, 0x6B75, 0x6B75, 0x6B75, 0x6B75,
  0x6B75, 0x6B75, 0x6B75, 0x6B75, 0x4A4A, 0x212A, 0x212A, 0x212A, 0x212A, 0x9495, 0xFFFF, 0xFFFF,
  0xFFFF, 0xFFFF, 0xFFFF, 0xFFFF, 0xFFFF, 0xFFFF, 0xFFFF, 0xFFFF, 0xFFFF, 0xFFFF, 0xFFFF, 0xFFFF,
  0xFFFF, 0xFFFF, 0xFFFF, 0xFFFF, 0xFFFF, 0xFFFF, 0xFFFF, 0xFFFF, 0xFFFF, 0xFFFF, 0xFFFF, 0xFFFF,
  0xFFFF, 0xFFFF, 0xFFFF, 0xFFFF, 0x9495, 0x212A, 0x212A, 0x212A, 0x212A, 0x4A4A, 0x6B75, 0x6B75,
  0x6B75, 0x6B75, 0x6B75, 0x6B75, 0x6B75, 0x6B75, 0x6B75, 0x6B75, 0x6B75, 0x6B75, 0x6B75, 0x6B75,
  0x6B75, 0x6B75, 0x6B75, 0x6B75, 0x6B75, 0x6B75, 0x6B75, 0x6B75, 0x6B75, 0x6B75, 0x6B75, 0x6B75,
  0x6B75, 0x6B75, 0x6B75, 0x6B75, 0x212A, 0x212A, 0x212A, 0x012A, 0x6B75, 0x949F, 0x949F, 0x949F,
  0x949F, 0x949F, 0x949F, 0x949F, 0x949F, 0x949F, 0x9495, 0x949F, 0x949F, 0x949F, 0x949F, 0x949F,
  0x949F, 0x949F, 0x949F, 0x949F, 0x949F, 0x949F, 0x949F, 0x949F, 0xB5BF, 0xDFFF, 0xFFFF, 0xDFFF,
  0xDFFF, 0xFFFF, 0xDFFF, 0xDFFF, 0xB5BF, 0x949F, 0x949F, 0x949F, 0x949F, 0x949F, 0x949F, 0x949F,
  0x949F, 0xDEDF, 0xDFFF, 0xFFFF, 0xFFFF, 0xFFFF, 0xFFFF, 0xB5BF, 0x949F, 0x949F, 0x949F, 0x949F,
  0x949F, 0x949F, 0x949F, 0x949F, 0x949F, 0x949F, 0x949F, 0x949F, 0x949F, 0x949F, 0x949F, 0x949F,
  0x949F, 0x949F, 0x949F, 0x949F, 0x949F, 0x949F, 0x949F, 0x949F, 0x949F, 0x949F, 0x949F, 0x949F,
  0xFFFF, 0xFFFF, 0xFFFF, 0xFFFF, 0xFFFF, 0xFFFF, 0xFFFF, 0xFFFF, 0xFFFF, 0xFFFF, 0xFFFF, 0xDEDF,
  0xDFFF, 0xDEDF, 0x949F, 0x949F, 0x949F, 0x949F, 0x949F, 0x949F, 0x949F, 0x949F, 0x949F, 0x949F,
  0x949F, 0x949F, 0x949F, 0xDEDF, 0xDFFF, 0xFFFF, 0xFFFF, 0xFFFF, 0xB5BF, 0x949F, 0x949F, 0x949F,
  0x949F, 0x949F, 0x95BF, 0x949F, 0x949F, 0x949F, 0x949F, 0x9495, 0x000A, 0x212A, 0x212A, 0x212A,
  0x4A4A, 0x6B75, 0x6B75, 0x6B75, 0x6B75, 0x6B75, 0x6B75, 0x6B75, 0x6B75, 0x6B75, 0x6B75, 0x6B75,
  0x6B75, 0x6B75, 0x6B75, 0x6B75, 0x6B75, 0x6B75, 0x6B75, 0x6B75, 0x6B75, 0x6B75, 0x6B75, 0x6B75,
  0x6B75, 0x6B75, 0x6B75, 0x6B75, 0x6B75, 0x6B75, 0x6B75, 0x6B75, 0x6B75, 0x6B75, 0x6B75, 0x6B75,
  0x6B75, 0x6B75, 0x6B75, 0x6B75, 0x6B75, 0x212A, 0x212A, 0x212A, 0x212A, 0x212A, 0xFFFF, 0xFFFF,
  0xFFFF, 0xFFFF, 0xFFFF, 0xFFFF, 0xFFFF, 0xFFFF, 0xFFFF, 0xFFFF, 0xFFFF, 0xFFFF, 0xFFFF, 0xFFFF,
  0xFFFF, 0xFFFF, 0xFFFF, 0xFFFF, 0xFFFF, 0xFFFF, 0xFFFF, 0xFFFF, 0xFFFF, 0xFFFF, 0xFFFF, 0xFFFF,
  0xFFFF, 0xFFFF, 0xFFFF, 0x4A4A, 0x212A, 0x212A, 0x212A, 0x212A, 0x212A, 0x6B75, 0x6B75, 0x6B75,
  0x6B75, 0x6B75, 0x6B75, 0x6B75, 0x6B75, 0x6B75, 0x6B75, 0x6B75, 0x6B75, 0x6B75, 0x6B75, 0x6B75,
  0x6B75, 0x6B75, 0x6B75, 0x6B75, 0x6B75, 0x6B75, 0x6B75, 0x6B75, 0x6B75, 0x6B75, 0x6B75, 0x6B75,
  0x6B75, 0x6B75, 0x6B75, 0x4A4A, 0x212A, 0x212A, 0x212A, 0x212A, 0x949F, 0x949F, 0x949F, 0x949F,
  0x949F, 0x949F, 0x949F, 0x949F, 0x949F, 0x949F, 0x949F, 0x949F, 0x949F, 0x95BF, 0x949F, 0x949F,
  0x949F, 0x949F, 0x949F, 0x949F, 0x949F, 0x949F, 0x949F, 0x949F, 0xDFFF, 0xDFFF, 0xFFFF, 0xFFFF,
  0xFFFF, 0xDFFF, 0xDFFF, 0xB6DF, 0x949F, 0x95BF, 0xB5BF, 0x949F, 0x949F, 0x949F, 0x949F, 0x949F,
  0x949F, 0x949F, 0xDEDF, 0xFFFF, 0xFFFF, 0xFFFF, 0xFFFF, 0xDFFF, 0x949F, 0x949F, 0x949F, 0x949F,
  0x949F, 0x949F, 0x949F, 0x949F, 0x949F, 0x949F, 0x949F, 0x949F, 0x949F, 0x949F, 0x949F, 0x949F,
  0x949F, 0x949F, 0x949F, 0x949F, 0x949F, 0x949F, 0x949F, 0x949F, 0x949F, 0x949F, 0x949F, 0x949F,
  0x949F, 0xDFFF, 0xFFFF, 0xFFFF, 0xFFFF, 0xFFFF, 0xFFFF, 0xFFFF, 0xFFFF, 0xFFFF, 0xFFFF, 0xFFFF,
  0xDEDF, 0x9495, 0x949F, 0x949F, 0x949F, 0x949F, 0x949F, 0x949F, 0x949F, 0x949F, 0x949F, 0x949F,
  0x949F, 0x949F, 0x949F, 0x949F, 0xDFFF, 0xFFFF, 0xFFFF, 0xFFFF, 0xFFFF, 0xB5BF, 0x949F, 0x949F,
  0x949F, 0x949F, 0x95BF, 0x949F, 0x949F, 0x949F, 0x949F, 0x949F, 0x212A, 0x212A, 0x212A, 0x212A,
  0x212A, 0x4A4A, 0x6B75, 0x6B75, 0x6B75, 0x6B75, 0x6B75, 0x6B75, 0x6B75, 0x6B75, 0x6B75, 0x6B75,
  0x6B75, 0x6B75, 0x6B75, 0x6B75, 0x6B75, 0x6B75, 0x6B75, 0x6B75, 0x6B75, 0x6B75, 0x6B75, 0x6B75,
  0x6B75, 0x6B75, 0x6B75, 0x6B75, 0x6B75, 0x6B75, 0x6B75, 0x6B75, 0x6B75, 0x6B75, 0x6B75, 0x6B75,
  0x6B75, 0x6B75, 0x6B75, 0x6B75, 0x6B75, 0x212A, 0x212A, 0x212A, 0x212A, 0x4A4A, 0xFFFF, 0xFFFF,
  0xFFFF, 0xFFFF, 0xFFFF, 0xFFFF, 0xFFFF, 0xFFFF, 0xFFFF, 0xFFFF, 0xFFFF, 0xFFFF, 0xFFFF, 0xFFFF,
  0xFFFF, 0xFFFF, 0xFFFF, 0xFFFF, 0xFFFF, 0xFFFF, 0xFFFF, 0xFFFF, 0xFFFF, 0xFFFF, 0xFFFF, 0xFFFF,
  0xFFFF, 0xFFFF, 0x212A, 0x212A, 0x212A, 0x212A, 0x212A, 0x212A, 0x6B75, 0x6B75, 0x6B75, 0x6B75,
  0x6B75, 0x6B75, 0x6B75, 0x6B75, 0x6B75, 0x6B75, 0x6B75, 0x6B75, 0x6B75, 0x6B75, 0x6B75, 0x6B75,
  0x6B75, 0x6B75, 0x6B75, 0x6B75, 0x6B75, 0x6B75, 0x6B75, 0x6B75, 0x6B75, 0x6B75, 0x6B75, 0x6B75,
  0x6B75, 0x6B75, 0x6B75, 0x212A, 0x212A, 0x212A, 0x212A, 0x9495, 0x949F, 0x949F, 0x949F, 0x949F,
  0x949F, 0x949F, 0x949F, 0x949F, 0x949F, 0x949F, 0x949F, 0x949F, 0x949F, 0x949F, 0x949F, 0x949F,
  0x949F, 0x949F, 0x949F, 0x949F, 0x949F, 0x949F, 0x949F, 0xB5BF, 0xDFFF, 0xFFFF, 0xFFFF, 0xFFFF,
  0xFFFF, 0xFFFF, 0xB5BF, 0x949F, 0x949F, 0x949F, 0x949F, 0x949F, 0x949F, 0x949F, 0x949F, 0x949F,
  0x949F, 0x949F, 0xB5BF, 0xDEDF, 0xFFFF, 0xFFFF, 0xFFFF, 0xDFFF, 0xDEDF, 0x949F, 0x949F, 0x949F,
  0x949F, 0x949F, 0x949F, 0x949F, 0x949F, 0x949F, 0x949F, 0x949F, 0x949F, 0x949F, 0x949F, 0x949F,
  0x949F, 0x949F, 0x949F, 0x949F, 0x949F, 0x949F, 0x949F, 0x949F, 0x949F, 0x949F, 0x949F, 0x949F,
  0x949F, 0xB5BF, 0xFFFF, 0xFFFF, 0xFFFF, 0xFFFF, 0xFFFF, 0xFFFF, 0xFFFF, 0xFFFF, 0xFFFF, 0xB5BF,
  0x949F, 0x949F, 0x949F, 0x949F, 0x949F, 0x949F, 0x949F, 0x949F, 0x949F, 0xB5BF, 0x95BF, 0x949F,
  0x949F, 0x949F, 0x949F, 0x949F, 0xDEDF, 0xFFFF, 0xFFFF, 0xFFFF, 0xFFFF, 0xFFFF, 0x9495, 0x949F,
  0x949F, 0x949F, 0x949F, 0x95BF, 0x95BF, 0x949F, 0x949F, 0x949F, 0x949F, 0x4A55, 0x212A, 0x212A,
  0x212A, 0x212A, 0x6B75, 0x6B75, 0x6B75, 0x6B75, 0x6B75, 0x6B75, 0x6B75, 0x6B75, 0x6B75, 0x6B75,
  0x6B75, 0x6B75, 0x6B75, 0x6B75, 0x6B75, 0x6B75, 0x6B75, 0x6B75, 0x6B75, 0x6B75, 0x6B75, 0x6B75,
  0x6B75, 0x6B75, 0x6B75, 0x6B75, 0x6B75, 0x6B75, 0x6B75, 0x6B75, 0x6B75, 0x6B75, 0x6B75, 0x6B75,
  0x6B75, 0x6B75, 0x6B75, 0x6B75, 0x6B75, 0x212A, 0x212A, 0x212A, 0x212A, 0x212A, 0xFFFF, 0xFFFF,
  0xFFFF, 0xFFFF, 0xFFFF, 0xFFFF, 0xFFFF, 0xFFFF, 0xFFFF, 0xFFFF, 0xFFFF, 0xFFFF, 0xFFFF, 0xFFFF,
  0xFFFF, 0xFFFF, 0xFFFF, 0xFFFF, 0xFFFF, 0xFFFF, 0xFFFF, 0xFFFF, 0xFFFF, 0xFFFF, 0xFFFF, 0xFFFF,
  0xFFFF, 0x2120, 0x212A, 0x212A, 0x212A, 0x212A, 0x212A, 0x6B75, 0x6B75, 0x6B75, 0x6B75, 0x6B75,
  0x6B75, 0x6B75, 0x6B75, 0x6B75, 0x6B75, 0x6B75, 0x6B75, 0x6B75, 0x6B75, 0x6B75, 0x6B75, 0x6B75,
  0x6B75, 0x6B75, 0x6B75, 0x6B75, 0x6B75, 0x6B75, 0x6B75, 0x6B75, 0x6B75, 0x6B75, 0x6B75, 0x6B75,
  0x6B75, 0x6B75, 0x212A, 0x212A, 0x212A, 0x212A, 0x000A, 0x949F, 0x949F, 0x949F, 0x949F, 0x949F,
  0x949F, 0x949F, 0x949F, 0x949F, 0x949F, 0x949F, 0x949F, 0x949F, 0x949F, 0x949F, 0x949F, 0x949F,
  0x949F, 0x949F, 0x949F, 0x949F, 0x949F, 0x95BF, 0xFFFF, 0xFFFF, 0xDFFF, 0xDFFF, 0xFFFF, 0xFFFF,
  0xFFFF, 0xB5BF, 0x949F, 0x949F, 0x949F, 0x949F, 0x949F, 0x949F, 0x949F, 0x949F, 0x949F, 0x949F,
  0x949F, 0x949F, 0x949F, 0xB5BF, 0xFFFF, 0xFFFF, 0xFFFF, 0xFFFF, 0xFFFF, 0xDEDF, 0x949F, 0x949F,
  0x949F, 0x949F, 0x949F, 0x949F, 0x949F, 0xB5BF, 0x949F, 0x949F, 0x949F, 0x949F, 0x949F, 0x949F,
  0x949F, 0x949F, 0x949F, 0x949F, 0x949F, 0x949F, 0x949F, 0x949F, 0x949F, 0x949F, 0x949F, 0x949F,
  0x949F, 0x949F, 0xB5BF, 0xFFFF, 0xFFFF, 0xFFFF, 0xFFFF, 0xFFFF, 0xFFFF, 0xFFFF, 0xDEDF, 0x949F,
  0x949F, 0x949F, 0x949F, 0x949F, 0x949F, 0x949F, 0x949F, 0x949F, 0x949F, 0x949F, 0x949F, 0x95BF,
  0x949F, 0x949F, 0x949F, 0x949F, 0x949F, 0xB5BF, 0xFFFF, 0xFFFF, 0xFFFF, 0xFFFF, 0xDEDF, 0x949F,
  0x949F, 0x949F, 0x949F, 0x949F, 0x949F, 0x949F, 0x949F, 0x949F, 0x949F, 0x949F, 0x212A, 0x212A,
  0x212A, 0x212A, 0x212A, 0x6B75, 0x6B75, 0x6B75, 0x6B75, 0x6B75, 0x6B75, 0x6B75, 0x6B75, 0x6B75,
  0x6B75, 0x6B75, 0x6B75, 0x6B75, 0x6B75, 0x6B75, 0x6B75, 0x6B75, 0x6B75, 0x6B75, 0x6B75, 0x6B75,
  0x6B75, 0x6B75, 0x6B75, 0x6B75, 0x6B75, 0x6B75, 0x6B75, 0x6B75, 0x6B75, 0x6B75, 0x6B75, 0x6B75,
  0x6B75, 0x6B75, 0x6B75, 0x6B75, 0x6B75, 0x212A, 0x212A, 0x212A, 0x212A, 0x212A, 0xFFFF, 0xFFFF,
  0xFFFF, 0xFFFF, 0xFFFF, 0xFFFF, 0xFFFF, 0xFFFF, 0xFFFF, 0xFFFF, 0xFFFF, 0xFFFF, 0xFFFF, 0xFFFF,
  0xFFFF, 0xFFFF, 0xFFFF, 0xFFFF, 0xFFFF, 0xFFFF, 0xFFFF, 0xFFFF, 0xFFFF, 0xFFFF, 0xFFFF, 0xB5B5,
  0x0000, 0x212A, 0x212A, 0x212A, 0x212A, 0x212A, 0x6B75, 0x6B75, 0x6B75, 0x6B75, 0x6B75, 0x6B75,
  0x6B75, 0x6B75, 0x6B75, 0x6B75, 0x6B75, 0x6B75, 0x6B75, 0x6B75, 0x6B75, 0x6B75, 0x6B75, 0x6B75,
  0x6B75, 0x6B75, 0x6B75, 0x6B75, 0x6B75, 0x6B75, 0x6B75, 0x6B75, 0x6B75, 0x6B75, 0x6B75, 0x6B75,
  0x6B75, 0x6B75, 0x212A, 0x212A, 0x212A, 0x212A, 0x4A4A, 0x949F, 0x949F, 0x949F, 0x949F, 0x949F,
  0x949F, 0x949F, 0x949F, 0x949F, 0x949F, 0x949F, 0x949F, 0x949F, 0x949F, 0x949F, 0x949F, 0x949F,
  0x949F, 0x949F, 0x949F, 0x949F, 0x949F, 0xFFFF, 0xDFFF, 0xDFFF, 0xDFFF, 0xDFFF, 0xFFFF, 0xDEDF,
  0x949F, 0x949F, 0x949F, 0x949F, 0xB5BF, 0x949F, 0x949F, 0x949F, 0x949F, 0x949F, 0x949F, 0x949F,
  0x949F, 0x949F, 0x949F, 0x949F, 0xB5BF, 0xFFFF, 0xFFFF, 0xFFFF, 0xDFFF, 0xFFFF, 0xDEDF, 0x949F,
  0x949F, 0x949F, 0x949F, 0x949F, 0x949F, 0x949F, 0x949F, 0x949F, 0x949F, 0x949F, 0x949F, 0x949F,
  0x949F, 0x949F, 0x949F, 0x949F, 0x949F, 0x949F, 0x949F, 0x949F, 0x949F, 0x949F, 0x949F, 0x949F,
  0x949F, 0x9495, 0xB6DF, 0xFFFF, 0xFFFF, 0xFFFF, 0xFFFF, 0xFFFF, 0xFFFF, 0xB5BF, 0x9495, 0x949F,
  0x949F, 0x949F, 0x949F, 0x949F, 0x949F, 0x949F, 0x949F, 0x949F, 0x949F, 0x949F, 0x949F, 0x949F,
  0x949F, 0x949F, 0x949F, 0x949F, 0x949F, 0xB5BF, 0xDEDF, 0xFFFF, 0xFFFF, 0xFFFF, 0xFFFF, 0xB5BF,
  0x949F, 0x949F, 0x949F, 0x949F, 0x949F, 0x949F, 0x949F, 0x949F, 0x949F, 0x949F, 0x4A4A, 0x212A,
  0x212A, 0x212A, 0x212A, 0x6B75, 0x6B75, 0x6B75, 0x6B75, 0x6B75, 0x6B75, 0x6B75, 0x6B75, 0x6B75,
  0x6B75, 0x6B75, 0x6B75, 0x6B75, 0x6B75, 0x6B75, 0x6B75, 0x6B75, 0x6B75, 0x6B75, 0x6B75, 0x6B75,
  0x6B75, 0x6B75, 0x6B75, 0x6B75, 0x6B75, 0x6B75, 0x6B75, 0x6B75, 0x6B75, 0x6B75, 0x6B75, 0x6B75,
  0x6B75, 0x6B75, 0x6B75, 0x6B75, 0x6B75, 0x4A4A, 0x212A, 0x212A, 0x212A, 0x212A, 0xFFFF, 0xFFFF,
  0xFFFF, 0xFFFF, 0xFFFF, 0xFFFF, 0xFFFF, 0xFFFF, 0xFFFF, 0xFFFF, 0xFFFF, 0xFFFF, 0xFFFF, 0xFFFF,
  0xFFFF, 0xFFFF, 0xFFFF, 0xFFFF, 0xFFFF, 0xFFFF, 0xFFFF, 0xFFFF, 0xFFFF, 0xFFFF, 0xFFFF, 0x212A,
  0x212A, 0x212A, 0x212A, 0x212A, 0x212A, 0x6B75, 0x6B75, 0x6B75, 0x6B75, 0x6B75, 0x6B75, 0x6B75,
  0x6B75, 0x6B75, 0x6B75, 0x6B75, 0x6B75, 0x6B75, 0x6B75, 0x6B75, 0x6B75, 0x6B75, 0x6B75, 0x6B75,
  0x6B75, 0x6B75, 0x6B75, 0x6B75, 0x6B75, 0x6B75, 0x6B75, 0x6B75, 0x6B75, 0x6B75, 0x6B75, 0x6B75,
  0x6B75, 0x4A4A, 0x212A, 0x212A, 0x212A, 0x000A, 0x949F, 0x949F, 0x949F, 0x949F, 0x949F, 0x949F,
  0x949F, 0x949F, 0x949F, 0x949F, 0x949F, 0x949F, 0x949F, 0x949F, 0x949F, 0x949F, 0x949F, 0x949F,
  0x949F, 0x949F, 0x949F, 0x949F, 0xB5BF, 0xFFFF, 0xDFFF, 0xDFFF, 0xFFFF, 0xFFFF, 0xDFFF, 0x9495,
  0x949F, 0x949F, 0x949F, 0x949F, 0x949F, 0x949F, 0x949F, 0x949F, 0x949F, 0x949F, 0x949F, 0x949F,
  0x949F, 0x949F, 0x949F, 0x949F, 0x949F, 0xDEDF, 0xDFFF, 0xDFFF, 0xDFFF, 0xDFFF, 0xFFFF, 0xB6DF,
  0x949F, 0x949F, 0x949F, 0x949F, 0x949F, 0x949F, 0x949F, 0x949F, 0x949F, 0x949F, 0x949F, 0x949F,
  0x949F, 0x949F, 0x949F, 0x949F, 0x949F, 0x949F, 0x949F, 0x949F, 0x949F, 0x949F, 0x949F, 0x949F,
  0x949F, 0xB5BF, 0xFFFF, 0xFFFF, 0xFFFF, 0xFFFF, 0xFFFF, 0xFFFF, 0xFFFF, 0xB5BF, 0x949F, 0x949F,
  0x949F, 0x949F, 0x949F, 0x949F, 0x949F, 0x949F, 0x949F, 0x949F, 0x949F, 0x949F, 0x949F, 0x949F,
  0x949F, 0x949F, 0x949F, 0x949F, 0x949F, 0x949F, 0x949F, 0xFFFF, 0xFFFF, 0xFFFF, 0xFFFF, 0xFFFF,
  0x949F, 0x949F, 0x949F, 0x949F, 0x949F, 0x949F, 0x949F, 0x949F, 0x949F, 0x949F, 0x949F, 0x212A,
  0x212A, 0x212A, 0x212A, 0x212A, 0x6B75, 0x6B75, 0x6B75, 0x6B75, 0x6B75, 0x6B75, 0x6B75, 0x6B75,
  0x6B75, 0x6B75, 0x6B75, 0x6B75, 0x6B75, 0x6B75, 0x6B75, 0x6B75, 0x6B75, 0x6B75, 0x6B75, 0x6B75,
  0x6B75, 0x6B75, 0x6B75, 0x6B75, 0x6B75, 0x6B75, 0x6B75, 0x6B75, 0x6B75, 0x6B75, 0x6B75, 0x6B75,
  0x6B75, 0x6B75, 0x6B75, 0x6B75, 0x6B75, 0x6B6A, 0x212A, 0x212A, 0x212A, 0x212A, 0xDEDF, 0xFFFF,
  0xFFFF, 0xFFFF, 0xFFFF, 0xFFFF, 0xFFFF, 0xFFFF, 0xFFFF, 0xFFFF, 0xFFFF, 0xFFFF, 0xFFFF, 0xFFFF,
  0xFFFF, 0xFFFF, 0xFFFF, 0xFFFF, 0xFFFF, 0xFFFF, 0xFFFF, 0xFFFF, 0xB5B5, 0x2000, 0x200A, 0x212A,
  0x212A, 0x212A, 0x212A, 0x6A55, 0x6B75, 0x6B75, 0x6B75, 0x6B75, 0x6B75, 0x6B75, 0x6B75, 0x6B75,
  0x6B75, 0x6B75, 0x6B75, 0x6B75, 0x6B75, 0x6B75, 0x6B75, 0x6B75, 0x6B75, 0x6B75, 0x6B75, 0x6B75,
  0x6B75, 0x6B75, 0x6B75, 0x6B75, 0x6B75, 0x6B75, 0x6B75, 0x6B75, 0x6B75, 0x6B75, 0x6B75, 0x6B75,
  0x6B75, 0x212A, 0x212A, 0x212A, 0x212A, 0x6B75, 0x949F, 0x949F, 0x949F, 0x949F, 0x949F, 0x949F,
  0x949F, 0x949F, 0x949F, 0x949F, 0x949F, 0x949F, 0x949F, 0x949F, 0x949F, 0x949F, 0x949F, 0x949F,
  0x949F, 0x949F, 0x949F, 0xDEDF, 0xFFFF, 0xFFFF, 0xFFFF, 0xFFFF, 0xFFFF, 0xDEDF, 0x95BF, 0x949F,
  0x949F, 0x949F, 0x949F, 0x949F, 0x949F, 0x949F, 0x949F, 0x949F, 0x949F, 0x949F, 0x949F, 0x949F,
  0x949F, 0x949F, 0x949F, 0x949F, 0x949F, 0xB5BF, 0xDEDF, 0xDFFF, 0xDFFF, 0xFFFF, 0xDFFF, 0xDFFF,
  0xB5BF, 0x949F, 0x949F, 0x949F, 0x949F, 0x949F, 0x949F, 0x949F, 0x949F, 0x949F, 0x949F, 0x949F,
  0x949F, 0x949F, 0x949F, 0x949F, 0x949F, 0x949F, 0x949F, 0x949F, 0x949F, 0x949F, 0x949F, 0x949F,
  0xB6DF, 0xDFFF, 0xFFFF, 0xFFFF, 0xFFFF, 0xFFFF, 0xFFFF, 0xFFFF, 0xFFFF, 0xFFFF, 0xB5BF, 0x949F,
  0x949F, 0x949F, 0x949F, 0x949F, 0x949F, 0x949F, 0x949F, 0x949F, 0x949F, 0x949F, 0x949F, 0x949F,
  0x949F, 0x949F, 0x949F, 0x949F, 0x949F, 0x949F, 0x949F, 0x949F, 0xFFFF, 0xFFFF, 0xFFFF, 0xFFFF,
  0xB5BF, 0x949F, 0x949F, 0x949F, 0x949F, 0x95BF, 0x949F, 0x949F, 0x949F, 0x949F, 0x949F, 0x212A,
  0x212A, 0x212A, 0x212A, 0x212A, 0x212A, 0x6B75, 0x6B75, 0x6B75, 0x6B75, 0x6B75, 0x6B75, 0x6B75,
  0x6B75, 0x6B75, 0x6B75, 0x6B75, 0x6B75, 0x6B75, 0x6B75, 0x6B75, 0x6B75, 0x6B75, 0x6B75, 0x6B75,
  0x6B75, 0x6B75, 0x6B75, 0x6B75, 0x6B75, 0x6B75, 0x6B75, 0x6B75, 0x6B75, 0x6B75, 0x6B75, 0x6B75,
  0x6B75, 0x6B75, 0x6B75, 0x6B75, 0x6B75, 0x6B75, 0x212A, 0x212A, 0x212A, 0x212A, 0x4A4A, 0xFFFF,
  0xFFFF, 0xFFFF, 0xFFFF, 0xFFFF, 0xFFFF, 0xFFFF, 0xFFFF, 0xFFFF, 0xFFFF, 0xFFFF, 0xFFFF, 0xFFFF,
  0xFFFF, 0xFFFF, 0xFFFF, 0xFFFF, 0xFFFF, 0xFFFF, 0xFFFF, 0x6B6A, 0x200A, 0x212A, 0x212A, 0x212A,
  0x212A, 0x212A, 0x6B75, 0x6B75, 0x6B75, 0x6B75, 0x6B75, 0x6B75, 0x6B75, 0x6B75, 0x6B75, 0x6B75,
  0x6B75, 0x6B75, 0x6B75, 0x6B75, 0x6B75, 0x6B75, 0x6B75, 0x6B75, 0x6B75, 0x6B75, 0x6B75, 0x6B75,
  0x6B75, 0x6B75, 0x6B75, 0x6B75, 0x6B75, 0x6B75, 0x6B75, 0x6B75, 0x6B75, 0x6B75, 0x6B75, 0x6B75,
  0x212A, 0x212A, 0x212A, 0x212A, 0x212A, 0x949F, 0x949F, 0x949F, 0x949F, 0x949F, 0x949F, 0x949F,
  0x949F, 0x949F, 0x949F, 0x949F, 0x949F, 0x949F, 0x949F, 0x949F, 0x949F, 0x949F, 0x95BF, 0x949F,
  0x949F, 0x949F, 0xDEDF, 0xDEDF, 0xFFFF, 0xFFFF, 0xFFFF, 0xFFFF, 0xDEDF, 0xB5BF, 0x949F, 0x949F,
  0x949F, 0x949F, 0x949F, 0x949F, 0x949F, 0x949F, 0x949F, 0x949F, 0x949F, 0x949F, 0x949F, 0x949F,
  0x949F, 0x949F, 0x949F, 0x949F, 0x949F, 0x949F, 0xB5BF, 0xDFFF, 0xDFFF, 0xDFFF, 0xDFFF, 0xDFFF,
  0xDEDF, 0x949F, 0x949F, 0x949F, 0x949F, 0x949F, 0x949F, 0x949F, 0x949F, 0x949F, 0x949F, 0x949F,
  0x949F, 0x949F, 0x949F, 0x949F, 0x949F, 0x949F, 0x949F, 0x949F, 0x949F, 0x949F, 0x949F, 0x9495,
  0xFFFF, 0xDFFF, 0xFFFF, 0xFFFF, 0xFFFF, 0xFFFF, 0xFFFF, 0xFFFF, 0xFFFF, 0xFFFF, 0xDEDF, 0x949F,
  0x949F, 0x949F, 0x949F, 0x949F, 0x949F, 0x949F, 0x949F, 0x949F, 0x949F, 0x949F, 0x949F, 0x95BF,
  0x95BF, 0x949F, 0x949F, 0x949F, 0x949F, 0x949F, 0x949F, 0x949F, 0xB5BF, 0xDEDF, 0xFFFF, 0xFFFF,
  0xFFFF, 0xB5BF, 0x949F, 0x949F, 0x949F, 0x949F, 0x949F, 0x949F, 0x949F, 0x949F, 0x949F, 0x212A,
  0x212A, 0x212A, 0x212A, 0x212A, 0x200A, 0x6B75, 0x6B75, 0x6B75, 0x6B75, 0x6B75, 0x6B75, 0x6B75,
  0x6B75, 0x6B75, 0x6B75, 0x6B75, 0x6B75, 0x6B75, 0x6B75, 0x6B75, 0x6B75, 0x6B75, 0x6B75, 0x6B75,
  0x6B75, 0x6B75, 0x6B75, 0x6B75, 0x6B75, 0x6B75, 0x6B75, 0x6B75, 0x6B75, 0x6B75, 0x6B75, 0x6B75,
  0x6B75, 0x6B75, 0x6B75, 0x6B75, 0x6B75, 0x6B75, 0x212A, 0x212A, 0x212A, 0x212A, 0x212A, 0xFFFF,
  0xFFFF, 0xFFFF, 0xFFFF, 0xFFFF, 0xFFFF, 0xFFFF, 0xFFFF, 0xFFFF, 0xFFFF, 0xFFFF, 0xFFFF, 0xFFFF,
  0xFFFF, 0xFFFF, 0xFFFF, 0x2120, 0x2120, 0x2120, 0x212A, 0x212A, 0x212A, 0x212A, 0x212A, 0x212A,
  0x000A, 0x6B75, 0x6B75, 0x6B75, 0x6B75, 0x6B75, 0x6B75, 0x6B75, 0x6B75, 0x6B75, 0x6B75, 0x6B75,
  0x6B75, 0x6B75, 0x6B75, 0x6B75, 0x6B75, 0x6B75, 0x6B75, 0x6B75, 0x6B75, 0x6B75, 0x6B75, 0x6B75,
  0x6B75, 0x6B75, 0x6B75, 0x6B75, 0x6B75, 0x6B75, 0x6B75, 0x6B75, 0x6B75, 0x6B75, 0x6B75, 0x6B75,
  0x212A, 0x212A, 0x212A, 0x212A, 0x6B75, 0x949F, 0x949F, 0x949F, 0x949F, 0x949F, 0x949F, 0x949F,
  0x949F, 0x949F, 0x949F, 0x949F, 0x949F, 0x949F, 0x949F, 0x949F, 0x949F, 0x949F, 0x949F, 0x95BF,
  0x949F, 0xB5BF, 0xDFFF, 0xFFFF, 0xFFFF, 0xFFFF, 0xFFFF, 0xFFFF, 0x949F, 0x949F, 0x949F, 0x949F,
  0x949F, 0x949F, 0x949F, 0x949F, 0x949F, 0x949F, 0x949F, 0x949F, 0x949F, 0x949F, 0x949F, 0x949F,
  0x949F, 0x949F, 0x949F, 0x949F, 0x949F, 0x949F, 0x949F, 0x949F, 0xFFFF, 0xDFFF, 0xDFFF, 0xDFFF,
  0xDFFF, 0xDEDF, 0x949F, 0x949F, 0x949F, 0x949F, 0x949F, 0x949F, 0x949F, 0x949F, 0x949F, 0x949F,
  0x949F, 0x949F, 0x949F, 0x949F, 0x949F, 0x949F, 0x949F, 0x949F, 0x949F, 0x949F, 0x949F, 0xDEDF,
  0xFFFF, 0xDFFF, 0xFFFF, 0xFFFF, 0xFFFF, 0xDFFF, 0xDEDF, 0xFFFF, 0xFFFF, 0xFFFF, 0xDEDF, 0x949F,
  0x949F, 0x949F, 0x949F, 0x949F, 0x949F, 0x949F, 0x949F, 0x949F, 0x949F, 0x949F, 0x949F, 0x949F,
  0x949F, 0x949F, 0x949F, 0x949F, 0x949F, 0x949F, 0x949F, 0x949F, 0x949F, 0xFFFF, 0xFFFF, 0xFFFF,
  0xFFFF, 0xFFFF, 0x949F, 0x949F, 0x949F, 0x949F, 0x949F, 0x949F, 0x949F, 0x949F, 0x949F, 0x212A,
  0x212A, 0x212A, 0x212A, 0x212A, 0x212A, 0x6B75, 0x6B75, 0x6B75, 0x6B75, 0x6B75, 0x6B75, 0x6B75,
  0x6B75, 0x6B75, 0x6B75, 0x6B75, 0x6B75, 0x6B75, 0x6B75, 0x6B75, 0x6B75, 0x6B75, 0x6B75, 0x6B75,
  0x6B75, 0x6B75, 0x6B75, 0x6B75, 0x6B75, 0x6B75, 0x6B75, 0x6B75, 0x6B75, 0x6B75, 0x6B75, 0x6B75,
  0x6B75, 0x6B75, 0x6B75, 0x6B75, 0x6B75, 0x6B75, 0x212A, 0x212A, 0x212A, 0x212A, 0x212A, 0xFFFF,
  0xFFFF, 0xFFFF, 0xFFFF, 0xFFFF, 0xFFFF, 0xFFFF, 0xFFFF, 0xFFFF, 0xFFFF, 0xFFFF, 0xFFFF, 0xFFFF,
  0xFFFF, 0xFFFF, 0x2120, 0x200A, 0x212A, 0x212A, 0x212A, 0x212A, 0x212A, 0x212A, 0x212A, 0x6B75,
  0x6B75, 0x6B75, 0x6B75, 0x6B75, 0x6B75, 0x6B75, 0x6B75, 0x6B75, 0x6B75, 0x6B75, 0x6B75, 0x6B75,
  0x6B75, 0x6B75, 0x6B75, 0x6B75, 0x6B75, 0x6B75, 0x6B75, 0x6B75, 0x6B75, 0x6B75, 0x6B75, 0x6B75,
  0x6B75, 0x6B75, 0x6B75, 0x6B75, 0x6B75, 0x6B75, 0x6B75, 0x6B75, 0x6B75, 0x6B75, 0x6B75, 0x0120,
  0x212A, 0x212A, 0x212A, 0x212A, 0x949F, 0x949F, 0x949F, 0x949F, 0x949F, 0x949F, 0x949F, 0x949F,
  0x949F, 0x949F, 0x949F, 0x949F, 0x95BF, 0x949F, 0x949F, 0x949F, 0x9495, 0x4A4A, 0x212A, 0x212A,
  0x212A, 0x212A, 0x212A, 0x012A, 0x212A, 0x212A, 0x212A, 0x212A, 0x212A, 0x212A, 0x212A, 0x212A,
  0x212A, 0x212A, 0x4A4A, 0x212A, 0x4A55, 0x4A4A, 0x4A4A, 0x6B75, 0x6B75, 0x949F, 0x9495, 0x949F,
  0x9495, 0x949F, 0xB49F, 0xB5BF, 0xB5BF, 0x949F, 0xB49F, 0x949F, 0x9495, 0xFFFF, 0xFFFF, 0xFFFF,
  0xFFFF, 0xDFFF, 0xB5BF, 0x949F, 0x949F, 0x949F, 0x949F, 0x949F, 0x949F, 0x949F, 0x949F, 0x949F,
  0x949F, 0x949F, 0x949F, 0x949F, 0x949F, 0x949F, 0x949F, 0x949F, 0x949F, 0x949F, 0xFFFF, 0xDFFF,
  0xFFFF, 0xFFFF, 0xFFFF, 0xFFFF, 0xB5BF, 0xB49F, 0x949F, 0xDEDF, 0xFFFF, 0xFFFF, 0xDFFF, 0xFFFF,
  0xB5BF, 0x949F, 0x949F, 0x949F, 0x949F, 0x949F, 0x949F, 0x949F, 0x949F, 0x949F, 0x949F, 0x949F,
  0x949F, 0x949F, 0x949F, 0x949F, 0x949F, 0x949F, 0x949F, 0x949F, 0xB5BF, 0x949F, 0xFFFF, 0xFFFF,
  0xFFFF, 0xFFFF, 0xDEDF, 0x949F, 0x949F, 0x949F, 0x949F, 0x949F, 0x949F, 0x949F, 0x949F, 0x949F,
  0x212A, 0x212A, 0x212A, 0x212A, 0x212A, 0x4A4A, 0x6B75, 0x6B75, 0x6B75, 0x6B75, 0x6B75, 0x6B75,
  0x6B75, 0x6B75, 0x6B75, 0x6B75, 0x6B75, 0x6B75, 0x6B75, 0x6B75, 0x6B75, 0x6B75, 0x6B75, 0x6B75,
  0x6B75, 0x6B75, 0x6B75, 0x6B75, 0x6B75, 0x6B75, 0x6B75, 0x6B75, 0x6B75, 0x6B75, 0x6B75, 0x6B75,
  0x6B75, 0x6B75, 0x6B75, 0x6B75, 0x6B75, 0x6B75, 0x6B75, 0x212A, 0x212A, 0x212A, 0x212A, 0x4A4A,
  0xFFFF, 0xFFFF, 0xFFFF, 0xFFFF, 0xFFFF, 0xFFFF, 0xFFFF, 0xFFFF, 0xFFFF, 0xFFFF, 0xFFFF, 0xFFFF,
  0xFFFF, 0xFFFF, 0x4A4A, 0x200A, 0x212A, 0x212A, 0x212A, 0x212A, 0x212A, 0x4A4A, 0x6B75, 0x6B75,
  0x6B75, 0x6B75, 0x6B75, 0x6B75, 0x6B75, 0x6B75, 0x6B75, 0x4A4A, 0x6B75, 0x6B75, 0x6B75, 0x6B75,
  0x6B75, 0x6B75, 0x6B75, 0x6B75, 0x6B75, 0x6B75, 0x6B75, 0x6B75, 0x6B75, 0x6B75, 0x6B75, 0x6B75,
  0x6B75, 0x6B75, 0x6B75, 0x6B75, 0x6B75, 0x6B75, 0x6B75, 0x6B75, 0x6B75, 0x6B75, 0x6B75, 0x212A,
  0x212A, 0x212A, 0x212A, 0x000A, 0x949F, 0x949F, 0x949F, 0x949F, 0x949F, 0x949F, 0x949F, 0x9495,
  0x949F, 0x4A55, 0x212A, 0x000A, 0x212A, 0x012A, 0x012A, 0x012A, 0x212A, 0x212A, 0x212A, 0x212A,
  0x212A, 0x212A, 0x212A, 0x212A, 0x212A, 0x212A, 0x212A, 0x212A, 0x212A, 0x000A, 0x212A, 0x212A,
  0x212A, 0x212A, 0x212A, 0x212A, 0x212A, 0x212A, 0x212A, 0x212A, 0x212A, 0x212A, 0x212A, 0x212A,
  0x212A, 0x200A, 0x212A, 0x212A, 0x4A4A, 0x9495, 0x6B75, 0x949F, 0x949F, 0xDEDF, 0xFFFF, 0xFFFF,
  0xFFFF, 0xDFFF, 0xFFFF, 0xB5BF, 0x949F, 0x949F, 0x949F, 0x949F, 0x949F, 0x949F, 0x949F, 0x949F,
  0x949F, 0x949F, 0x949F, 0x949F, 0x949F, 0x949F, 0x949F, 0x949F, 0x949F, 0xB5BF, 0xFFFF, 0xFFFF,
  0xFFFF, 0xFFFF, 0xFFFF, 0xDEDF, 0x949F, 0x949F, 0x9495, 0x949F, 0xFFFF, 0xFFFF, 0xFFFF, 0xFFFF,
  0xFFFF, 0xB5BF, 0x949F, 0x949F, 0x949F, 0x949F, 0x949F, 0x949F, 0x949F, 0x949F, 0x949F, 0x949F,
  0x949F, 0x949F, 0x949F, 0x949F, 0x949F, 0x949F, 0x949F, 0x949F, 0x949F, 0xB5BF, 0xDEDF, 0xFFFF,
  0xFFFF, 0xFFFF, 0xFFFF, 0xB5BF, 0xB5BF, 0x949F, 0x949F, 0x949F, 0x949F, 0x949F, 0x949F, 0x949F,
  0x212A, 0x212A, 0x212A, 0x212A, 0x212A, 0x212A, 0x6B75, 0x6B75, 0x6B75, 0x6B75, 0x6B75, 0x6B75,
  0x6B75, 0x6B75, 0x6B75, 0x6B75, 0x6B75, 0x6B75, 0x6B75, 0x6B75, 0x6B75, 0x6B75, 0x6B75, 0x6B75,
  0x6B75, 0x6B75, 0x6B75, 0x6B75, 0x6B75, 0x6B75, 0x6B75, 0x6B75, 0x6B75, 0x6B75, 0x6B75, 0x6B75,
  0x6B75, 0x6B75, 0x6B75, 0x6B75, 0x6B75, 0x6B75, 0x6B75, 0x212A, 0x212A, 0x212A, 0x212A, 0x2120,
  0xFFFF, 0xFFFF, 0xFFFF, 0xFFFF, 0xFFFF, 0xFFFF, 0xFFFF, 0xFFFF, 0xFFFF, 0xFFFF, 0xFFFF, 0xFFFF,
  0xFFFF, 0xFFFF, 0xFFFF, 0x9495, 0x2120, 0x212A, 0x212A, 0x212A, 0x212A, 0x212A, 0x212A, 0x212A,
  0x212A, 0x212A, 0x212A, 0x212A, 0x212A, 0x212A, 0x212A, 0x212A, 0x212A, 0x4A4A, 0x6B75, 0x6B75,
  0x6B75, 0x6B75, 0x6B75, 0x6B75, 0x6B75, 0x6B75, 0x6B75, 0x6B75, 0x6B75, 0x6B75, 0x6B75, 0x6B75,
  0x6B75, 0x6B75, 0x6B75, 0x6B75, 0x6B75, 0x6B75, 0x6B75, 0x6B75, 0x6B75, 0x6B75, 0x212A, 0x212A,
  0x212A, 0x212A, 0x212A, 0x4A55, 0x9495, 0x9495, 0x949F, 0x6B75, 0x212A, 0x012A, 0x212A, 0x212A,
  0x212A, 0x212A, 0x212A, 0x212A, 0x212A, 0x212A, 0x212A, 0x212A, 0x212A, 0x212A, 0x212A, 0x212A,
  0x212A, 0x212A, 0x212A, 0x212A, 0x212A, 0x212A, 0x212A, 0x212A, 0x212A, 0x212A, 0x212A, 0x212A,
  0x212A, 0x212A, 0x212A, 0x212A, 0x212A, 0x212A, 0x212A, 0x212A, 0x212A, 0x212A, 0x212A, 0x212A,
  0x212A, 0x212A, 0x212A, 0x212A, 0x212A, 0x212A, 0x212A, 0x212A, 0x212A, 0x212A, 0x212A, 0x000A,
  0x000A, 0x0000, 0x212A, 0x6B75, 0x4A55, 0x9495, 0x9495, 0xB5BF, 0x949F, 0xB5BF, 0x949F, 0x949F,
  0xB49F, 0x949F, 0x949F, 0x949F, 0x949F, 0x949F, 0x949F, 0x949F, 0xDEDF, 0xDFFF, 0xDFFF, 0xDFFF,
  0xFFFF, 0xFFFF, 0xDEDF, 0xB5BF, 0x949F, 0x949F, 0x949F, 0x949F, 0xB5BF, 0xFFFF, 0xFFFF, 0xFFFF,
  0xFFFF, 0xDFFF, 0x949F, 0x949F, 0x949F, 0x949F, 0x949F, 0x949F, 0x949F, 0x949F, 0x949F, 0x949F,
  0x949F, 0x949F, 0x949F, 0x949F, 0x949F, 0x949F, 0x949F, 0x949F, 0x949F, 0x949F, 0x949F, 0xB5BF,
  0xFFFF, 0xFFFF, 0xFFFF, 0xFFFF, 0xB5BF, 0x949F, 0x949F, 0x949F, 0x949F, 0x949F, 0x949F, 0x949F,
  0x212A, 0x212A, 0x212A, 0x212A, 0x212A, 0x212A, 0x4A4A, 0x6B75, 0x6B75, 0x6B75, 0x6B75, 0x6B75,
  0x6B75, 0x6B75, 0x6B75, 0x6B75, 0x6B75, 0x6B75, 0x6B75, 0x6B75, 0x6B75, 0x6B75, 0x6B75, 0x6B75,
  0x6B75, 0x6B75, 0x6B75, 0x6B75, 0x6B75, 0x6B75, 0x6B75, 0x6B75, 0x6B75, 0x6B75, 0x6B75, 0x6B75,
  0x6B75, 0x6B75, 0x6B75, 0x6B75, 0x6B75, 0x6B75, 0x6B75, 0x212A, 0x212A, 0x212A, 0x212A, 0x212A,
  0x9495, 0xFFFF, 0xFFFF, 0xFFFF, 0xFFFF, 0xFFFF, 0xFFFF, 0xFFFF, 0xFFFF, 0xFFFF, 0xFFFF, 0xFFFF,
  0xFFFF, 0xFFFF, 0xFFFF, 0xFFFF, 0xFFFF, 0x200A, 0x212A, 0x212A, 0x212A, 0x212A, 0x212A, 0x212A,
  0x212A, 0x212A, 0x212A, 0x212A, 0x212A, 0x212A, 0x212A, 0x212A, 0x212A, 0x6B75, 0x6B75, 0x6B75,
  0x6B75, 0x6B75, 0x6B75, 0x6B75, 0x6B75, 0x6B75, 0x6B75, 0x6B75, 0x6B75, 0x6B75, 0x6B75, 0x6B75,
  0x6B75, 0x6B75, 0x6B75, 0x6B75, 0x6B75, 0x6B75, 0x6B75, 0x6B75, 0x6B75, 0x6B75, 0x212A, 0x212A,
  0x212A, 0x212A, 0x212A, 0x9495, 0x9495, 0x6B75, 0x212A, 0x212A, 0x212A, 0x212A, 0x212A, 0x212A,
  0x212A, 0x212A, 0x212A, 0x212A, 0x212A, 0x212A, 0x212A, 0x212A, 0x212A, 0x212A, 0x212A, 0x212A,
  0x212A, 0x212A, 0x212A, 0x212A, 0x212A, 0x212A, 0x212A, 0x212A, 0x212A, 0x212A, 0x212A, 0x212A,
  0x212A, 0x212A, 0x212A, 0x212A, 0x212A, 0x212A, 0x212A, 0x212A, 0x212A, 0x212A, 0x212A, 0x212A,
  0x212A, 0x212A, 0x212A, 0x212A, 0x212A, 0x212A, 0x212A, 0x212A, 0x212A, 0x212A, 0x212A, 0x212A,
  0x212A, 0x212A, 0x212A, 0x200A, 0x200A, 0x200A, 0x200A, 0x212A, 0x212A, 0x212A, 0x6B75, 0x9375,
  0x949F, 0xB49F, 0x949F, 0x949F, 0x949F, 0x949F, 0x949F, 0xDEDF, 0xDEDF, 0xFFFF, 0xDFFF, 0xDFFF,
  0xFFFF, 0xDEDF, 0x949F, 0x949F, 0x949F, 0x949F, 0x949F, 0x949F, 0x949F, 0xFFFF, 0xFFFF, 0xFFFF,
  0xFFFF, 0xFFFF, 0xDEDF, 0x949F, 0x949F, 0x949F, 0x949F, 0x949F, 0x949F, 0x949F, 0x949F, 0x949F,
  0x949F, 0x949F, 0x949F, 0x949F, 0x949F, 0x949F, 0x949F, 0x949F, 0x949F, 0x949F, 0x949F, 0x949F,
  0xFFFF, 0xFFFF, 0xFFFF, 0xDEDF, 0xDEDF, 0x949F, 0x949F, 0x949F, 0x949F, 0x949F, 0x949F, 0x949F,
  0x6B75, 0x212A, 0x212A, 0x212A, 0x212A, 0x212A, 0x212A, 0x6B75, 0x6B75, 0x6B75, 0x6B75, 0x6B75,
  0x6B75, 0x6B75, 0x6B75, 0x6B75, 0x6B75, 0x6B75, 0x6B75, 0x6B75, 0x6B75, 0x6B75, 0x6B75, 0x6B75,
  0x6B75, 0x6B75, 0x6B75, 0x6B75, 0x6B75, 0x6B75, 0x6B75, 0x6B75, 0x6B75, 0x6B75, 0x6B75, 0x6B75,
  0x6B75, 0x6B75, 0x6B75, 0x6B75, 0x6B75, 0x6B75, 0x6B75, 0x212A, 0x212A, 0x212A, 0x212A, 0x212A,
  0xB5BF, 0xFFFF, 0xFFFF, 0xFFFF, 0xFFFF, 0xFFFF, 0xFFFF, 0xFFFF, 0xFFFF, 0xFFFF, 0xFFFF, 0xFFFF,
  0xFFFF, 0xFFFF, 0xFFFF, 0xFFFF, 0xFFFF, 0xFFFF, 0x492A, 0x200A, 0x212A, 0x212A, 0x212A, 0x212A,
  0x212A, 0x212A, 0x212A, 0x212A, 0x212A, 0x200A, 0x212A, 0x4A4A, 0x6B75, 0x6B75, 0x6B75, 0x6B75,
  0x6B75, 0x6B75, 0x6B75, 0x6B75, 0x6B75, 0x6B75, 0x6B75, 0x6B75, 0x6B75, 0x6B75, 0x6B75, 0x6B75,
  0x6B75, 0x6B75, 0x6B75, 0x6B75, 0x6B75, 0x6B75, 0x6B75, 0x6B75, 0x6B75, 0x4A4A, 0x212A, 0x212A,
  0x212A, 0x212A, 0x212A, 0x6B75, 0x212A, 0x212A, 0x212A, 0x212A, 0x212A, 0x212A, 0x212A, 0x212A,
  0x212A, 0x212A, 0x212A, 0x000A, 0x012A, 0x212A, 0x212A, 0x212A, 0x212A, 0x212A, 0x212A, 0x212A,
  0x212A, 0x212A, 0x4A4A, 0x6B75, 0x6B75, 0x4A55, 0x4A4A, 0x6B75, 0x4B6A, 0x6B75, 0x224A, 0x224A,
  0x212A, 0x212A, 0x212A, 0x212A, 0x212A, 0x212A, 0x212A, 0x000A, 0x212A, 0x212A, 0x212A, 0x212A,
  0x212A, 0x212A, 0x212A, 0x212A, 0x212A, 0x212A, 0x212A, 0x212A, 0x212A, 0x212A, 0x212A, 0x212A,
  0x212A, 0x212A, 0x212A, 0x212A, 0x212A, 0x212A, 0x212A, 0x212A, 0x212A, 0x212A, 0x212A, 0x212A,
  0x212A, 0x212A, 0x6B75, 0x9495, 0x949F, 0x949F, 0x949F, 0xFFFF, 0xDFFF, 0xDFFF, 0xDFFF, 0xDFFF,
  0xDEDF, 0xB5BF, 0x949F, 0x949F, 0x949F, 0x949F, 0x949F, 0x949F, 0x949F, 0xB5BF, 0xFFFF, 0xFFFF,
  0xFFFF, 0xFFFF, 0xFFFF, 0xB5BF, 0x949F, 0x949F, 0x949F, 0x949F, 0x949F, 0x949F, 0x949F, 0x949F,
  0x949F, 0x949F, 0x949F, 0x949F, 0x949F, 0x949F, 0x949F, 0x949F, 0x949F, 0x949F, 0x949F, 0x949F,
  0xDEDF, 0xDFFF, 0xFFFF, 0xFFFF, 0xFFFF, 0xB5BF, 0x949F, 0x949F, 0x949F, 0x949F, 0x949F, 0x949F,
  0x949F, 0x212A, 0x212A, 0x212A, 0x212A, 0x212A, 0x212A, 0x6B75, 0x6B75, 0x6B75, 0x6B75, 0x6B75,
  0x6B75, 0x6B75, 0x6B75, 0x6B75, 0x6B75, 0x6B75, 0x6B75, 0x6B75, 0x6B75, 0x6B75, 0x6B75, 0x6B75,
  0x6B75, 0x6B75, 0x6B75, 0x6B75, 0x6B75, 0x6B75, 0x6B75, 0x6B75, 0x6B75, 0x6B75, 0x6B75, 0x6B75,
  0x6B75, 0x6B75, 0x6B75, 0x6B75, 0x6B75, 0x6B75, 0x6B75, 0x4A4A, 0x212A, 0x212A, 0x212A, 0x212A,
  0x4A4A, 0xFFFF, 0xFFFF, 0xFFFF, 0xFFFF, 0xFFFF, 0xFFFF, 0xFFFF, 0xFFFF, 0xFFFF, 0xFFFF, 0xFFFF,
  0xFFFF, 0xFFFF, 0xFFFF, 0xFFFF, 0xFFFF, 0xFFFF, 0xFFFF, 0xFFFF, 0xDEDF, 0x9495, 0x212A, 0x212A,
  0x212A, 0x212A, 0x212A, 0x212A, 0x6B75, 0x6B75, 0x6B75, 0x6B75, 0x6B75, 0x6B75, 0x6B75, 0x6B75,
  0x6B75, 0x6B75, 0x6B75, 0x6B75, 0x6B75, 0x6B75, 0x6B75, 0x6B75, 0x6B75, 0x6B75, 0x6B75, 0x6B75,
  0x6B75, 0x6B75, 0x6B75, 0x6B75, 0x6B75, 0x6B75, 0x6B75, 0x6B75, 0x6B75, 0x212A, 0x212A, 0x212A,
  0x212A, 0x212A, 0x212A, 0x212A, 0x212A, 0x212A, 0x212A, 0x212A, 0x200A, 0x212A, 0x4A4A, 0x6B75,
  0x6B75, 0x6B75, 0x6B75, 0x6B75, 0x6B75, 0x6B75, 0x6B75, 0x6B75, 0x212A, 0x212A, 0x212A, 0x212A,
  0x212A, 0x212A, 0x6B75, 0x6B75, 0x6B75, 0x6B75, 0x6B75, 0x6B75, 0x6B75, 0x6B75, 0x6B75, 0x6B75,
  0x6B75, 0x6B75, 0x6B75, 0x6B75, 0x6B75, 0x6B75, 0x6B75, 0x6B75, 0x6B75, 0x6B75, 0x6B75, 0x6B75,
  0x6B75, 0x6B75, 0x4A4A, 0x212A, 0x212A, 0x212A, 0x212A, 0x212A, 0x212A, 0x212A, 0x212A, 0x212A,
  0x212A, 0x212A, 0x212A, 0x212A, 0x212A, 0x212A, 0x212A, 0x212A, 0x212A, 0x212A, 0x212A, 0x212A,
  0x212A, 0x212A, 0x212A, 0x212A, 0x212A, 0x212A, 0x212A, 0x212A, 0x6B75, 0x9495, 0xFFFF, 0xDEDF,
  0x9495, 0x949F, 0x949F, 0x949F, 0x949F, 0x949F, 0x949F, 0x949F, 0x949F, 0x949F, 0x9495, 0xFFFF,
  0xFFFF, 0xFFFF, 0xFFFF, 0xFFFF, 0x949F, 0x949F, 0x949F, 0x949F, 0x949F, 0x949F, 0x949F, 0x949F,
  0x949F, 0x949F, 0x949F, 0x949F, 0x949F, 0x949F, 0x949F, 0x949F, 0x949F, 0x949F, 0x949F, 0x949F,
  0x95BF, 0xDEDF, 0xDFFF, 0xFFFF, 0xFFFF, 0xDFFF, 0x949F, 0x949F, 0x949F, 0x949F, 0x949F, 0x949F,
  0x949F, 0x212A, 0x212A, 0x212A, 0x212A, 0x212A, 0x212A, 0x6B75, 0x6B75, 0x6B75, 0x6B75, 0x6B75,
  0x6B75, 0x6B75, 0x6B75, 0x6B75, 0x6B75, 0x6B75, 0x6B75, 0x6B75, 0x6B75, 0x6B75, 0x6B75, 0x6B75,
  0x6B75, 0x6B75, 0x6B75, 0x212A, 0x212A, 0x6B75, 0x6B75, 0x6B75, 0x6B75, 0x6B75, 0x6B75, 0x6B75,
  0x6B75, 0x6B75, 0x6B75, 0x6B75, 0x6B75, 0x6B75, 0x6B75, 0x4A4A, 0x212A, 0x212A, 0x212A, 0x212A,
  0x212A, 0xFFFF, 0xFFFF, 0xFFFF, 0xFFFF, 0xFFFF, 0xFFFF, 0xFFFF, 0xFFFF, 0xFFFF, 0xFFFF, 0xFFFF,
  0xFFFF, 0xFFFF, 0xFFFF, 0xFFFF, 0xFFFF, 0xFFFF, 0xFFFF, 0xFFFF, 0xFFFF, 0x212A, 0x212A, 0x212A,
  0x212A, 0x6B75, 0x6B75, 0x6B75, 0x6B75, 0x6B75, 0x6B75, 0x6B75, 0x6B75, 0x6B75, 0x6B75, 0x6B75,
  0x6B75, 0x6B75, 0x6B75, 0x6B75, 0x6B75, 0x6B75, 0x6B75, 0x6B75, 0x6B75, 0x6B75, 0x6B75, 0x6B75,
  0x6B75, 0x6B75, 0x6B75, 0x6B75, 0x6B75, 0x6B75, 0x6B75, 0x6B75, 0x4A4A, 0x212A, 0x212A, 0x212A,
  0x212A, 0x212A, 0x212A, 0x212A, 0x212A, 0x212A, 0x212A, 0x6B75, 0x6B75, 0x6B75, 0x6B75, 0x6B75,
  0x6B75, 0x6B75, 0x6B75, 0x6B75, 0x6B75, 0x6B75, 0x6B75, 0x4A4A, 0x212A, 0x212A, 0x212A, 0x212A,
  0x212A, 0x212A, 0x6B75, 0x6B75, 0x6B75, 0x6B75, 0x6B75, 0x6B75, 0x6B75, 0x6B75, 0x6B75, 0x6B75,
  0x6B75, 0x6B75, 0x6B75, 0x6B75, 0x6B75, 0x6B75, 0x6B75, 0x6B75, 0x6B75, 0x6B75, 0x6B75, 0x6B75,
  0x6B75, 0x6B75, 0x6B75, 0x6B75, 0x6B75, 0x6B75, 0x6B75, 0x6B75, 0x6B75, 0x4A4A, 0x4A4A, 0x212A,
  0x212A, 0x212A, 0x212A, 0x212A, 0x212A, 0x212A, 0x212A, 0x212A, 0x212A, 0x212A, 0x212A, 0x212A,
  0x212A, 0x212A, 0x212A, 0x212A, 0x212A, 0x212A, 0x212A, 0x212A, 0x212A, 0x212A, 0x212A, 0x212A,
  0x4A55, 0x4A55, 0x949F, 0xB5BF, 0x949F, 0x949F, 0x949F, 0x949F, 0x949F, 0x949F, 0x949F, 0xDEDF,
  0xFFFF, 0xFFFF, 0xFFFF, 0xFFFF, 0xFFFF, 0x9495, 0x949F, 0x949F, 0x949F, 0x949F, 0x949F, 0x949F,
  0x949F, 0x949F, 0x949F, 0x949F, 0x949F, 0x949F, 0x949F, 0x949F, 0x949F, 0x949F, 0x949F, 0x949F,
  0x949F, 0x949F, 0xFFFF, 0xFFFF, 0xFFFF, 0xFFFF, 0xDEDF, 0x9495, 0x949F, 0x949F, 0x949F, 0x949F,
  0x949F, 0x212A, 0x212A, 0x212A, 0x212A, 0x212A, 0x212A, 0x6B75, 0x6B75, 0x6B75, 0x6B75, 0x6B75,
  0x6B75, 0x6B75, 0x6B75, 0x6B75, 0x6B75, 0x6B75, 0x6B75, 0x6B75, 0x6B75, 0x6B75, 0x6B75, 0x6B75,
  0x6B75, 0x6B75, 0x6B75, 0x212A, 0x212A, 0x6B75, 0x6B75, 0x6B75, 0x6B75, 0x6B75, 0x6B75, 0x6B75,
  0x6B75, 0x6B75, 0x6B75, 0x6B75, 0x6B75, 0x6B75, 0x6B75, 0x6B75, 0x212A, 0x212A, 0x212A, 0x212A,
  0x212A, 0xFFFF, 0xFFFF, 0xFFFF, 0xFFFF, 0xFFFF, 0xFFFF, 0xFFFF, 0xFFFF, 0xFFFF, 0xFFFF, 0xFFFF,
  0xFFFF, 0xFFFF, 0xFFFF, 0xFFFF, 0xFFFF, 0xFFFF, 0xFFFF, 0xFFFF, 0x6B6A, 0x212A, 0x212A, 0x212A,
  0x4A4A, 0x6B75, 0x6B75, 0x6B75, 0x6B75, 0x6B75, 0x6B75, 0x6B75, 0x6B75, 0x6B75, 0x6B75, 0x6B75,
  0x6B75, 0x6B75, 0x6B75, 0x6B75, 0x6B75, 0x6B75, 0x6B75, 0x6B75, 0x6B75, 0x6B75, 0x6B75, 0x6B75,
  0x6B75, 0x6B75, 0x6B75, 0x6B75, 0x6B75, 0x6B75, 0x6B75, 0x6B75, 0x212A, 0x212A, 0x212A, 0x212A,
  0x212A, 0x212A, 0x212A, 0x212A, 0x4A4A, 0x6B75, 0x6B75, 0x6B75, 0x6B75, 0x6B75, 0x9495, 0x9495,
  0x6B75, 0x6B75, 0x6B75, 0x6B75, 0x6B75, 0x6B75, 0x6B75, 0x4A4A, 0x212A, 0x212A, 0x212A, 0x212A,
  0x012A, 0x212A, 0x6B75, 0x6B75, 0x6B75, 0x6B75, 0x6B75, 0x6B75, 0x6B75, 0x6B75, 0x6B75, 0x6B75,
  0x6B75, 0x6B75, 0x6B75, 0x6B75, 0x6B75, 0x6B75, 0x6B75, 0x6B75, 0x6B75, 0x6B75, 0x6B75, 0x6B75,
  0x6B75, 0x6B75, 0x6B75, 0x6B75, 0x6B75, 0x6B75, 0x6B75, 0x6B75, 0x6B75, 0x6B75, 0x6B75, 0x6B75,
  0x6B75, 0x6B75, 0x6B75, 0x4A4A, 0x4A4A, 0x000A, 0x212A, 0x212A, 0x212A, 0x212A, 0x212A, 0x212A,
  0x212A, 0x212A, 0x212A, 0x212A, 0x212A, 0x212A, 0x212A, 0x212A, 0x212A, 0x212A, 0x212A, 0x212A,
  0x212A, 0x212A, 0x212A, 0x000A, 0x6B75, 0x949F, 0x949F, 0x949F, 0x949F, 0x949F, 0x949F, 0xB5BF,
  0xFFFF, 0xFFFF, 0xFFFF, 0xFFFF, 0xFFFF, 0xB5BF, 0x949F, 0x949F, 0x949F, 0x949F, 0x949F, 0x949F,
  0x949F, 0x949F, 0x949F, 0x949F, 0x949F, 0x949F, 0x949F, 0x949F, 0x949F, 0x949F, 0x949F, 0x949F,
  0x949F, 0x949F, 0xB5BF, 0xFFFF, 0xFFFF, 0xFFFF, 0xDEDF, 0x949F, 0x949F, 0x949F, 0x949F, 0x949F,
  0x949F, 0x4A55, 0x212A, 0x212A, 0x212A, 0x212A, 0x212A, 0x212A, 0x6B75, 0x6B75, 0x6B75, 0x6B75,
  0x6B75, 0x6B75, 0x6B75, 0x6B75, 0x6B75, 0x6B75, 0x6B75, 0x6B75, 0x6B75, 0x6B75, 0x6B75, 0x6B75,
  0x6B75, 0x6B75, 0x6B75, 0x212A, 0x212A, 0x212A, 0x6B75, 0x6B75, 0x6B75, 0x6B75, 0x6B75, 0x6B75,
  0x6B75, 0x6B75, 0x6B75, 0x6B75, 0x6B75, 0x6B75, 0x6B75, 0x6B75, 0x212A, 0x212A, 0x212A, 0x212A,
  0x212A, 0x9375, 0xFFFF, 0xFFFF, 0xFFFF, 0xFFFF, 0xFFFF, 0xFFFF, 0xFFFF, 0xFFFF, 0xFFFF, 0xFFFF,
  0xFFFF, 0xFFFF, 0xFFFF, 0xFFFF, 0xFFFF, 0xFFFF, 0xFFFF, 0xFFFF, 0x212A, 0x212A, 0x212A, 0x492A,
  0x6B75, 0x6B75, 0x6B75, 0x6B75, 0x6B75, 0x6B75, 0x6B75, 0x6B75, 0x6B75, 0x6B75, 0x6B75, 0x6B75,
  0x6B75, 0x6B75, 0x6B75, 0x6B75, 0x6B75, 0x6B75, 0x6B75, 0x6B75, 0x6B75, 0x6B75, 0x6B75, 0x6B75,
  0x6B75, 0x6B75, 0x6B75, 0x6B75, 0x6B75, 0x6B75, 0x6B75, 0x6B75, 0x212A, 0x212A, 0x212A, 0x212A,
  0x212A, 0x212A, 0x212A, 0x6B75, 0x6B75, 0x6B75, 0x6B75, 0x6B75, 0x6B75, 0x6B75, 0xB5B5, 0xB5BF,
  0xB5BF, 0xB5BF, 0xB5BF, 0x6B75, 0x6B75, 0x6B75, 0x6B75, 0x212A, 0x212A, 0x212A, 0x212A, 0x212A,
  0x212A, 0x212A, 0x6B75, 0x6B75, 0x6B75, 0x6B75, 0x6B75, 0x6B75, 0x6B75, 0x6B75, 0x6B75, 0x6B75,
  0x6B75, 0x6B75, 0x6B75, 0x6B75, 0x6B75, 0x6B75, 0x6B75, 0x6B75, 0x6B75, 0x6B75, 0x6B75, 0x6B75,
  0x6B75, 0x6B75, 0x6B75, 0x6B75, 0x4A4A, 0x6B75, 0x6B75, 0x6B75, 0x6B75, 0x6B75, 0x6B75, 0x6B75,
  0x6B75, 0x6B75, 0x6B75, 0x6B75, 0x6B75, 0x6B75, 0x6B75, 0x6B75, 0x6B75, 0x6B75, 0x6B75, 0x4A4A,
  0x212A, 0x212A, 0x212A, 0x200A, 0x200A, 0x212A, 0x212A, 0x212A, 0x212A, 0x212A, 0x212A, 0x212A,
  0x212A, 0x212A, 0x212A, 0x212A, 0x212A, 0x212A, 0x212A, 0x212A, 0x212A, 0x9495, 0x9495, 0xB5BF,
  0x949F, 0xFFFF, 0xFFFF, 0xFFFF, 0xFFFF, 0xFFFF, 0x949F, 0x949F, 0x949F, 0x949F, 0x949F, 0x949F,
  0x949F, 0x949F, 0x949F, 0x949F, 0x949F, 0x949F, 0x949F, 0x949F, 0x949F, 0x949F, 0x949F, 0x95BF,
  0x949F, 0x949F, 0x949F, 0xDEDF, 0xFFFF, 0xFFFF, 0xDEDF, 0xDEDF, 0x949F, 0x949F, 0x949F, 0x949F,
  0x949F, 0x6B75, 0x212A, 0x212A, 0x212A, 0x212A, 0x212A, 0x212A, 0x6B75, 0x6B75, 0x6B75, 0x6B75,
  0x6B75, 0x6B75, 0x6B75, 0x6B75, 0x6B75, 0x6B75, 0x6B75, 0x6B75, 0x6B75, 0x6B75, 0x6B75, 0x6B75,
  0x6B75, 0x6B75, 0x6B75, 0x212A, 0x212A, 0x000A, 0x6B75, 0x6B75, 0x6B75, 0x6B75, 0x6B75, 0x6B75,
  0x6B75, 0x6B75, 0x6B75, 0x6B75, 0x6B75, 0x6B75, 0x6B75, 0x6B75, 0x4A4A, 0x212A, 0x212A, 0x212A,
  0x212A, 0x212A, 0xFFFF, 0xFFFF, 0xFFFF, 0xFFFF, 0xFFFF, 0xFFFF, 0xFFFF, 0xFFFF, 0xFFFF, 0xFFFF,
  0xFFFF, 0xFFFF, 0xFFFF, 0xFFFF, 0xFFFF, 0xFFFF, 0xFFFF, 0xDEDF, 0x212A, 0x212A, 0x212A, 0x6A55,
  0x6B75, 0x6B75, 0x6B75, 0x6B75, 0x6B75, 0x6B75, 0x6B75, 0x6B75, 0x6B75, 0x6B75, 0x6B75, 0x6B75,
  0x6B75, 0x6B75, 0x6B75, 0x6B75, 0x6B75, 0x6B75, 0x6B75, 0x6B75, 0x6B75, 0x6B75, 0x6B75, 0x6B75,
  0x6B75, 0x6B75, 0x6B75, 0x6B75, 0x6B75, 0x6B75, 0x6B75, 0x6B75, 0x212A, 0x212A, 0x212A, 0x212A,
  0x212A, 0x212A, 0x6B75, 0x6B75, 0x6B75, 0x6B75, 0x6B75, 0x6B75, 0x6B75, 0x6B75, 0xB5B5, 0xB5BF,
  0xB5BF, 0xB5BF, 0xB5BF, 0xB5BF, 0xB5BF, 0x9495, 0x6B75, 0x212A, 0x212A, 0x212A, 0x212A, 0x212A,
  0x212A, 0x212A, 0x6B75, 0x6B75, 0x6B75, 0x6B75, 0x6B75, 0x6B75, 0x6B75, 0x6B75, 0x6B75, 0x6B75,
  0x6B75, 0x6B75, 0x6B75, 0x6B75, 0x6B75, 0x6B75, 0x6B75, 0x6B75, 0x6B75, 0x6B75, 0x6B75, 0x6B75,
  0x6B75, 0x6B75, 0x6B75, 0x4B6A, 0x212A, 0x212A, 0x6B75, 0x6B75, 0x6B75, 0x6B75, 0x6B75, 0x6B75,
  0x6B75, 0x6B75, 0x6B75, 0x6B75, 0x6B75, 0x6B75, 0x6B75, 0x6B75, 0x6B75, 0x6B75, 0x6B75, 0x6B75,
  0x6B75, 0x6B75, 0x6B75, 0x4B6A, 0x212A, 0x212A, 0x212A, 0x212A, 0x212A, 0x212A, 0x212A, 0x212A,
  0x212A, 0x212A, 0x212A, 0x212A, 0x212A, 0x212A, 0x212A, 0x212A, 0x212A, 0x212A, 0x212A, 0x212A,
  0x6B75, 0xB5BF, 0xFFFF, 0xFFFF, 0xFFFF, 0xDFFF, 0xDEDF, 0x949F, 0x949F, 0x949F, 0x949F, 0x949F,
  0x949F, 0x949F, 0x949F, 0x949F, 0x949F, 0x949F, 0x949F, 0x949F, 0x949F, 0x949F, 0x949F, 0x949F,
  0x949F, 0x949F, 0x949F, 0xB5BF, 0xFFFF, 0xFFFF, 0xDEDF, 0xDEDF, 0xB6DF, 0x949F, 0x949F, 0x949F,
  0x949F, 0x949F, 0x212A, 0x212A, 0x212A, 0x212A, 0x212A, 0x212A, 0x6B75, 0x6B75, 0x6B75, 0x6B75,
  0x6B75, 0x6B75, 0x6B75, 0x6B75, 0x6B75, 0x6B75, 0x6B75, 0x6B75, 0x6B75, 0x6B75, 0x6B75, 0x6B75,
  0x6B75, 0x6B75, 0x6B75, 0x212A, 0x212A, 0x212A, 0x6B75, 0x6B75, 0x6B75, 0x6B75, 0x6B75, 0x6B75,
  0x6B75, 0x6B75, 0x6B75, 0x6B75, 0x6B75, 0x6B75, 0x6B75, 0x6B75, 0x6B75, 0x212A, 0x212A, 0x212A,
  0x212A, 0x212A, 0xFFFF, 0xFFFF, 0xFFFF, 0xFFFF, 0xFFFF, 0xFFFF, 0xFFFF, 0xFFFF, 0xFFFF, 0xFFFF,
  0xFFFF, 0xFFFF, 0xFFFF, 0xFFFF, 0xFFFF, 0xFFFF, 0xFFFF, 0x2000, 0x212A, 0x212A, 0x212A, 0x6B75,
  0x6B75, 0x6B75, 0x6B75, 0x6B75, 0x6B75, 0x6B75, 0x6B75, 0x6B75, 0x6B75, 0x6B75, 0x6B75, 0x6B75,
  0x6B75, 0x6B75, 0x6B75, 0x6B75, 0x6B75, 0x6B75, 0x6B75, 0x6B75, 0x6B75, 0x6B75, 0x6B75, 0x6B75,
  0x6B75, 0x6B75, 0x6B75, 0x6B75, 0x6B75, 0x6B75, 0x6B75, 0x212A, 0x212A, 0x212A, 0x212A, 0x212A,
  0x212A, 0x4A4A, 0x6B75, 0x6B75, 0x6B75, 0x6B75, 0x6B75, 0x6B75, 0x6B75, 0x6B75, 0x9495, 0xB5BF,
  0xB5BF, 0xB5BF, 0xB5BF, 0xB5BF, 0xB5BF, 0xB5BF, 0x6B75, 0x212A, 0x212A, 0x212A, 0x212A, 0x212A,
  0x212A, 0x212A, 0x6B75, 0x6B75, 0x6B75, 0x6B75, 0x6B75, 0x6B75, 0x0000, 0x0000, 0x4A4A, 0x6B75,
  0x6B75, 0x6B75, 0x6B75, 0x6B75, 0x6B75, 0x6B75, 0x6B75, 0x6B75, 0x6B75, 0x6B75, 0x6B75, 0x6B75,
  0x6B75, 0x6B75, 0x6B75, 0x212A, 0x212A, 0x6B75, 0x6B75, 0x6B75, 0x6B75, 0x6B75, 0x6B75, 0x6B75,
  0x6B75, 0x6B75, 0x6B75, 0x6B75, 0x6B75, 0x6B75, 0x6B75, 0x6B75, 0x4A4A, 0x4A4A, 0x6B75, 0x6B75,
  0x6B75, 0x6B75, 0x6B75, 0x6B75, 0x6B75, 0x6B75, 0x6B75, 0x6B75, 0x6B75, 0x4A4A, 0x4A4A, 0x212A,
  0x212A, 0x212A, 0x212A, 0x212A, 0x212A, 0x212A, 0x212A, 0x212A, 0x212A, 0x212A, 0x212A, 0x212A,
  0x212A, 0x212A, 0x200A, 0x212A, 0xDEDF, 0xFFFF, 0xFFFF, 0xDEDF, 0xB5BF, 0x949F, 0x949F, 0x949F,
  0x949F, 0x949F, 0x949F, 0x949F, 0x949F, 0x949F, 0x949F, 0x949F, 0x949F, 0x95BF, 0x949F, 0x949F,
  0x949F, 0x949F, 0x949F, 0x949F, 0xB5BF, 0xFFFF, 0xDEDF, 0xDEDF, 0xDEDF, 0x949F, 0x949F, 0x949F,
  0x949F, 0x949F, 0x212A, 0x212A, 0x212A, 0x212A, 0x212A, 0x212A, 0x6B75, 0x6B75, 0x6B75, 0x6B75,
  0x6B75, 0x6B75, 0x6B75, 0x6B75, 0x6B75, 0x6B75, 0x6B75, 0x6B75, 0x6B75, 0x6B75, 0x6B75, 0x6B75,
  0x6B75, 0x6B75, 0x6B75, 0x212A, 0x212A, 0x212A, 0x6B75, 0x6B75, 0x6B75, 0x6B75, 0x6B75, 0x6B75,
  0x6B75, 0x6B75, 0x6B75, 0x6B75, 0x6B75, 0x6B75, 0x6B75, 0x6B75, 0x6B75, 0x212A, 0x212A, 0x212A,
  0x212A, 0x200A, 0x4A4A, 0xFFFF, 0xFFFF, 0xFFFF, 0xFFFF, 0xFFFF, 0xFFFF, 0xFFFF, 0xFFFF, 0xFFFF,
  0xFFFF, 0xFFFF, 0xFFFF, 0xFFFF, 0xFFFF, 0xFFFF, 0xB5B5, 0x200A, 0x212A, 0x212A, 0x212A, 0x6B75,
  0x6B75, 0x6B75, 0x6B75, 0x6B75, 0x6B75, 0x6B75, 0x6B75, 0x6B75, 0x6B75, 0x6B75, 0x6B75, 0x6B75,
  0x6B75, 0x6B75, 0x6B75, 0x6B75, 0x6B75, 0x6B75, 0x6B75, 0x6B75, 0x6B75, 0x6B75, 0x6B75, 0x6B75,
  0x6B75, 0x6B75, 0x6B75, 0x6B75, 0x6B75, 0x6B75, 0x6B75, 0x0000, 0x212A, 0x212A, 0x212A, 0x000A,
  0x6B75, 0x6B75, 0x6B75, 0x6B75, 0x6B75, 0x6B75, 0x6B75, 0x6B75, 0x6B75, 0x6B75, 0xB5B5, 0xB5BF,
  0xB5BF, 0xB5BF, 0xB5BF, 0xB5BF, 0xB5BF, 0xB5BF, 0x6B75, 0x212A, 0x212A, 0x212A, 0x212A, 0x212A,
  0x212A, 0x212A, 0x6B75, 0x6B75, 0x6B75, 0x6B75, 0x6B75, 0x212A, 0x212A, 0x212A, 0x212A, 0x6B75,
  0x6B75, 0x6B75, 0x6B75, 0x6B75, 0x6B75, 0x6B75, 0x6B75, 0x6B75, 0x6B75, 0x6B75, 0x6B75, 0x6B75,
  0x6B75, 0x6B75, 0x6B75, 0x212A, 0x212A, 0x4A4A, 0x6B75, 0x6B75, 0x6B75, 0x6B75, 0x6B75, 0x6B75,
  0x6B75, 0x6B75, 0x6B75, 0x6B75, 0x6B75, 0x6B75, 0x6B75, 0x6B75, 0x212A, 0x212A, 0x6B75, 0x6B75,
  0x6B75, 0x6B75, 0x6B75, 0x6B75, 0x6B75, 0x6B75, 0x6B75, 0x6B75, 0x6B75, 0x6B75, 0x6B75, 0x6B75,
  0x6B75, 0x4A4A, 0x212A, 0x212A, 0x212A, 0x212A, 0x212A, 0x212A, 0x212A, 0x212A, 0x212A, 0x212A,
  0x212A, 0x212A, 0x212A, 0x212A, 0x212A, 0x4A4A, 0x9495, 0xDFFF, 0xB5BF, 0x949F, 0x949F, 0x949F,
  0x949F, 0x949F, 0x949F, 0x949F, 0x949F, 0x949F, 0x949F, 0x949F, 0x949F, 0x949F, 0xB5BF, 0x949F,
  0x949F, 0x949F, 0x949F, 0xB49F, 0x949F, 0xDEDF, 0xDEDF, 0xDEDF, 0xDEDF, 0xDEDF, 0x9495, 0x949F,
  0x949F, 0x949F, 0x212A, 0x212A, 0x212A, 0x212A, 0x212A, 0x212A, 0x6B75, 0x6B75, 0x6B75, 0x6B75,
  0x6B75, 0x6B75, 0x6B75, 0x6B75, 0x6B75, 0x6B75, 0x6B75, 0x6B75, 0x6B75, 0x6B75, 0x6B75, 0x6B75,
  0x6B75, 0x6B75, 0x6B75, 0x212A, 0x212A, 0x212A, 0x212A, 0x6B75, 0x6B75, 0x6B75, 0x6B75, 0x6B75,
  0x6B75, 0x6B75, 0x6B75, 0x6B75, 0x6B75, 0x6B75, 0x6B75, 0x6B75, 0x6B75, 0x4A4A, 0x212A, 0x212A,
  0x212A, 0x212A, 0x4A4A, 0xFFFF, 0xFFFF, 0xFFFF, 0xFFFF, 0xFFFF, 0xFFFF, 0xFFFF, 0xFFFF, 0xFFFF,
  0xFFFF, 0xFFFF, 0xFFFF, 0xFFFF, 0xFFFF, 0xFFFF, 0x212A, 0x212A, 0x212A, 0x212A, 0x4A4A, 0x6B75,
  0x6B75, 0x6B75, 0x6B75, 0x6B75, 0x6B75, 0x6B75, 0x6B75, 0x6B75, 0x6B75, 0x6B75, 0x6B75, 0x6B75,
  0x6B75, 0x6B75, 0x6B75, 0x6B75, 0x6B75, 0x6B75, 0x6B75, 0x6B75, 0x6B75, 0x6B75, 0x6B75, 0x6B75,
  0x6B75, 0x6B75, 0x6B75, 0x6B75, 0x6B75, 0x6B75, 0x4A4A, 0x212A, 0x212A, 0x212A, 0x212A, 0x4A4A,
  0x6B75, 0x6B75, 0x6B75, 0x6B75, 0x6B75, 0x6B75, 0x6B75, 0x6B75, 0x6B75, 0x6B75, 0x9495, 0xB5BF,
  0xB5BF, 0xB5BF, 0xB5BF, 0xB5BF, 0xB5BF, 0xB5BF, 0x6B75, 0x212A, 0x212A, 0x212A, 0x212A, 0x212A,
  0x212A, 0x212A, 0x6B75, 0x6B75, 0x6B75, 0x6B75, 0x212A, 0x212A, 0x212A, 0x212A, 0x212A, 0x6B75,
  0x6B75, 0x6B75, 0x6B75, 0x6B75, 0x6B75, 0x6B75, 0x6B75, 0x6B75, 0x6B75, 0x6B75, 0x6B75, 0x6B75,
  0x6B75, 0x6B75, 0x6B75, 0x212A, 0x212A, 0x4A4A, 0x6B75, 0x6B75, 0x6B75, 0x6B75, 0x6B75, 0x6B75,
  0x6B75, 0x6B75, 0x6B75, 0x6B75, 0x6B75, 0x6B75, 0x6B75, 0x6B75, 0x212A, 0x212A, 0x6B75, 0x6B75,
  0x6B75, 0x6B75, 0x6B75, 0x6B75, 0x6B75, 0x6B75, 0x6B75, 0x6B75, 0x6B75, 0x6B75, 0x6B75, 0x6B75,
  0x6B75, 0x6B75, 0x6B75, 0x6B75, 0x212A, 0x212A, 0x212A, 0x212A, 0x212A, 0x212A, 0x212A, 0x212A,
  0x212A, 0x212A, 0x212A, 0x212A, 0x212A, 0x212A, 0x212A, 0x000A, 0x6B75, 0x9495, 0x949F, 0x949F,
  0x949F, 0x949F, 0x949F, 0x949F, 0x949F, 0x949F, 0x949F, 0x949F, 0x949F, 0x949F, 0x95BF, 0x95BF,
  0x949F, 0x949F, 0x949F, 0x949F, 0x949F, 0x949F, 0xDEDF, 0xDEDF, 0xDEDF, 0xDEDF, 0x949F, 0x949F,
  0x949F, 0x949F, 0x000A, 0x212A, 0x212A, 0x212A, 0x212A, 0x212A, 0x6B75, 0x6B75, 0x6B75, 0x6B75,
  0x6B75, 0x6B75, 0x6B75, 0x6B75, 0x6B75, 0x6B75, 0x6B75, 0x6B75, 0x6B75, 0x6B75, 0x6B75, 0x6B75,
  0x6B75, 0x6B75, 0x6B75, 0x212A, 0x212A, 0x212A, 0x212A, 0x6B75, 0x6B75, 0x6B75, 0x6B75, 0x6B75,
  0x6B75, 0x6B75, 0x6B75, 0x6B75, 0x6B75, 0x6B75, 0x6B75, 0x6B75, 0x6B75, 0x6B75, 0x212A, 0x212A,
  0x212A, 0x212A, 0x200A, 0xFFFF, 0xFFFF, 0xFFFF, 0xFFFF, 0xFFFF, 0xFFFF, 0xFFFF, 0xFFFF, 0xFFFF,
  0xFFFF, 0xFFFF, 0xFFFF, 0xFFFF, 0xFFFF, 0xFFFF, 0x000A, 0x212A, 0x212A, 0x212A, 0x6B75, 0x6B75,
  0x6B75, 0x6B75, 0x6B75, 0x6B75, 0x6B75, 0x6B75, 0x6B75, 0x6B75, 0x6B75, 0x6B75, 0x6B75, 0x6B75,
  0x6B75, 0x6B75, 0x6B75, 0x6B75, 0x6B75, 0x6B75, 0x6B75, 0x6B75, 0x6B75, 0x6B75, 0x6B75, 0x6B75,
  0x6B75, 0x6B75, 0x6B75, 0x6B75, 0x6B75, 0x6B75, 0x212A, 0x212A, 0x212A, 0x212A, 0x212A, 0x6B75,
  0x6B75, 0x6B75, 0x6B75, 0x6B75, 0x6B75, 0x6B75, 0x6B75, 0x6B75, 0x6B75, 0x6B75, 0x6B75, 0xB5BF,
  0xB5BF, 0xB5BF, 0xB5BF, 0xB5BF, 0xB5BF, 0xB5BF, 0x6B75, 0x212A, 0x212A, 0x212A, 0x212A, 0x212A,
  0x212A, 0x212A, 0x212A, 0x6B75, 0x6B75, 0x212A, 0x212A, 0x212A, 0x212A, 0x212A, 0x6B75, 0x6B75,
  0x6B75, 0x6B75, 0x6B75, 0x6B75, 0x6B75, 0x6B75, 0x6B75, 0x6B75, 0x6B75, 0x6B75, 0x6B75, 0x6B75,
  0x6B75, 0x6B75, 0x6B75, 0x212A, 0x212A, 0x4A4A, 0x6B75, 0x6B75, 0x6B75, 0x6B75, 0x6B75, 0x6B75,
  0x6B75, 0x6B75, 0x6B75, 0x6B75, 0x6B75, 0x6B75, 0x6B75, 0x6B75, 0x212A, 0x212A, 0x6B75, 0x6B75,
  0x6B75, 0x6B75, 0x6B75, 0x6B75, 0x6B75, 0x6B75, 0x6B75, 0x6B75, 0x6B75, 0x6B75, 0x6B75, 0x6B75,
  0x6B75, 0x6B75, 0x6B75, 0x6B75, 0x6B75, 0x6B75, 0x6B75, 0x6B75, 0x6B75, 0x212A, 0x212A, 0x212A,
  0x212A, 0x212A, 0x212A, 0x212A, 0x212A, 0x212A, 0x212A, 0x212A, 0x212A, 0x212A, 0x212A, 0x000A,
  0x6B75, 0xB5BF, 0x949F, 0x949F, 0x949F, 0x949F, 0x949F, 0x949F, 0x949F, 0x949F, 0x949F, 0x949F,
  0x949F, 0x949F, 0x949F, 0x949F, 0x949F, 0x949F, 0xDEDF, 0xDEDF, 0xDEDF, 0xDEDF, 0xDEDF, 0x949F,
  0x949F, 0x949F, 0x212A, 0x212A, 0x212A, 0x212A, 0x212A, 0x212A, 0x6B75, 0x6B75, 0x6B75, 0x6B75,
  0x6B75, 0x6B75, 0x6B75, 0x6B75, 0x6B75, 0x6B75, 0x6B75, 0x6B75, 0x6B75, 0x6B75, 0x6B75, 0x6B75,
  0x6B75, 0x6B75, 0x6B75, 0x4A4A, 0x212A, 0x212A, 0x212A, 0x212A, 0x6B75, 0x6B75, 0x6B75, 0x6B75,
  0x6B75, 0x6B75, 0x6B75, 0x6B75, 0x6B75, 0x6B75, 0x6B75, 0x6B75, 0x6B75, 0x6B75, 0x212A, 0x212A,
  0x212A, 0x212A, 0x212A, 0x212A, 0xFFFF, 0xFFFF, 0xFFFF, 0xFFFF, 0xFFFF, 0xFFFF, 0xFFFF, 0xFFFF,
  0xFFFF, 0xFFFF, 0xFFFF, 0xFFFF, 0xFFFF, 0xFFFF, 0x212A, 0x212A, 0x212A, 0x212A, 0x6B75, 0x6B75,
  0x6B75, 0x6B75, 0x6B75, 0x6B75, 0x6B75, 0x6B75, 0x6B75, 0x6B75, 0x6B75, 0x6B75, 0x6B75, 0x6B75,
  0x6B75, 0x6B75, 0x6B75, 0x6B75, 0x6B75, 0x6B75, 0x6B75, 0x6B75, 0x6B75, 0x6B75, 0x6B75, 0x6B75,
  0x6B75, 0x6B75, 0x6B75, 0x6B75, 0x6B75, 0x6B75, 0x212A, 0x212A, 0x212A, 0x212A, 0x212A, 0x6B75,
  0x6B75, 0x6B75, 0x6B75, 0x6B75, 0x6B75, 0x6B75, 0x6B75, 0x6B75, 0x6B75, 0x6B75, 0x6B75, 0xB5B5,
  0xB5BF, 0xB5BF, 0xB5BF, 0xB5BF, 0xB5BF, 0xB5BF, 0x6B75, 0x212A, 0x212A, 0x212A, 0x212A, 0x212A,
  0x212A, 0x212A, 0x200A, 0x6B75, 0x212A, 0x212A, 0x212A, 0x212A, 0x212A, 0x6B75, 0x6B75, 0x6B75,
  0x6B75, 0x6B75, 0x6B75, 0x6B75, 0x6B75, 0x6B75, 0x6B75, 0x6B75, 0x6B75, 0x6B75, 0x6B75, 0x6B75,
  0x6B75, 0x6B75, 0x6B75, 0x212A, 0x212A, 0x4A4A, 0x6B75, 0x6B75, 0x6B75, 0x6B75, 0x6B75, 0x6B75,
  0x6B75, 0x6B75, 0x6B75, 0x6B75, 0x6B75, 0x6B75, 0x6B75, 0x6B75, 0x212A, 0x212A, 0x6B75, 0x6B75,
  0x6B75, 0x6B75, 0x6B75, 0x6B75, 0x6B75, 0x6B75, 0x6B75, 0x6B75, 0x6B75, 0x6B75, 0x6B75, 0x6B75,
  0x6B75, 0x6B75, 0x6B75, 0x6B75, 0x6B75, 0x6B75, 0x6B75, 0x6B75, 0x6B75, 0x6B75, 0x212A, 0x212A,
  0x212A, 0x212A, 0x212A, 0x212A, 0x212A, 0x212A, 0x212A, 0x212A, 0x212A, 0x212A, 0x212A, 0x212A,
  0x212A, 0x212A, 0x9495, 0x949F, 0x949F, 0x949F, 0x949F, 0x949F, 0x949F, 0x949F, 0x949F, 0x949F,
  0x949F, 0x949F, 0x949F, 0x949F, 0x949F, 0x949F, 0x949F, 0xDEDF, 0xDEDF, 0xDEDF, 0xDEDF, 0x949F,
  0x949F, 0x949F, 0x4A55, 0x212A, 0x212A, 0x212A, 0x212A, 0x212A, 0x4A4A, 0x6B75, 0x6B75, 0x6B75,
  0x6B75, 0x6B75, 0x6B75, 0x6B75, 0x6B75, 0x6B75, 0x6B75, 0x6B75, 0x6B75, 0x6B75, 0x6B75, 0x6B75,
  0x6B75, 0x6B75, 0x6B75, 0x6B75, 0x212A, 0x212A, 0x212A, 0x212A, 0x6B75, 0x6B75, 0x6B75, 0x6B75,
  0x6B75, 0x6B75, 0x6B75, 0x6B75, 0x6B75, 0x6B75, 0x6B75, 0x6B75, 0x6B75, 0x6B75, 0x212A, 0x212A,
  0x212A, 0x212A, 0x212A, 0x2120, 0xFFFF, 0xFFFF, 0xFFFF, 0xFFFF, 0xFFFF, 0xFFFF, 0xFFFF, 0xFFFF,
  0xFFFF, 0xFFFF, 0xFFFF, 0xFFFF, 0xFFFF, 0x9495, 0x212A, 0x212A, 0x212A, 0x4A4A, 0x6B75, 0x6B75,
  0x6B75, 0x6B75, 0x6B75, 0x6B75, 0x6B75, 0x6B75, 0x6B75, 0x6B75, 0x6B75, 0x6B75, 0x6B75, 0x6B75,
  0x6B75, 0x6B75, 0x6B75, 0x6B75, 0x6B75, 0x6B75, 0x6B75, 0x6B75, 0x6B75, 0x6B75, 0x6B75, 0x6B75,
  0x6B75, 0x6B75, 0x6B75, 0x6B75, 0x6B75, 0x4A4A, 0x212A, 0x212A, 0x212A, 0x212A, 0x212A, 0x6B75,
  0x6B75, 0x6B75, 0x6B75, 0x6B75, 0x6B75, 0x6B75, 0x6B75, 0x6B75, 0x6B75, 0x6B75, 0x6B75, 0x9495,
  0xB5BF, 0xB5BF, 0xB5BF, 0xB5BF, 0xB5BF, 0xB5BF, 0x6B75, 0x212A, 0x212A, 0x212A, 0x000A, 0x212A,
  0x212A, 0x212A, 0x212A, 0x212A, 0x212A, 0x212A, 0x212A, 0x212A, 0x6B75, 0x6B75, 0x6B75, 0x6B75,
  0x6B75, 0x6B75, 0x6B75, 0x6B75, 0x6B75, 0x6B75, 0x6B75, 0x6B75, 0x6B75, 0x6B75, 0x6B75, 0x6B75,
  0x6B75, 0x6B75, 0x6B75, 0x212A, 0x212A, 0x212A, 0x6B75, 0x6B75, 0x6B75, 0x6B75, 0x6B75, 0x6B75,
  0x6B75, 0x6B75, 0x6B75, 0x6B75, 0x6B75, 0x6B75, 0x6B75, 0x6B75, 0x212A, 0x212A, 0x6B75, 0x6B75,
  0x6B75, 0x6B75, 0x6B75, 0x6B75, 0x6B75, 0x6B75, 0x6B75, 0x6B75, 0x6B75, 0x6B75, 0x6B75, 0x6B75,
  0x6B75, 0x6B75, 0x6B75, 0x6B75, 0x6B75, 0x6B75, 0x6B75, 0x6B75, 0x6B75, 0x6B75, 0x6B75, 0x212A,
  0x212A, 0x212A, 0x6B75, 0x212A, 0x212A, 0x212A, 0x212A, 0x212A, 0x212A, 0x212A, 0x212A, 0x212A,
  0x212A, 0x212A, 0x212A, 0x212A, 0x9495, 0x949F, 0x95BF, 0x949F, 0x949F, 0x949F, 0x949F, 0x949F,
  0x949F, 0x949F, 0x949F, 0x949F, 0x949F, 0x949F, 0x949F, 0xB5BF, 0xDEDF, 0xDEDF, 0xDEDF, 0xB6DF,
  0x949F, 0x949F, 0x6B75, 0x212A, 0x212A, 0x212A, 0x212A, 0x212A, 0x4A4A, 0x6B75, 0x6B75, 0x6B75,
  0x6B75, 0x6B75, 0x6B75, 0x6B75, 0x6B75, 0x6B75, 0x6B75, 0x6B75, 0x6B75, 0x6B75, 0x6B75, 0x6B75,
  0x6B75, 0x6B75, 0x6B75, 0x6B75, 0x4A4A, 0x212A, 0x212A, 0x212A, 0x6B75, 0x6B75, 0x6B75, 0x6B75,
  0x6B75, 0x6B75, 0x6B75, 0x6B75, 0x6B75, 0x6B75, 0x6B75, 0x6B75, 0x6B75, 0x6B75, 0x4A4A, 0x212A,
  0x212A, 0x212A, 0x212A, 0x212A, 0xFFFF, 0xFFFF, 0xFFFF, 0xFFFF, 0xFFFF, 0xFFFF, 0xFFFF, 0xFFFF,
  0xFFFF, 0xFFFF, 0xFFFF, 0xFFFF, 0xFFFF, 0x212A, 0x212A, 0x212A, 0x212A, 0x6B75, 0x6B75, 0x6B75,
  0x6B75, 0x6B75, 0x6B75, 0x6B75, 0x6B75, 0x6B75, 0x4A4A, 0x212A, 0x212A, 0x6B75, 0x6B75, 0x6B75,
  0x6B75, 0x6B75, 0x6B75, 0x6B75, 0x6B75, 0x6B75, 0x6B75, 0x6B75, 0x6B75, 0x6B75, 0x6B75, 0x6B75,
  0x6B75, 0x6B75, 0x6B75, 0x6B75, 0x6B75, 0x212A, 0x212A, 0x212A, 0x212A, 0x212A, 0x6B75, 0x6B75,
  0x6B75, 0x6B75, 0x6B75, 0x6B75, 0x6B75, 0x6B75, 0x6B75, 0x6B75, 0x6B75, 0x6B75, 0x6B75, 0x9495,
  0xB5BF, 0xB5BF, 0xB5BF, 0xB5BF, 0xB5BF, 0xB5BF, 0x6B75, 0x212A, 0x212A, 0x212A, 0x212A, 0x4A4A,
  0x212A, 0x212A, 0x212A, 0x212A, 0x212A, 0x212A, 0x212A, 0x6B75, 0x6B75, 0x6B75, 0x9495, 0x6B75,
  0x6B75, 0x6B75, 0x6B75, 0x6B75, 0x6B75, 0x6B75, 0x6B75, 0x6B75, 0x6B75, 0x6B75, 0x6B75, 0x6B75,
  0x6B75, 0x6B75, 0x6B75, 0x212A, 0x212A, 0x212A, 0x6B75, 0x6B75, 0x6B75, 0x6B75, 0x6B75, 0x6B75,
  0x6B75, 0x6B75, 0x6B75, 0x6B75, 0x6B75, 0x6B75, 0x6B75, 0x6B75, 0x212A, 0x212A, 0x4A4A, 0x6B75,
  0x6B75, 0x6B75, 0x6B75, 0x6B75, 0x6B75, 0x6B75, 0x6B75, 0x6B75, 0x6B75, 0x6B75, 0x6B75, 0x6B75,
  0x6B75, 0x6B75, 0x6B75, 0x6B75, 0x6B75, 0x6B75, 0x6B75, 0x6B75, 0x6B75, 0x6B75, 0x6B75, 0x212A,
  0x212A, 0x212A, 0x212A, 0x4A4A, 0x6B75, 0x6B75, 0x4A4A, 0x212A, 0x212A, 0x212A, 0x212A, 0x212A,
  0x212A, 0x212A, 0x212A, 0x212A, 0x212A, 0x212A, 0x212A, 0x4A55, 0xB49F, 0x949F, 0x949F, 0x949F,
  0x949F, 0x949F, 0x949F, 0x949F, 0x949F, 0x949F, 0x949F, 0x949F, 0xB5BF, 0xDEDF, 0xDEDF, 0xDEDF,
  0xB5BF, 0x949F, 0x949F, 0x212A, 0x212A, 0x212A, 0x212A, 0x212A, 0x212A, 0x6B75, 0x6B75, 0x6B75,
  0x6B75, 0x6B75, 0x6B75, 0x6B75, 0x6B75, 0x6B75, 0x6B75, 0x6B75, 0x6B75, 0x6B75, 0x6B75, 0x6B75,
  0x6B75, 0x6B75, 0x6B75, 0x6B75, 0x6B75, 0x212A, 0x212A, 0x212A, 0x212A, 0x6B75, 0x6B75, 0x6B75,
  0x6B75, 0x6B75, 0x6B75, 0x6B75, 0x6B75, 0x6B75, 0x6B75, 0x6B75, 0x6B75, 0x6B75, 0x6B75, 0x212A,
  0x212A, 0x212A, 0x212A, 0x212A, 0xFFFF, 0xFFFF, 0xFFFF, 0xFFFF, 0xFFFF, 0xFFFF, 0xFFFF, 0xFFFF,
  0xFFFF, 0xFFFF, 0xFFFF, 0xFFFF, 0xFFFF, 0x2120, 0x212A, 0x212A, 0x212A, 0x6B75, 0x6B75, 0x6B75,
  0x6B75, 0x6B75, 0x6B75, 0x6B75, 0x6B75, 0x6B75, 0x212A, 0x212A, 0x4A4A, 0x6B75, 0x6B75, 0x6B75,
  0x6B75, 0x6B75, 0x6B75, 0x6B75, 0x6B75, 0x6B75, 0x6B75, 0x6B75, 0x6B75, 0x6B75, 0x6B75, 0x6B75,
  0x6B75, 0x6B75, 0x6B75, 0x6B75, 0x6B75, 0x212A, 0x212A, 0x212A, 0x212A, 0x212A, 0x6B75, 0x6B75,
  0x6B75, 0x6B75, 0x6B75, 0x6B75, 0x6B75, 0x6B75, 0x6B75, 0x6B75, 0x6B75, 0x6B75, 0x6B75, 0x6C95,
  0xB5BF, 0xB5BF, 0xB5BF, 0xB5BF, 0xB5BF, 0xB5BF, 0x6B75, 0x212A, 0x212A, 0x212A, 0x212A, 0x6B75,
  0x212A, 0x212A, 0x212A, 0x212A, 0x212A, 0x212A, 0x6B75, 0x6B75, 0x6B75, 0x6B75, 0xB5BF, 0xB5B5,
  0x9495, 0x6B75, 0x6B75, 0x6B75, 0x6B75, 0x6B75, 0x6B75, 0x6B75, 0x6B75, 0x6B75, 0x6B75, 0x6B75,
  0x6B75, 0x6B75, 0x6B75, 0x212A, 0x212A, 0x212A, 0x6B75, 0x6B75, 0x6B75, 0x6B75, 0x6B75, 0x6B75,
  0x6B75, 0x6B75, 0x6B75, 0x6B75, 0x6B75, 0x6B75, 0x6B75, 0x6B75, 0x212A, 0x212A, 0x6B75, 0x6B75,
  0x6B75, 0x6B75, 0x6B75, 0x6B75, 0x6B75, 0x6B75, 0x6B75, 0x6B75, 0x6B75, 0x6B75, 0x6B75, 0x6B75,
  0x6B75, 0x6B75, 0x6B75, 0x6B75, 0x6B75, 0x6B75, 0x6B75, 0x6B75, 0x6B75, 0x6B75, 0x6B75, 0x4A55,
  0x212A, 0x212A, 0x212A, 0x000A, 0x6B75, 0x6B75, 0x6B75, 0x6B75, 0x4A4A, 0x212A, 0x212A, 0x212A,
  0x212A, 0x212A, 0x212A, 0x212A, 0x212A, 0x212A, 0x212A, 0x212A, 0x212A, 0x4A55, 0xB5BF, 0x949F,
  0x949F, 0x949F, 0x949F, 0x949F, 0x949F, 0x949F, 0x949F, 0x949F, 0x949F, 0xDEDF, 0xDEDF, 0xDEDF,
  0xDEDF, 0x949F, 0x949F, 0x012A, 0x212A, 0x212A, 0x212A, 0x212A, 0x212A, 0x6B75, 0x6B75, 0x6B75,
  0x6B75, 0x6B75, 0x6B75, 0x6B75, 0x6B75, 0x6B75, 0x6B75, 0x6B75, 0x6B75, 0x6B75, 0x6B75, 0x6B75,
  0x6B75, 0x6B75, 0x6B75, 0x6B75, 0x6B75, 0x212A, 0x212A, 0x212A, 0x212A, 0x4A4A, 0x6B75, 0x6B75,
  0x6B75, 0x6B75, 0x6B75, 0x6B75, 0x6B75, 0x6B75, 0x6B75, 0x6B75, 0x6B75, 0x6B75, 0x6B75, 0x212A,
  0x212A, 0x212A, 0x212A, 0x212A, 0x2000, 0xFFFF, 0xFFFF, 0xFFFF, 0xFFFF, 0xFFFF, 0xFFFF, 0xFFFF,
  0xFFFF, 0xFFFF, 0xFFFF, 0xFFFF, 0xDEDF, 0x212A, 0x212A, 0x212A, 0x212A, 0x6B75, 0x6B75, 0x6B75,
  0x6B75, 0x6B75, 0x6B75, 0x6B75, 0x6B75, 0x212A, 0x212A, 0x212A, 0x6B75, 0x6B75, 0x6B75, 0x6B75,
  0x6B75, 0x6B75, 0x6B75, 0x6B75, 0x6B75, 0x6B75, 0x6B75, 0x6B75, 0x6B75, 0x6B75, 0x6B75, 0x6B75,
  0x6B75, 0x6B75, 0x6B75, 0x6B75, 0x6B75, 0x212A, 0x212A, 0x212A, 0x212A, 0x4A4A, 0x6B75, 0x6B75,
  0x6B75, 0x6B75, 0x6B75, 0x6B75, 0x6B75, 0x6B75, 0x6B75, 0x6B75, 0x6B75, 0x6B75, 0x6B75, 0x6B75,
  0xB5BF, 0xB5BF, 0xB5BF, 0xB5BF, 0xB5BF, 0xB5BF, 0x6B75, 0x212A, 0x212A, 0x212A, 0x000A, 0x9495,
  0x212A, 0x212A, 0x212A, 0x212A, 0x212A, 0x6B75, 0x6B75, 0x6B75, 0x6B75, 0x6B75, 0xB5BF, 0xB5BF,
  0xB5BF, 0xB5BF, 0xB5BF, 0x6B75, 0x6B75, 0x6B75, 0x6B75, 0x6B75, 0x6B75, 0x6B75, 0x6B75, 0x6B75,
  0x6B75, 0x6B75, 0x6B75, 0x212A, 0x212A, 0x212A, 0x6B75, 0x6B75, 0x6B75, 0x6B75, 0x6B75, 0x6B75,
  0x6B75, 0x6B75, 0x6B75, 0x6B75, 0x6B75, 0x6B75, 0x6B75, 0x6B75, 0x212A, 0x212A, 0x6B75, 0x6B75,
  0x6B75, 0x6B75, 0x6B75, 0x6B75, 0x6B75, 0x6B75, 0x6B75, 0x6B75, 0x6B75, 0x6B75, 0x6B75, 0x6B75,
  0x6B75, 0x6B75, 0x6B75, 0x6B75, 0x6B75, 0x6B75, 0x6B75, 0x6B75, 0x6B75, 0x6B75, 0x6B75, 0x6B75,
  0x212A, 0x212A, 0x212A, 0x212A, 0x212A, 0x6B75, 0x6B75, 0x6B75, 0x6B75, 0x6B75, 0x4A4A, 0x4A4A,
  0x212A, 0x212A, 0x212A, 0x212A, 0x212A, 0x212A, 0x212A, 0x212A, 0x212A, 0x212A, 0x212A, 0xB49F,
  0xB49F, 0x949F, 0x949F, 0x949F, 0x949F, 0x949F, 0x949F, 0x949F, 0x949F, 0xDEDF, 0xDEDF, 0xDEDF,
  0xDEDF, 0xB5BF, 0x949F, 0x012A, 0x212A, 0x212A, 0x212A, 0x212A, 0x212A, 0x6B75, 0x6B75, 0x6B75,
  0x6B75, 0x6B75, 0x6B75, 0x6B75, 0x6B75, 0x6B75, 0x6B75, 0x6B75, 0x6B75, 0x6B75, 0x6B75, 0x6B75,
  0x6B75, 0x6B75, 0x6B75, 0x6B75, 0x6B75, 0x6B6A, 0x212A, 0x212A, 0x212A, 0x212A, 0x6B75, 0x6B75,
  0x6B75, 0x6B75, 0x6B75, 0x6B75, 0x6B75, 0x6B75, 0x6B75, 0x6B75, 0x6B75, 0x6B75, 0x6B75, 0x4A4A,
  0x212A, 0x212A, 0x212A, 0x212A, 0x212A, 0xFFFF, 0xFFFF, 0xFFFF, 0xFFFF, 0xFFFF, 0xFFFF, 0xFFFF,
  0xFFFF, 0xFFFF, 0xFFFF, 0xFFFF, 0x4A4A, 0x212A, 0x212A, 0x212A, 0x6B75, 0x6B75, 0x6B75, 0x6B75,
  0x6B75, 0x6B75, 0x6B75, 0x6B75, 0x6B75, 0x212A, 0x212A, 0x4A4A, 0x6B75, 0x6B75, 0x6B75, 0x6B75,
  0x6B75, 0x6B75, 0x6B75, 0x6B75, 0x6B75, 0x6B75, 0x6B75, 0x6B75, 0x6B75, 0x6B75, 0x6B75, 0x6B75,
  0x6B75, 0x6B75, 0x6B75, 0x6B75, 0x6B75, 0x212A, 0x212A, 0x212A, 0x000A, 0x6B75, 0x6B75, 0x6B75,
  0x6B75, 0x6B75, 0x6B75, 0x6B75, 0x6B75, 0x6B75, 0x6B75, 0x6B75, 0x6B75, 0x6B75, 0x6B75, 0x6B75,
  0x95B5, 0xB5BF, 0xB5BF, 0xB5BF, 0xB5BF, 0xB5BF, 0x6B75, 0x212A, 0x212A, 0x212A, 0x212A, 0x212A,
  0x212A, 0x212A, 0x212A, 0x212A, 0x4A4A, 0x6B75, 0x6B75, 0x6B75, 0x6B75, 0x6B75, 0x9495, 0xB5BF,
  0xB5BF, 0xB5BF, 0xB5BF, 0xB5BF, 0xB5B5, 0x9495, 0x6B75, 0x6B75, 0x6B75, 0x6B75, 0x6B75, 0x6B75,
  0x6B75, 0x6B75, 0x6B75, 0x4A4A, 0x212A, 0x212A, 0x4A4A, 0x6B75, 0x6B75, 0x6B75, 0x6B75, 0x6B75,
  0x6B75, 0x6B75, 0x6B75, 0x6B75, 0x6B75, 0x6B75, 0x6B75, 0x6B75, 0x212A, 0x212A, 0x4A4A, 0x6B75,
  0x6B75, 0x6B75, 0x6B75, 0x6B75, 0x6B75, 0x6B75, 0x6B75, 0x6B75, 0x6B75, 0x6B75, 0x6B75, 0x6B75,
  0x6B75, 0x6B75, 0x6B75, 0x6B75, 0x6B75, 0x6B75, 0x6B75, 0x6B75, 0x6B75, 0x6B75, 0x6B75, 0x6B75,
  0x6B75, 0x4A4A, 0x212A, 0x212A, 0x212A, 0x212A, 0x6B75, 0x6B75, 0x6B75, 0x6B75, 0x6B75, 0x6B75,
  0x6B75, 0x212A, 0x492A, 0x212A, 0x212A, 0x212A, 0x212A, 0x212A, 0x212A, 0x212A, 0x212A, 0x212A,
  0x000A, 0x4A4A, 0xB5BF, 0x949F, 0x949F, 0x949F, 0x949F, 0x949F, 0x949F, 0x9495, 0xDEDF, 0xDEDF,
  0xDEDF, 0xDEDF, 0x9495, 0x212A, 0x212A, 0x212A, 0x212A, 0x212A, 0x212A, 0x4A4A, 0x6B75, 0x6B75,
  0x6B75, 0x6B75, 0x6B75, 0x6B75, 0x6B75, 0x6B75, 0x6B75, 0x6B75, 0x6B75, 0x6B75, 0x6B75, 0x6B75,
  0x6B75, 0x6B75, 0x6B75, 0x6B75, 0x6B75, 0x6B75, 0x212A, 0x212A, 0x212A, 0x212A, 0x212A, 0x6B75,
  0x6B75, 0x6B75, 0x6B75, 0x6B75, 0x6B75, 0x6B75, 0x6B75, 0x6B75, 0x6B75, 0x6B75, 0x6B75, 0x6B75,
  0x212A, 0x212A, 0x212A, 0x212A, 0x212A, 0x4A4A, 0xFFFF, 0xFFFF, 0xFFFF, 0xFFFF, 0xFFFF, 0xFFFF,
  0xFFFF, 0xFFFF, 0xFFFF, 0xFFFF, 0x212A, 0x212A, 0x212A, 0x212A, 0x6B75, 0x6B75, 0x6B75, 0x6B75,
  0x6B75, 0x6B75, 0x6B75, 0x6B75, 0x6B75, 0x200A, 0x212A, 0x4A4A, 0x6B75, 0x6B75, 0x6B75, 0x6B75,
  0x6B75, 0x6B75, 0x6B75, 0x6B75, 0x6B75, 0x6B75, 0x6B75, 0x6B75, 0x6B75, 0x6B75, 0x6B75, 0x6B75,
  0x6B75, 0x6B75, 0x6B75, 0x6B75, 0x6B75, 0x212A, 0x212A, 0x212A, 0x212A, 0x6B75, 0x6B75, 0x6B75,
  0x6B75, 0x6B75, 0x6B75, 0x6B75, 0x6B75, 0x6B75, 0x6B75, 0x6B75, 0x6B75, 0x6B75, 0x6B75, 0x6B75,
  0x9495, 0xB5BF, 0xB5BF, 0xB5BF, 0xB5BF, 0xB5BF, 0x6B75, 0x212A, 0x212A, 0x212A, 0x212A, 0x212A,
  0x212A, 0x212A, 0x212A, 0x212A, 0x4A4A, 0x6B75, 0x6B75, 0x6B75, 0x6B75, 0x6B75, 0xB5B5, 0xB5BF,
  0xB5BF, 0xB5BF, 0xB5BF, 0xB5BF, 0xB5BF, 0x9495, 0x6B75, 0x6B75, 0x6B75, 0x6B75, 0x6B75, 0x9495,
  0x6B75, 0x6B75, 0x6B75, 0x4A4A, 0x212A, 0x212A, 0x212A, 0x6B75, 0x6B75, 0x6B75, 0x6B75, 0x6B75,
  0x6B75, 0x6B75, 0x6B75, 0x6B75, 0x6B75, 0x6B75, 0x6B75, 0x6B75, 0x212A, 0x212A, 0x4A4A, 0x6B75,
  0x6B75, 0x6B75, 0x6B75, 0x6B75, 0x6B75, 0x6B75, 0x6B75, 0x6B75, 0x6B75, 0x6B75, 0x6B75, 0x6B75,
  0x6B75, 0x6B75, 0x6B75, 0x6B75, 0x6B75, 0x6B75, 0x6B75, 0x6B75, 0x6B75, 0x6B75, 0x6B75, 0x6B75,
  0x6B75, 0x6B75, 0x212A, 0x212A, 0x212A, 0x212A, 0x212A, 0x6B75, 0x6B75, 0xB5BF, 0xB5BF, 0xB5BF,
  0x212A, 0x212A, 0x000A, 0x6B75, 0x6B75, 0x212A, 0x212A, 0x212A, 0x212A, 0x212A, 0x212A, 0x212A,
  0x212A, 0x212A, 0x212A, 0x9495, 0x949F, 0x949F, 0x949F, 0x949F, 0x949F, 0x949F, 0x949F, 0xDEDF,
  0xDEDF, 0xDEDF, 0xB5BF, 0x4A55, 0x212A, 0x212A, 0x212A, 0x212A, 0x212A, 0x212A, 0x6B75, 0x6B75,
  0x6B75, 0x6B75, 0x6B75, 0x6B75, 0x6B75, 0x6B75, 0x6B75, 0x6B75, 0x6B75, 0x6B75, 0x6B75, 0x6B75,
  0x6B75, 0x6B75, 0x6B75, 0x6B75, 0x6B75, 0x6B75, 0x4A4A, 0x212A, 0x212A, 0x212A, 0x212A, 0x6B75,
  0x6B75, 0x6B75, 0x6B75, 0x6B75, 0x6B75, 0x6B75, 0x6B75, 0x6B75, 0x6B75, 0x6B75, 0x6B75, 0x6B75,
  0x4A4A, 0x212A, 0x212A, 0x212A, 0x212A, 0x2000, 0xFFFF, 0xFFFF, 0xFFFF, 0xFFFF, 0xFFFF, 0xFFFF,
  0xFFFF, 0xFFFF, 0xFFFF, 0xFFFF, 0x2000, 0x212A, 0x212A, 0x212A, 0x6B75, 0x6B75, 0x6B75, 0x6B75,
  0x6B75, 0x6B75, 0x6B75, 0x6B75, 0x4A4A, 0x212A, 0x212A, 0x6B75, 0x6B75, 0x6B75, 0x6B75, 0x6B75,
  0x6B75, 0x6B75, 0x6B75, 0x6B75, 0x6B75, 0x6B75, 0x6B75, 0x6B75, 0x6B75, 0x6B75, 0x6B75, 0x6B75,
  0x6B75, 0x6B75, 0x6B75, 0x6B75, 0x212A, 0x212A, 0x212A, 0x212A, 0x4A4A, 0x6B75, 0x6B75, 0x6B75,
  0x6B75, 0x6B75, 0x6B75, 0x6B75, 0x6B75, 0x6B75, 0x6B75, 0x6B75, 0x6B75, 0x6B75, 0x6B75, 0x6B75,
  0x6B75, 0xB5BF, 0xB5BF, 0xB5BF, 0xB5BF, 0xB5BF, 0x6B75, 0x212A, 0x212A, 0x212A, 0x212A, 0x212A,
  0x212A, 0x212A, 0x212A, 0x212A, 0x212A, 0x6B75, 0x6B75, 0x6B75, 0x6B75, 0x6B75, 0x9495, 0xB5BF,
  0xB5BF, 0xB5BF, 0xB5BF, 0xB5BF, 0xB5BF, 0xB5BF, 0x6B75, 0x6B75, 0x6B75, 0x6B75, 0x6B75, 0x6B75,
  0xB5BF, 0xB5BF, 0xB5B5, 0xB5BF, 0x4A4A, 0x212A, 0x212A, 0x6B75, 0x6B75, 0x6B75, 0x6B75, 0x6B75,
  0x6B75, 0x6B75, 0x6B75, 0x6B75, 0x6B75, 0x6B75, 0x6B75, 0x6B75, 0x212A, 0x212A, 0x212A, 0x6B75,
  0x6B75, 0x6B75, 0x6B75, 0x6B75, 0x6B75, 0x6B75, 0x6B75, 0x6B75, 0x6B75, 0x6B75, 0x6B75, 0x6B75,
  0x6B75, 0x6B75, 0x6B75, 0x6B75, 0x6B75, 0x6B75, 0x6B75, 0x6B75, 0x6B75, 0x6B75, 0xB5BF, 0xB5BF,
  0xB5BF, 0xB5BF, 0xB5BF, 0x212A, 0x212A, 0x212A, 0x212A, 0x212A, 0x4A4A, 0xB5BF, 0xB5BF, 0x4A55,
  0x6B75, 0x6B75, 0x6B75, 0x4A4A, 0x6B75, 0x6B75, 0x6B75, 0x6B75, 0x212A, 0x212A, 0x212A, 0x212A,
  0x212A, 0x212A, 0x212A, 0x212A, 0x212A, 0x6B75, 0x949F, 0x949F, 0x949F, 0x949F, 0x949F, 0xDEDF,
  0xDEDF, 0xDEDF, 0xDEDF, 0x949F, 0x212A, 0x212A, 0x212A, 0x212A, 0x212A, 0x212A, 0x6B75, 0x6B75,
  0x6B75, 0x6B75, 0x6B75, 0x6B75, 0x6B75, 0x6B75, 0x6B75, 0x6B75, 0x6B75, 0x6B75, 0x6B75, 0x6B75,
  0x6B75, 0x6B75, 0x6B75, 0x6B75, 0x6B75, 0x6B75, 0x6B75, 0x212A, 0x212A, 0x212A, 0x212A, 0x212A,
  0x6B75, 0x6B75, 0x6B75, 0x6B75, 0x6B75, 0x6B75, 0x6B75, 0x6B75, 0x6B75, 0x6B75, 0x6B75, 0x6B75,
  0x6B75, 0x212A, 0x212A, 0x212A, 0x212A, 0x212A, 0xFFFF, 0xFFFF, 0xFFFF, 0xFFFF, 0xFFFF, 0xFFFF,
  0xFFFF, 0xFFFF, 0xFFFF, 0xFFFF, 0x2000, 0x212A, 0x212A, 0x212A, 0x6B75, 0x6B75, 0x6B75, 0x6B75,
  0x6B75, 0x6B75, 0x6B75, 0x6B75, 0x212A, 0x212A, 0x212A, 0x6B75, 0x6B75, 0x6B75, 0x6B75, 0x6B75,
  0x6B75, 0x6B75, 0x6B75, 0x6B75, 0x6B75, 0x6B75, 0x6B75, 0x6B75, 0x6B75, 0x6B75, 0x6B75, 0x6B75,
  0x6B75, 0x6B75, 0x6B75, 0x6B75, 0x212A, 0x212A, 0x212A, 0x212A, 0x4A4A, 0x6B75, 0x6B75, 0x6B75,
  0x6B75, 0x6B75, 0x6B75, 0x6B75, 0x6B75, 0x6B75, 0x6B75, 0x6B75, 0x6B75, 0x6B75, 0x6B75, 0x6B75,
  0x6B75, 0xB5BF, 0xB5BF, 0xB5BF, 0xB5BF, 0x9495, 0x212A, 0x212A, 0x212A, 0x212A, 0x212A, 0x212A,
  0x6B75, 0x212A, 0x212A, 0x212A, 0x212A, 0x6B75, 0x6B75, 0x6B75, 0x6B75, 0x6B75, 0x9495, 0xB5BF,
  0xB5BF, 0xB5BF, 0xB5BF, 0xB5BF, 0xB5BF, 0xB5BF, 0x6B75, 0x6B75, 0x6B75, 0x6B75, 0x6B75, 0x6B75,
  0xB5BF, 0xB5BF, 0xB5B5, 0xB5BF, 0x6B75, 0x6B75, 0x6B75, 0x4A4A, 0x9495, 0x9495, 0x9495, 0x6B75,
  0x9495, 0x9495, 0x6B75, 0x6B75, 0x6B75, 0x6B75, 0x6B75, 0x6B75, 0x212A, 0x212A, 0x212A, 0x6B75,
  0x6B75, 0x6B75, 0x6B75, 0x6B75, 0x6B75, 0x6B75, 0x6B75, 0x6B75, 0x6B75, 0x6B75, 0x6B75, 0x6B75,
  0x6C95, 0x9495, 0x9495, 0x6B75, 0x9495, 0xB5B5, 0xB5BF, 0xB5BF, 0xB5BF, 0xB5BF, 0xB5BF, 0xB5BF,
  0xB5BF, 0xB5BF, 0x9495, 0x4A55, 0x212A, 0x212A, 0x212A, 0x212A, 0x212A, 0x9495, 0x9495, 0x6B75,
  0x6B75, 0x6A55, 0x6A55, 0x6B75, 0x6B75, 0x6B75, 0x6B75, 0x6B75, 0x6B75, 0x6B75, 0x212A, 0x212A,
  0x212A, 0x212A, 0x212A, 0x212A, 0x212A, 0x212A, 0x4A4A, 0x949F, 0x949F, 0x949F, 0x949F, 0x949F,
  0xDEDF, 0xDEDF, 0xDEDF, 0xDEDF, 0x212A, 0x212A, 0x212A, 0x212A, 0x212A, 0x212A, 0x6B75, 0x6B75,
  0x6B75, 0x6B75, 0x6B75, 0x6B75, 0x6B75, 0x6B75, 0x6B75, 0x6B75, 0x6B75, 0x6B75, 0x6B75, 0x6B75,
  0x6B75, 0x6B75, 0x6B75, 0x6B75, 0x6B75, 0x6B75, 0x6B75, 0x4A4A, 0x212A, 0x212A, 0x212A, 0x212A,
  0x212A, 0x6B75, 0x6B75, 0x6B75, 0x6B75, 0x6B75, 0x6B75, 0x6B75, 0x6B75, 0x6B75, 0x6B75, 0x6B75,
  0x6B75, 0x212A, 0x212A, 0x212A, 0x212A, 0x212A, 0x6B75, 0xFFFF, 0xFFFF, 0xFFFF, 0xFFFF, 0xFFFF,
  0xFFFF, 0xFFFF, 0xFFFF, 0x9495, 0x212A, 0x212A, 0x212A, 0x212A, 0x6B75, 0x6B75, 0x6B75, 0x6B75,
  0x6B75, 0x6B75, 0x6B75, 0x6B75, 0x212A, 0x212A, 0x212A, 0x6B75, 0x6B75, 0x6B75, 0x6B75, 0x6B75,
  0x6B75, 0x6B75, 0x6B75, 0x6B75, 0x6B75, 0x6B75, 0x6B75, 0x6B75, 0x6B75, 0x6B75, 0x6B75, 0x6B75,
  0x6B75, 0x6B75, 0x6B75, 0x6B75, 0x000A, 0x212A, 0x212A, 0x212A, 0x6B75, 0x6B75, 0x6B75, 0x6B75,
  0x6B75, 0x6B75, 0x6B75, 0x6B75, 0x6B75, 0x6B75, 0x6B75, 0x6B75, 0x6B75, 0x6B75, 0x6B75, 0x6B75,
  0x6B75, 0xB5BF, 0xB5BF, 0xB5BF, 0x6B75, 0x6A55, 0x212A, 0x212A, 0x212A, 0x212A, 0x212A, 0xB5B5,
  0xFFFF, 0x212A, 0x212A, 0x212A, 0x212A, 0x6B75, 0x6B75, 0x6B75, 0x6B75, 0x6B75, 0x9495, 0xB5BF,
  0xB5BF, 0xB5BF, 0xB5BF, 0xB5BF, 0xB5BF, 0xB5BF, 0x9495, 0x6B75, 0x6B75, 0x6B75, 0x6B75, 0x6B75,
  0x9495, 0xB5BF, 0xB5BF, 0xB5BF, 0x9495, 0x6B75, 0x6B75, 0x4A55, 0xB5BF, 0xB5B5, 0xB5BF, 0xB5B5,
  0xB5BF, 0xB5BF, 0xB5B5, 0x9495, 0x9495, 0xB5BF, 0x9495, 0x9495, 0x212A, 0x212A, 0x4A4A, 0x9495,
  0x9495, 0x9495, 0x9495, 0x9495, 0x9495, 0x9495, 0x9495, 0x6B75, 0x9495, 0x9495, 0x9495, 0xB5BF,
  0xB5B5, 0xB5BF, 0xB5BF, 0xB5B5, 0xB5BF, 0xB5BF, 0xB5BF, 0xB5BF, 0xB5BF, 0xB5BF, 0xB5BF, 0xB5BF,
  0xB5BF, 0xB5BF, 0x9495, 0x6B75, 0x6B75, 0x212A, 0x212A, 0x212A, 0x212A, 0x6A55, 0x6B75, 0x6B75,
  0x6B75, 0x6A55, 0x6A55, 0x949F, 0x9495, 0x6B75, 0x6B75, 0x6B75, 0x6B75, 0x6B75, 0x6B75, 0x6B75,
  0x212A, 0x212A, 0x212A, 0x212A, 0x212A, 0x212A, 0x212A, 0x212A, 0x949F, 0x949F, 0x949F, 0x949F,
  0xB5BF, 0xDEDF, 0xDEDF, 0xDEDF, 0x212A, 0x212A, 0x212A, 0x212A, 0x212A, 0x212A, 0x6B75, 0x6B75,
  0x6B75, 0x6B75, 0x6B75, 0x6B75, 0x6B75, 0x6B75, 0x6B75, 0x6B75, 0x6B75, 0x6B75, 0x6B75, 0x6B75,
  0x6B75, 0x6B75, 0x6B75, 0x6B75, 0x6B75, 0x6B75, 0x6B75, 0x6B75, 0x212A, 0x212A, 0x212A, 0x212A,
  0x212A, 0x6B75, 0x6B75, 0x6B75, 0x6B75, 0x6B75, 0x6B75, 0x6B75, 0x6B75, 0x6B75, 0x6B75, 0x6B75,
  0x6B75, 0x4A4A, 0x212A, 0x212A, 0x212A, 0x212A, 0x0000, 0xFFFF, 0xFFFF, 0xFFFF, 0xFFFF, 0xFFFF,
  0xFFFF, 0xFFFF, 0xFFFF, 0x4A4A, 0x212A, 0x212A, 0x212A, 0x212A, 0x6B75, 0x6B75, 0x6B75, 0x6B75,
  0x6B75, 0x6B75, 0x6B75, 0x6B75, 0x212A, 0x212A, 0x212A, 0x6B75, 0x6B75, 0x6B75, 0x6B75, 0x6B75,
  0x6B75, 0x6B75, 0x6B75, 0x6B75, 0x6B75, 0x6B75, 0x6B75, 0x6B75, 0x6B75, 0x6B75, 0x6B75, 0x6B75,
  0x6B75, 0x6B75, 0x6B75, 0x4A4A, 0x212A, 0x212A, 0x212A, 0x212A, 0x6B75, 0x6B75, 0x6B75, 0x6B75,
  0x6B75, 0x6B75, 0x4B6A, 0x4A4A, 0x6B75, 0x6B75, 0x6B75, 0x6B75, 0x6B75, 0x6B75, 0x6B75, 0x6B75,
  0x6B75, 0x212A, 0x212A, 0x6A55, 0x6A55, 0x4A55, 0x212A, 0x212A, 0x212A, 0x212A, 0x212A, 0x4A4A,
  0xFFFF, 0x0000, 0x212A, 0x212A, 0x212A, 0x4A4A, 0x6B75, 0x6B75, 0x6B75, 0x6B75, 0x6B75, 0xB5BF,
  0xB5BF, 0xB5BF, 0xB5BF, 0xB5BF, 0xB5BF, 0xB5BF, 0xB5BF, 0x6B75, 0x6B75, 0x6B75, 0x6B75, 0x6B75,
  0x6B75, 0xB5BF, 0xB5BF, 0xB5BF, 0xB5BF, 0x4A55, 0x6B75, 0x6B75, 0x6B75, 0xB5BF, 0xB5BF, 0xB5BF,
  0xB5BF, 0xB5BF, 0xB5BF, 0xB5BF, 0xB5B5, 0xB5BF, 0xB5BF, 0xB5BF, 0x6B75, 0x6B75, 0x6B75, 0xB5BF,
  0xB5BF, 0xB5BF, 0xB5BF, 0xB5BF, 0xB5BF, 0xB5BF, 0xB5BF, 0xB5BF, 0xB5B5, 0xB5BF, 0xB5BF, 0xB5BF,
  0xB5BF, 0xB5BF, 0xB5BF, 0xB5BF, 0xB5BF, 0xB5BF, 0xB5BF, 0xB5BF, 0xB5BF, 0xB5BF, 0xB5BF, 0xB5BF,
  0xB5BF, 0xB5BF, 0x6B75, 0x6B75, 0x6B75, 0x6B75, 0x212A, 0x212A, 0x212A, 0x6B75, 0x6A55, 0x6B75,
  0x6B75, 0x6B75, 0x9495, 0xB5BF, 0xB5BF, 0x6B75, 0x6B75, 0x6B75, 0x6B75, 0x6B75, 0x6B75, 0x6B75,
  0x6B75, 0x6B75, 0x212A, 0x212A, 0x212A, 0x212A, 0x212A, 0x212A, 0x212A, 0x4A4A, 0x949F, 0x949F,
  0x949F, 0xB5BF, 0xDEDF, 0xDEDF, 0x212A, 0x212A, 0x212A, 0x212A, 0x212A, 0x212A, 0x6B75, 0x6B75,
  0x6B75, 0x6B75, 0x6B75, 0x6B75, 0x6B75, 0x6B75, 0x6B75, 0x6B75, 0x6B75, 0x6B75, 0x6B75, 0x6B75,
  0x6B75, 0x6B75, 0x6B75, 0x6B75, 0x6B75, 0x6B75, 0x6B75, 0x6B75, 0x6B75, 0x212A, 0x212A, 0x212A,
  0x212A, 0x212A, 0x6B75, 0x6B75, 0x6B75, 0x6B75, 0x6B75, 0x6B75, 0x6B75, 0x6B75, 0x6B75, 0x6B75,
  0x6B75, 0x6B75, 0x212A, 0x212A, 0x212A, 0x212A, 0x212A, 0x9495, 0xFFFF, 0xFFFF, 0xFFFF, 0xFFFF,
  0xFFFF, 0xFFFF, 0xFFFF, 0x212A, 0x212A, 0x212A, 0x212A, 0x212A, 0x6B75, 0x6B75, 0x6B75, 0x6B75,
  0x6B75, 0x6B75, 0x6B75, 0x4A4A, 0x212A, 0x212A, 0x212A, 0x6B75, 0x6B75, 0x6B75, 0x6B75, 0x6B75,
  0x6B75, 0x6B75, 0x6B75, 0x6B75, 0x6B75, 0x6B75, 0x6B75, 0x6B75, 0x6B75, 0x6B75, 0x6B75, 0x6B75,
  0x6B75, 0x6B75, 0x6B75, 0x212A, 0x212A, 0x212A, 0x212A, 0x212A, 0x6B75, 0x6B75, 0x6B75, 0x6B75,
  0x6B75, 0x6B75, 0x2120, 0x212A, 0x212A, 0x6B75, 0x6B75, 0x6B75, 0x6B75, 0x6B75, 0x4A4A, 0x212A,
  0x000A, 0x212A, 0x212A, 0x212A, 0x6B75, 0x6B75, 0x212A, 0x212A, 0x212A, 0x212A, 0x212A, 0x212A,
  0xFFFF, 0x6B75, 0x212A, 0x212A, 0x212A, 0x212A, 0x6B75, 0x6B75, 0x6B75, 0x6B75, 0x6B75, 0xB5BF,
  0xB5BF, 0xB5BF, 0xB5BF, 0xB5BF, 0xB5BF, 0xB5BF, 0xB5BF, 0x6B75, 0x6B75, 0x6B75, 0x6B75, 0x6B75,
  0x6B75, 0xB5BF, 0xB5BF, 0xB5BF, 0xB5BF, 0x6B75, 0x6B75, 0x4A55, 0x6B75, 0xB5BF, 0xB5BF, 0xB5BF,
  0xB5BF, 0xB5BF, 0xB5BF, 0xB5BF, 0xB5BF, 0xB5BF, 0xB5BF, 0xB5BF, 0x6B75, 0x6B75, 0x4A55, 0xB5BF,
  0xB5BF, 0xB5BF, 0xB5BF, 0xB5BF, 0xB5BF, 0xB5BF, 0xB5BF, 0xB5BF, 0xB5B5, 0xB5BF, 0xB5B5, 0xB5BF,
  0xB5BF, 0xB5BF, 0xB5BF, 0xB5BF, 0xB5BF, 0xB5BF, 0xB5BF, 0xB5BF, 0xB5BF, 0xB5BF, 0xB5BF, 0xB5BF,
  0xB5BF, 0xB5BF, 0x6B75, 0x6B75, 0x6B75, 0x6B75, 0x6B75, 0x212A, 0x212A, 0x6B75, 0x6B75, 0x6B75,
  0x6B75, 0x6B75, 0xB5BF, 0xB5BF, 0xB5BF, 0x6B75, 0x6B75, 0x6B75, 0x6B75, 0x6B75, 0x6B75, 0x6B75,
  0x6B75, 0x6B75, 0x6B75, 0x212A, 0x212A, 0x212A, 0x212A, 0x212A, 0x212A, 0x212A, 0x212A, 0x949F,
  0x949F, 0x949F, 0xDEDF, 0xDEDF, 0x212A, 0x212A, 0x212A, 0x212A, 0x212A, 0x212A, 0x6B75, 0x6B75,
  0x6B75, 0x6B75, 0x6B75, 0x6B75, 0x6B75, 0x6B75, 0x6B75, 0x6B75, 0x6B75, 0x6B75, 0x6B75, 0x6B75,
  0x6B75, 0x6B75, 0x6B75, 0x6B75, 0x6B75, 0x6B75, 0x6B75, 0x6B75, 0x6B75, 0x212A, 0x212A, 0x212A,
  0x212A, 0x212A, 0x4A4A, 0x6B75, 0x6B75, 0x6B75, 0x6B75, 0x6B75, 0x6B75, 0x6B75, 0x6B75, 0x6B75,
  0x6B75, 0x6B75, 0x4A4A, 0x212A, 0x212A, 0x212A, 0x212A, 0x2000, 0xFFFF, 0xFFFF, 0xFFFF, 0xFFFF,
  0xFFFF, 0xFFFF, 0xFFFF, 0x0000, 0x212A, 0x212A, 0x212A, 0x212A, 0x6B75, 0x6B75, 0x6B75, 0x6B75,
  0x6B75, 0x6B75, 0x6B75, 0x4A4A, 0x212A, 0x212A, 0x200A, 0x6B75, 0x6B75, 0x6B75, 0x6B75, 0x6B75,
  0x6B75, 0x6B75, 0x6B75, 0x6B75, 0x6B75, 0x6B75, 0x6B75, 0x6B75, 0x6B75, 0x6B75, 0x6B75, 0x6B75,
  0x6B75, 0x6B75, 0x6B75, 0x212A, 0x212A, 0x212A, 0x212A, 0x212A, 0x6B75, 0x6B75, 0x6B75, 0x6B75,
  0x6B75, 0x6B75, 0x212A, 0x212A, 0x212A, 0x212A, 0x212A, 0x000A, 0x212A, 0x212A, 0x212A, 0x212A,
  0x212A, 0x212A, 0x212A, 0x212A, 0x212A, 0x6B75, 0x9495, 0x4A4A, 0x212A, 0x212A, 0x212A, 0x212A,
  0xFFFF, 0xDEDF, 0x212A, 0x212A, 0x212A, 0x212A, 0x4A4A, 0x6B75, 0x6B75, 0x6B75, 0x6B75, 0xB5BF,
  0xB5BF, 0xB5BF, 0xB5BF, 0xB5BF, 0xB5BF, 0xB5BF, 0xB5BF, 0x6B75, 0x6B75, 0x6B75, 0x6B75, 0x6B75,
  0x6B75, 0xB5B5, 0xB5BF, 0xB5BF, 0xB5BF, 0x949F, 0x6B75, 0x6B75, 0x4A55, 0xB5BF, 0xB5BF, 0xB5BF,
  0xB5BF, 0xB5BF, 0xB5BF, 0xB5BF, 0xB5BF, 0xB5BF, 0xB5BF, 0xB5BF, 0x6B75, 0x6B75, 0x4A55, 0xB5BF,
  0xB5BF, 0xB5BF, 0xB5BF, 0xB5BF, 0xB5BF, 0xB5BF, 0xB5BF, 0xB5BF, 0xB5BF, 0xB5BF, 0xB5B5, 0xB5BF,
  0xB5BF, 0xB5BF, 0xB5BF, 0xB5BF, 0xB5BF, 0xB5BF, 0xB5BF, 0xB5BF, 0xB5BF, 0xB5BF, 0xB5BF, 0xB5BF,
  0xB5BF, 0xB5BF, 0x6B75, 0x6B75, 0x6B75, 0x6B75, 0x6B75, 0x6B75, 0x212A, 0x6B75, 0x6B75, 0x6B75,
  0x6B75, 0x4A55, 0x9495, 0xB5BF, 0x9495, 0x6B75, 0x6B75, 0x6B75, 0x6B75, 0x6B75, 0x6B75, 0x6B75,
  0x6B75, 0x6B75, 0x6B75, 0x6B75, 0x6B75, 0x212A, 0x212A, 0x212A, 0x212A, 0x212A, 0x212A, 0x4A55,
  0x949F, 0x949F, 0xB5BF, 0xDEDF, 0x4A55, 0x212A, 0x212A, 0x212A, 0x212A, 0x212A, 0x6B75, 0x6B75,
  0x6B75, 0x6B75, 0x6B75, 0x6B75, 0x6B75, 0x6B75, 0x6B75, 0x6B75, 0x6B75, 0x6B75, 0x6B75, 0x6B75,
  0x6B75, 0x6B75, 0x6B75, 0x6B75, 0x6B75, 0x6B75, 0x6B75, 0x6B75, 0x6B75, 0x4A4A, 0x212A, 0x212A,
  0x212A, 0x212A, 0x212A, 0x6B75, 0x6B75, 0x6B75, 0x6B75, 0x6B75, 0x6B75, 0x6B75, 0x6B75, 0x6B75,
  0x6B75, 0x6B75, 0x6B75, 0x212A, 0x212A, 0x212A, 0x212A, 0x212A, 0x9495, 0xFFFF, 0xFFFF, 0xFFFF,
  0xFFFF, 0xFFFF, 0xFFFF, 0x200A, 0x212A, 0x212A, 0x212A, 0x4A4A, 0x6B75, 0x6B75, 0x6B75, 0x6B75,
  0x6B75, 0x6B75, 0x6B75, 0x4A4A, 0x212A, 0x212A, 0x212A, 0x6B75, 0x6B75, 0x6B75, 0x6B75, 0x6B75,
  0x6B75, 0x6B75, 0x6B75, 0x6B75, 0x6B75, 0x6B75, 0x6B75, 0x6B75, 0x6B75, 0x6B75, 0x6B75, 0x6B75,
  0x6B75, 0x6B75, 0x6B75, 0x212A, 0x212A, 0x212A, 0x212A, 0x212A, 0x6B75, 0x6B75, 0x6B75, 0x6B75,
  0x6B75, 0x6B75, 0x4A4A, 0x212A, 0x212A, 0x212A, 0x212A, 0x212A, 0x212A, 0x212A, 0x212A, 0x212A,
  0x212A, 0x212A, 0x212A, 0x6B75, 0x6B75, 0x6B75, 0x6B75, 0x6B75, 0x212A, 0x212A, 0x212A, 0x212A,
  0xFFFF, 0xFFFF, 0x2120, 0x212A, 0x212A, 0x212A, 0x212A, 0x6B75, 0x6B75, 0x6B75, 0x6B75, 0x95B5,
  0xB5BF, 0xB5BF, 0xB5BF, 0xB5BF, 0xB5BF, 0xB5BF, 0xB5BF, 0x9495, 0x6B75, 0x6B75, 0x6B75, 0x6B75,
  0x6B75, 0x6B75, 0xB5BF, 0xB5BF, 0xB5BF, 0xB5BF, 0x6B75, 0x6B75, 0x6B75, 0x6B75, 0xB5BF, 0xB5BF,
  0xB5BF, 0xB5BF, 0xB5BF, 0xB5BF, 0xB5BF, 0xB5BF, 0xB5BF, 0xB5BF, 0x6B75, 0x6B75, 0x6B75, 0xB5BF,
  0xB5BF, 0xB5BF, 0xB5BF, 0xB5BF, 0xB5BF, 0xB5BF, 0xB5BF, 0xB5BF, 0xB5BF, 0xB5BF, 0xB5BF, 0xB5BF,
  0xB5BF, 0xB5BF, 0xB5BF, 0xB5BF, 0xB5BF, 0xB5BF, 0xB5BF, 0xB5BF, 0xB5BF, 0xB5BF, 0xB5BF, 0xB5BF,
  0xB5BF, 0xB5BF, 0x6B75, 0x6B75, 0x6B75, 0x6B75, 0x6B75, 0x6B75, 0x4A55, 0x6B75, 0x6B75, 0x6B75,
  0x6B75, 0x6B75, 0x6B75, 0x4A55, 0x6B75, 0x6B75, 0x6B75, 0x6B75, 0x6B75, 0x6B75, 0x6B75, 0x6B75,
  0x6B75, 0x6B75, 0x6B75, 0x6B75, 0x6B75, 0x6B75, 0x6B75, 0x212A, 0x212A, 0x212A, 0x212A, 0x212A,
  0x212A, 0x4A4A, 0x9495, 0xB5BF, 0x9495, 0x212A, 0x212A, 0x212A, 0x212A, 0x212A, 0x6B75, 0x6B75,
  0x6B75, 0x6B75, 0x6B75, 0x6B75, 0x6B75, 0x6B75, 0x6B75, 0x6B75, 0x6B75, 0x6B75, 0x6B75, 0x6B75,
  0x6B75, 0x6B75, 0x6B75, 0x6B75, 0x6B75, 0x6B75, 0x6B75, 0x6B75, 0x6B75, 0x6B75, 0x6B75, 0x212A,
  0x212A, 0x212A, 0x212A, 0x212A, 0x4A4A, 0x6B75, 0x6B75, 0x6B75, 0x6B75, 0x6B75, 0x6B75, 0x6B75,
  0x6B75, 0x6B75, 0x6B75, 0x212A, 0x212A, 0x212A, 0x212A, 0x212A, 0x4A4A, 0xFFFF, 0xFFFF, 0xFFFF,
  0xFFFF, 0xFFFF, 0xFFFF, 0x200A, 0x212A, 0x212A, 0x212A, 0x6B75, 0x6B75, 0x6B75, 0x6B75, 0x6B75,
  0x6B75, 0x6B75, 0x6B75, 0x212A, 0x212A, 0x212A, 0x212A, 0x6B75, 0x6B75, 0x6B75, 0x6B75, 0x6B75,
  0x6B75, 0x6B75, 0x6B75, 0x6B75, 0x6B75, 0x6B75, 0x6B75, 0x6B75, 0x6B75, 0x6B75, 0x6B75, 0x6B75,
  0x6B75, 0x6B75, 0x6B75, 0x212A, 0x212A, 0x212A, 0x212A, 0x212A, 0x6B75, 0x6B75, 0x6B75, 0x6B75,
  0x6B75, 0x6B75, 0x6B75, 0x6B75, 0x212A, 0x212A, 0x212A, 0x212A, 0x212A, 0x212A, 0x212A, 0x212A,
  0x212A, 0x6B75, 0x6B75, 0x6B75, 0x6B75, 0x6B75, 0x6B75, 0x6B75, 0x212A, 0x212A, 0x212A, 0x0000,
  0xFFFF, 0xFFFF, 0x0000, 0x212A, 0x212A, 0x212A, 0x212A, 0x6B75, 0x6B75, 0x6B75, 0x6B75, 0xB5BF,
  0xB5BF, 0xB5BF, 0xB5BF, 0xB5BF, 0xB5BF, 0xB5B5, 0xB5BF, 0xB5BF, 0x6B75, 0x6B75, 0x6B75, 0x6B75,
  0x6B75, 0x6B75, 0xB5BF, 0xB5BF, 0xB5BF, 0xB5BF, 0x9495, 0x6B75, 0x6B75, 0x6B75, 0x9495, 0xB5BF,
  0xB5BF, 0xB5BF, 0xB5BF, 0xB5BF, 0xB5BF, 0xB5BF, 0xB5BF, 0xB5BF, 0x6B75, 0x6B75, 0x6B75, 0xB5BF,
  0xB5BF, 0xB5BF, 0xB5BF, 0xB5BF, 0xB5BF, 0xB5BF, 0xB5BF, 0xB5BF, 0xB5BF, 0xB5BF, 0xB5BF, 0xB5B5,
  0xB5BF, 0xB5BF, 0xB5BF, 0xB5B5, 0xB5BF, 0xB5BF, 0xB5BF, 0xB5BF, 0xB5BF, 0xB5BF, 0xB5BF, 0xB5BF,
  0xB5BF, 0x9495, 0x6B75, 0x6B75, 0x6B75, 0x6B75, 0x6B75, 0x6B75, 0x6B75, 0x6B75, 0x6B75, 0x6B75,
  0x6B75, 0x6B75, 0x6B75, 0x4A55, 0x212A, 0x4A4A, 0x6B75, 0x6B75, 0x6B75, 0x6B75, 0x6B75, 0x6B75,
  0x6B75, 0x6B75, 0x6B75, 0x6B75, 0x6B75, 0x6B75, 0x6B75, 0x6B75, 0x4A4A, 0x212A, 0x212A, 0x212A,
  0x212A, 0x212A, 0x6B75, 0x949F, 0xB5BF, 0x212A, 0x212A, 0x212A, 0x212A, 0x212A, 0x6B75, 0x6B75,
  0x6B75, 0x6B75, 0x6B75, 0x6B75, 0x6B75, 0x6B75, 0x6B75, 0x6B75, 0x6B75, 0x6B75, 0x6B75, 0x6B75,
  0x6B75, 0x6B75, 0x6B75, 0x6B75, 0x6B75, 0x6B75, 0x6B75, 0x6B75, 0x6B75, 0x6B75, 0x6B75, 0x000A,
  0x212A, 0x212A, 0x212A, 0x212A, 0x212A, 0x6B75, 0x6B75, 0x6B75, 0x6B75, 0x6B75, 0x6B75, 0x6B75,
  0x6B75, 0x6B75, 0x6B75, 0x4A4A, 0x212A, 0x212A, 0x212A, 0x212A, 0x212A, 0xFFFF, 0xFFFF, 0xFFFF,
  0xFFFF, 0xFFFF, 0xFFFF, 0x200A, 0x212A, 0x212A, 0x212A, 0x6B75, 0x6B75, 0x6B75, 0x6B75, 0x6B75,
  0x6B75, 0x6B75, 0x6B75, 0x212A, 0x212A, 0x212A, 0x212A, 0x6B75, 0x6B75, 0x6B75, 0x6B75, 0x6B75,
  0x6B75, 0x6B75, 0x6B75, 0x6B75, 0x6B75, 0x6B75, 0x6B75, 0x6B75, 0x6B75, 0x6B75, 0x6B75, 0x6B75,
  0x6B75, 0x6B75, 0x6B75, 0x212A, 0x212A, 0x212A, 0x212A, 0x212A, 0x6B75, 0x6B75, 0x6B75, 0x6B75,
  0x6B75, 0x6B75, 0x6B75, 0x6B75, 0x6B75, 0x6B75, 0x6B75, 0x6B75, 0x6B75, 0x4A4A, 0x6B75, 0x6B75,
  0x6B75, 0x6B75, 0x6B75, 0x6B75, 0x6B75, 0x6B75, 0x6B75, 0x6B75, 0x212A, 0x212A, 0x212A, 0x0000,
  0xFFFF, 0xFFFF, 0x212A, 0x212A, 0x212A, 0x212A, 0x212A, 0x212A, 0x6B75, 0x6B75, 0x6B75, 0xB5BF,
  0xB5BF, 0xB5BF, 0xB5BF, 0xB5BF, 0xB5BF, 0xB5BF, 0xB5BF, 0xB5BF, 0x6B75, 0x6B75, 0x6B75, 0x6B75,
  0x6B75, 0x6B75, 0x9495, 0xB5B5, 0xB5BF, 0xB5BF, 0xB5BF, 0x6A55, 0x6B75, 0x6B75, 0x6B75, 0xB5BF,
  0xB5BF, 0xB5BF, 0xB5BF, 0xB5BF, 0xB5BF, 0xB5BF, 0xB5BF, 0xB5BF, 0x6A55, 0x6A55, 0x6B75, 0x9495,
  0xB5BF, 0xB5BF, 0xB5BF, 0xB5BF, 0xB5BF, 0xB5BF, 0xB5BF, 0xB5BF, 0xB5BF, 0xB5BF, 0xB5BF, 0xB5BF,
  0xB5B5, 0xB5BF, 0xB5BF, 0xB5BF, 0xB5BF, 0xB5BF, 0xB5BF, 0xB5BF, 0xB5BF, 0xB5BF, 0xB5BF, 0xB5BF,
  0xB5BF, 0x6B75, 0x6B75, 0x6B75, 0x6B75, 0x6B75, 0x6B75, 0x6B75, 0x6B75, 0x4B75, 0x4B75, 0x4B75,
  0x6B75, 0x6B75, 0x6B75, 0x6B75, 0x212A, 0x212A, 0x212A, 0x6B75, 0x6B75, 0x6B75, 0x6B75, 0x6B75,
  0x6B75, 0x6B75, 0x6B75, 0x6B75, 0x6B75, 0x6B75, 0x6B75, 0x6B75, 0x6B75, 0x6B75, 0x212A, 0x212A,
  0x212A, 0x212A, 0x212A, 0x000A, 0x6B75, 0x212A, 0x212A, 0x212A, 0x212A, 0x212A, 0x6B75, 0x6B75,
  0x6B75, 0x6B75, 0x6B75, 0x6B75, 0x6B75, 0x6B75, 0x6B75, 0x6B75, 0x6B75, 0x6B75, 0x6B75, 0x6B75,
  0x6B75, 0x6B75, 0x6B75, 0x6B75, 0x6B75, 0x6B75, 0x6B75, 0x6B75, 0x6B75, 0x6B75, 0x6B75, 0x4A4A,
  0x212A, 0x212A, 0x212A, 0x212A, 0x212A, 0x4A4A, 0x6B75, 0x6B75, 0x6B75, 0x6B75, 0x6B75, 0x6B75,
  0x6B75, 0x6B75, 0x6B75, 0x6B75, 0x212A, 0x212A, 0x212A, 0x212A, 0x212A, 0xB5BF, 0xFFFF, 0xFFFF,
  0xFFFF, 0xFFFF, 0xFFFF, 0x212A, 0x212A, 0x212A, 0x212A, 0x6B75, 0x6B75, 0x6B75, 0x6B75, 0x6B75,
  0x6B75, 0x6B75, 0x6B75, 0x212A, 0x212A, 0x212A, 0x212A, 0x6B75, 0x6B75, 0x6B75, 0x6B75, 0x6B75,
  0x6B75, 0x6B75, 0x6B75, 0x6B75, 0x6B75, 0x6B75, 0x6B75, 0x6B75, 0x6B75, 0x6B75, 0x6B75, 0x6B75,
  0x6B75, 0x6B75, 0x6B75, 0x212A, 0x212A, 0x212A, 0x212A, 0x212A, 0x6B75, 0x6B75, 0x6B75, 0x6B75,
  0x6B75, 0x6B75, 0x6B75, 0x6B75, 0x6B75, 0x6B75, 0x6B75, 0x6B75, 0x6B75, 0x6B75, 0x6B75, 0x6B75,
  0x6B75, 0x6B75, 0x6B75, 0x6B75, 0x6B75, 0x6B75, 0x6B75, 0x6B75, 0x212A, 0x212A, 0x212A, 0x212A,
  0xFFFF, 0xFFFF, 0xFFFF, 0x0000, 0x212A, 0x212A, 0x212A, 0x212A, 0x6B75, 0x6B75, 0x6B75, 0xB5BF,
  0xB5BF, 0xB5BF, 0xB5BF, 0xB5BF, 0xB5BF, 0xB5BF, 0xB5BF, 0xB5B5, 0x9495, 0x6B75, 0x6B75, 0x6B75,
  0x6B75, 0x6B75, 0x6B75, 0xB5BF, 0xB5B5, 0xB5BF, 0xB5BF, 0xB5BF, 0x6B75, 0x6B75, 0x6B75, 0x6B75,
  0xB5BF, 0xB5BF, 0xB5BF, 0xB5BF, 0xB5BF, 0xB5BF, 0xB5BF, 0xB5BF, 0x6B75, 0x6A55, 0x6A55, 0x6B75,
  0xB5BF, 0xB5BF, 0xB5BF, 0xB5BF, 0xB5BF, 0xB5BF, 0xB5BF, 0xB5BF, 0xB5BF, 0xB5BF, 0xB5BF, 0xB5BF,
  0xB5BF, 0xB5B5, 0xB5BF, 0xB5B5, 0xB5BF, 0xB5BF, 0xB5BF, 0xB5BF, 0xB5BF, 0xB5BF, 0xB5BF, 0xB5BF,
  0x9495, 0x6B75, 0x6B75, 0x6B75, 0x6B75, 0x6B75, 0x6B75, 0x212A, 0x4A55, 0x6B75, 0x6B75, 0x6B75,
  0xB5BF, 0x6B75, 0x6B75, 0x4A55, 0x212A, 0x212A, 0x212A, 0x212A, 0x212A, 0x212A, 0x6B75, 0x6B75,
  0x6B75, 0x6B75, 0x6B75, 0x6B75, 0x6B75, 0x6B75, 0x6B75, 0x6B75, 0x6B75, 0x6B75, 0x6B75, 0x4A4A,
  0x000A, 0x212A, 0x212A, 0x212A, 0x212A, 0x212A, 0x212A, 0x212A, 0x212A, 0x212A, 0x6B75, 0x6B75,
  0x6B75, 0x6B75, 0x6B75, 0x6B75, 0x6B75, 0x6B75, 0x6B75, 0x6B75, 0x6B75, 0x6B75, 0x6B75, 0x6B75,
  0x6B75, 0x6B75, 0x6B75, 0x6B75, 0x6B75, 0x6B75, 0x6B75, 0x6B75, 0x6B75, 0x6B75, 0x6B75, 0x6B75,
  0x6B75, 0x212A, 0x212A, 0x212A, 0x212A, 0x212A, 0x212A, 0x6B75, 0x6B75, 0x6B75, 0x6B75, 0x6B75,
  0x6B75, 0x6B75, 0x6B75, 0x6B75, 0x4A4A, 0x212A, 0x212A, 0x212A, 0x212A, 0x2120, 0xDEDF, 0xFFFF,
  0xFFFF, 0xFFFF, 0xFFFF, 0x212A, 0x212A, 0x212A, 0x212A, 0x4A4A, 0x6B75, 0x6B75, 0x6B75, 0x6B75,
  0x6B75, 0x6B75, 0x6B75, 0x212A, 0x212A, 0x212A, 0x212A, 0x6B75, 0x6B75, 0x6B75, 0x6B75, 0x6B75,
  0x6B75, 0x6B75, 0x6B75, 0x6B75, 0x6B75, 0x6B75, 0x6B75, 0x6B75, 0x6B75, 0x6B75, 0x6B75, 0x6B75,
  0x6B75, 0x6B75, 0x6B75, 0x212A, 0x212A, 0x212A, 0x212A, 0x212A, 0x4A4A, 0x6B75, 0x6B75, 0x6B75,
  0x6B75, 0x6B75, 0x6B75, 0x6B75, 0x6B75, 0x6B75, 0x6B75, 0x6B75, 0x6B75, 0x6B75, 0x6B75, 0x6B75,
  0x6B75, 0x6B75, 0x6B75, 0x6B75, 0x6B75, 0x6B75, 0x6B75, 0x6B75, 0x4A4A, 0x212A, 0x212A, 0x212A,
  0xFFFF, 0xFFFF, 0xFFFF, 0x4A4A, 0x212A, 0x212A, 0x212A, 0x212A, 0x6B75, 0x6B75, 0x6B75, 0xB5BF,
  0xB5BF, 0xB5BF, 0xB5BF, 0xB5BF, 0xB5BF, 0xB5BF, 0xB5BF, 0xB5BF, 0xB5BF, 0x6B75, 0x6B75, 0x6B75,
  0x6B75, 0x6B75, 0x6B75, 0xB5BF, 0xB5B5, 0xB5BF, 0xB5BF, 0x9495, 0x6B75, 0x6B75, 0x6B75, 0x6B75,
  0xB5BF, 0xB5BF, 0xB5BF, 0xB5BF, 0xB5BF, 0xB5BF, 0xB5BF, 0xB5BF, 0x6B75, 0x6B75, 0x6A55, 0x6B75,
  0xB5BF, 0xB5BF, 0xB5BF, 0xB5BF, 0xB5BF, 0xB5BF, 0xB5BF, 0xB5BF, 0xB5BF, 0xB5BF, 0xB5BF, 0xB5BF,
  0xB5BF, 0xB5B5, 0xB5BF, 0xB5BF, 0xB5BF, 0xB5BF, 0xB5BF, 0xB5BF, 0xB5BF, 0xB5BF, 0xB5BF, 0xB5BF,
  0x6B75, 0x6B75, 0x6B75, 0x6B75, 0x6B75, 0x6B75, 0x212A, 0x212A, 0x212A, 0x212A, 0x212A, 0x6B75,
  0x6C95, 0x6B75, 0x4A4A, 0x212A, 0x212A, 0x212A, 0x212A, 0x212A, 0x212A, 0x212A, 0x212A, 0x212A,
  0x6B75, 0x6B75, 0x6B75, 0x6B75, 0x6B75, 0x6B75, 0x6B75, 0x6B75, 0x6B75, 0x6B75, 0x6B75, 0x6B75,
  0x6B75, 0x212A, 0x212A, 0x212A, 0x212A, 0x212A, 0x212A, 0x212A, 0x212A, 0x212A, 0x6B75, 0x6B75,
  0x6B75, 0x6B75, 0x6B75, 0x6B75, 0x6B75, 0x6B75, 0x6B75, 0x6B75, 0x6B75, 0x6B75, 0x6B75, 0x6B75,
  0x6B75, 0x6B75, 0x6B75, 0x6B75, 0x6B75, 0x6B75, 0x6B75, 0x6B75, 0x6B75, 0x6B75, 0x6B75, 0x6B75,
  0x6B75, 0x4A4A, 0x212A, 0x212A, 0x212A, 0x212A, 0x212A, 0x6B75, 0x6B75, 0x6B75, 0x6B75, 0x6B75,
  0x6B75, 0x6B75, 0x6B75, 0x6B75, 0x6B75, 0x212A, 0x212A, 0x212A, 0x212A, 0x212A, 0x4A4A, 0xFFFF,
  0xFFFF, 0xFFFF, 0xFFFF, 0x200A, 0x212A, 0x212A, 0x212A, 0x6B75, 0x6B75, 0x6B75, 0x6B75, 0x6B75,
  0x6B75, 0x6B75, 0x6B75, 0x212A, 0x212A, 0x212A, 0x212A, 0x6B75, 0x6B75, 0x6B75, 0x6B75, 0x6B75,
  0x6B75, 0x6B75, 0x6B75, 0x6B75, 0x6B75, 0x6B75, 0x6B75, 0x6B75, 0x6B75, 0x6B75, 0x6B75, 0x6B75,
  0x6B75, 0x6B75, 0x4A4A, 0x212A, 0x212A, 0x212A, 0x212A, 0x212A, 0x212A, 0x6B75, 0x6B75, 0x6B75,
  0x6B75, 0x6B75, 0x6B75, 0x6B75, 0x6B75, 0x6B75, 0x6B75, 0x6B75, 0x6B75, 0x6B75, 0x6B75, 0x6B75,
  0x6B75, 0x6B75, 0x6B75, 0x6B75, 0x6B75, 0x6B75, 0x6B75, 0x6B75, 0x6B75, 0x212A, 0x212A, 0x212A,
  0xDEDF, 0xFFFF, 0xFFFF, 0xFFFF, 0x0120, 0x212A, 0x212A, 0x212A, 0x212A, 0x6B75, 0x6B75, 0xB5BF,
  0xB5BF, 0xB5BF, 0xB5BF, 0xB5BF, 0xB5BF, 0xB5BF, 0xB5BF, 0xB5BF, 0xB5BF, 0x9495, 0x6B75, 0x6B75,
  0x6B75, 0x6B75, 0x6B75, 0x6B75, 0xB5B5, 0xB5BF, 0xB5BF, 0xB5BF, 0xB5BF, 0x6B75, 0x6B75, 0x6A55,
  0x6B75, 0x9495, 0xB5BF, 0xB5BF, 0xB5BF, 0xB5BF, 0xB5BF, 0xB5BF, 0xB5BF, 0x6A55, 0x6A55, 0x6A55,
  0xB5BF, 0xB5B5, 0xB5BF, 0xB5BF, 0xB5BF, 0xB5BF, 0xB5BF, 0xB5BF, 0xB5B5, 0xB5BF, 0xB5BF, 0xB5BF,
  0xB5BF, 0xB5BF, 0xB5B5, 0xB5BF, 0xB5BF, 0xB5BF, 0xB5BF, 0xB5BF, 0xB5BF, 0xB5BF, 0xB5BF, 0xB5BF,
  0x6B75, 0x6B75, 0x6B75, 0x6B75, 0x6B75, 0x212A, 0x212A, 0x212A, 0x212A, 0x212A, 0x4A55, 0x6B75,
  0x6B75, 0x6B75, 0x6B75, 0x6B75, 0x4A4A, 0x212A, 0x212A, 0x212A, 0x212A, 0x212A, 0x212A, 0x212A,
  0x212A, 0x212A, 0x000A, 0x212A, 0x6B75, 0x6B75, 0x6B75, 0x6B75, 0x6B75, 0x6B75, 0x6B75, 0x6B75,
  0x6B75, 0x6B75, 0x6A55, 0x212A, 0x212A, 0x212A, 0x212A, 0x212A, 0x212A, 0x212A, 0x6B75, 0x6B75,
  0x6B75, 0x6B75, 0x6B75, 0x6B75, 0x6B75, 0x6B75, 0x6B75, 0x6B75, 0x6B75, 0x6B75, 0x6B75, 0x6B75,
  0x6B75, 0x6B75, 0x6B75, 0x6B75, 0x6B75, 0x6B75, 0x6B75, 0x6B75, 0x6B75, 0x6B75, 0x6B75, 0x6B75,
  0x6B75, 0x6B75, 0x212A, 0x212A, 0x212A, 0x212A, 0x212A, 0x212A, 0x4A4A, 0x6B75, 0x6B75, 0x6B75,
  0x6B75, 0x6B75, 0x6B75, 0x6B75, 0x6B75, 0x6B75, 0x212A, 0x212A, 0x212A, 0x212A, 0x212A, 0xDEDF,
  0xFFFF, 0xFFFF, 0xFFFF, 0x212A, 0x212A, 0x212A, 0x212A, 0x4A4A, 0x6B75, 0x6B75, 0x6B75, 0x6B75,
  0x6B75, 0x6B75, 0x6B75, 0x212A, 0x212A, 0x212A, 0x212A, 0x6B75, 0x6B75, 0x6B75, 0x6B75, 0x6B75,
  0x6B75, 0x6B75, 0x6B75, 0x6B75, 0x6B75, 0x6B75, 0x6B75, 0x6B75, 0x6B75, 0x6B75, 0x6B75, 0x6B75,
  0x6B75, 0x6B75, 0x4A4A, 0x212A, 0x212A, 0x212A, 0x212A, 0x212A, 0x212A, 0x212A, 0x6B75, 0x6B75,
  0x6B75, 0x6B75, 0x6B75, 0x6B75, 0x6B75, 0x6B75, 0x6B75, 0x6B75, 0x6B75, 0x6B75, 0x6B75, 0x6B75,
  0x6B75, 0x6B75, 0x6B75, 0x6B75, 0x6B75, 0x6B75, 0x6B75, 0x6B75, 0x6B75, 0x212A, 0x212A, 0x212A,
  0xB5B5, 0xFFFF, 0xFFFF, 0xFFFF, 0x212A, 0x212A, 0x212A, 0x212A, 0x212A, 0x4A4A, 0x6B75, 0xB5BF,
  0xB5BF, 0xB5BF, 0xB5BF, 0xB5BF, 0xB5BF, 0xB5BF, 0xB5BF, 0xB5BF, 0xB5BF, 0xB5BF, 0x6B75, 0x6B75,
  0x6B75, 0x6B75, 0x6B75, 0x6B75, 0xB5B5, 0xB5BF, 0xB5BF, 0xB5BF, 0xB5BF, 0x9495, 0x6B75, 0x6A55,
  0x6B75, 0x6B75, 0xB5BF, 0xB5BF, 0xB5BF, 0xB5BF, 0xB5BF, 0xB5BF, 0xB5BF, 0x6B75, 0x6A55, 0x4A55,
  0xB5BF, 0xB5BF, 0xB5BF, 0xB5B5, 0xB5BF, 0xB5BF, 0xB5BF, 0xB5BF, 0xB5BF, 0xB5BF, 0xB5BF, 0xB5BF,
  0xB5BF, 0xB5BF, 0xB5BF, 0xB5BF, 0xB5BF, 0xB5BF, 0xB5BF, 0xB5BF, 0xB5BF, 0xB5BF, 0xB5BF, 0xB5BF,
  0x6B75, 0x6B75, 0x6B75, 0x6B75, 0x6B75, 0x212A, 0x212A, 0x212A, 0x212A, 0x200A, 0x6B75, 0x6B75,
  0x6B75, 0x6B75, 0x6B75, 0x6B75, 0x6B75, 0x6B75, 0x4A4A, 0x212A, 0x212A, 0x212A, 0x212A, 0x212A,
  0x212A, 0x212A, 0x212A, 0x212A, 0x212A, 0x212A, 0x6B75, 0x6B75, 0x6B75, 0x6B75, 0x6B75, 0x6B75,
  0x6B75, 0x6B75, 0x6B75, 0x6B75, 0x212A, 0x212A, 0x212A, 0x212A, 0x212A, 0x212A, 0x6B75, 0x6B75,
  0x6B75, 0x6B75, 0x6B75, 0x6B75, 0x6B75, 0x6B75, 0x6B75, 0x6B75, 0x6B75, 0x6B75, 0x6B75, 0x6B75,
  0x6B75, 0x6B75, 0x6B75, 0x6B75, 0x6B75, 0x6B75, 0x6B75, 0x6B75, 0x6B75, 0x6B75, 0x6B75, 0x6B75,
  0x6B75, 0x6B75, 0x6B75, 0x212A, 0x212A, 0x212A, 0x212A, 0x212A, 0x212A, 0x6B75, 0x6B75, 0x6B75,
  0x6B75, 0x6B75, 0x6B75, 0x6B75, 0x6B75, 0x6B75, 0x212A, 0x212A, 0x212A, 0x212A, 0x212A, 0x200A,
  0xFFFF, 0xFFFF, 0xFFFF, 0x212A, 0x212A, 0x212A, 0x212A, 0x6B75, 0x6B75, 0x6B75, 0x6B75, 0x6B75,
  0x6B75, 0x6B75, 0x6B75, 0x212A, 0x212A, 0x212A, 0x212A, 0x6B75, 0x6B75, 0x6B75, 0x6B75, 0x6B75,
  0x6B75, 0x6B75, 0x6B75, 0x6B75, 0x6B75, 0x6B75, 0x6B75, 0x6B75, 0x6B75, 0x6B75, 0x6B75, 0x6B75,
  0x6B75, 0x6B75, 0x212A, 0x212A, 0x212A, 0x212A, 0x212A, 0x212A, 0x212A, 0x212A, 0x0000, 0x6B75,
  0x6B75, 0x6B75, 0x6B75, 0x6B75, 0x6B75, 0x6B75, 0x6B75, 0x6B75, 0x6B75, 0x6B75, 0x6B75, 0x6B75,
  0x6B75, 0x6B75, 0x6B75, 0x6B75, 0x6B75, 0x6B75, 0x6B75, 0x6B75, 0x6B75, 0x212A, 0x212A, 0x212A,
  0x4A4A, 0xFFFF, 0xFFFF, 0xFFFF, 0x2120, 0x212A, 0x212A, 0x212A, 0x212A, 0x212A, 0x6B75, 0x6B75,
  0x6B75, 0x9495, 0xB5BF, 0xB5BF, 0xB5BF, 0xB5BF, 0xB5BF, 0xB5BF, 0xB5BF, 0xB5BF, 0x6B75, 0x6B75,
  0x6B75, 0x6B75, 0x6B75, 0x6B75, 0x9495, 0xB5BF, 0xB5BF, 0xB5BF, 0xB5BF, 0xB5BF, 0x6B75, 0x6A55,
  0x6A55, 0x6B75, 0x9375, 0xB5BF, 0xB5BF, 0xB5BF, 0xB5BF, 0xB5BF, 0xB5BF, 0x6B75, 0x6A55, 0x4A55,
  0x9495, 0xB5BF, 0xB5BF, 0xB5BF, 0xB5BF, 0xB5BF, 0xB5BF, 0xB5BF, 0xB5BF, 0xB5BF, 0xB5BF, 0xB5BF,
  0xB5BF, 0xB5BF, 0xB5BF, 0xB5BF, 0xB5BF, 0xB5BF, 0xB5BF, 0xB5BF, 0xB5BF, 0xB5BF, 0x9495, 0x6B75,
  0x6B75, 0x6B75, 0x6B75, 0x6B75, 0x4A4A, 0x212A, 0x212A, 0x212A, 0x212A, 0x212A, 0x6B75, 0x6B75,
  0x6B75, 0x6B75, 0x6B75, 0x6B75, 0x6B75, 0x6B75, 0x6B75, 0x6B75, 0x4A4A, 0x212A, 0x212A, 0x212A,
  0x212A, 0x212A, 0x212A, 0x212A, 0x212A, 0x212A, 0x6B75, 0x6B75, 0x6B75, 0x6B75, 0x6B75, 0x6B75,
  0x6B75, 0x6B75, 0x6B75, 0x4A4A, 0x212A, 0x212A, 0x212A, 0x212A, 0x212A, 0x212A, 0x6B75, 0x6B75,
  0x6B75, 0x6B75, 0x6B75, 0x6B75, 0x6B75, 0x6B75, 0x6B75, 0x6B75, 0x6B75, 0x6B75, 0x6B75, 0x6B75,
  0x6B75, 0x6B75, 0x6B75, 0x6B75, 0x6B75, 0x6B75, 0x6B75, 0x6B75, 0x6B75, 0x6B75, 0x6B75, 0x6B75,
  0x6B75, 0x6B75, 0x6B75, 0x6B6A, 0x212A, 0x212A, 0x212A, 0x212A, 0x212A, 0x212A, 0x6B75, 0x6B75,
  0x6B75, 0x6B75, 0x6B75, 0x6B75, 0x6B75, 0x6B75, 0x200A, 0x212A, 0x212A, 0x212A, 0x212A, 0x212A,
  0xFFFF, 0xFFFF, 0xFFFF, 0x200A, 0x212A, 0x212A, 0x212A, 0x4A4A, 0x6B75, 0x6B75, 0x6B75, 0x6B75,
  0x6B75, 0x6B75, 0x6B75, 0x212A, 0x212A, 0x212A, 0x212A, 0x6B75, 0x6B75, 0x6B75, 0x6B75, 0x6B75,
  0x6B75, 0x6B75, 0x6B75, 0x6B75, 0x6B75, 0x6B75, 0x6B75, 0x6B75, 0x6B75, 0x6B75, 0x6B75, 0x6B75,
  0x6B75, 0x6B75, 0x212A, 0x212A, 0x212A, 0x212A, 0x212A, 0x212A, 0x212A, 0x212A, 0x212A, 0x212A,
  0x212A, 0x4A4A, 0x6B75, 0x6B75, 0x6B75, 0x6B75, 0x6B75, 0x6B75, 0x6B75, 0x6B75, 0x6B75, 0x6B75,
  0x6B75, 0x6B75, 0x6B75, 0x6B75, 0x6B75, 0x6B75, 0x6B75, 0x6B75, 0x6B75, 0x212A, 0x212A, 0x212A,
  0x2120, 0xFFFF, 0xFFFF, 0xFFFF, 0xB5B5, 0x212A, 0x212A, 0x212A, 0x212A, 0x212A, 0x212A, 0x212A,
  0x212A, 0x212A, 0x212A, 0x212A, 0x6B75, 0x6B75, 0x6B75, 0x6C95, 0x9495, 0xB5BF, 0x9495, 0x6B75,
  0x6B75, 0x6B75, 0x6B75, 0x6B75, 0x6B75, 0x9495, 0xB5B5, 0xB5BF, 0xB5BF, 0xB5BF, 0xB5BF, 0x9495,
  0x6A55, 0x6B75, 0x6B75, 0x6B75, 0xB5BF, 0xB5BF, 0xB5BF, 0xB5BF, 0xB5BF, 0xB5BF, 0x4A55, 0x6A55,
  0x6B75, 0xB5BF, 0xB5BF, 0xB5BF, 0xB5BF, 0xB5BF, 0xB5BF, 0xB5BF, 0xB5BF, 0xB5BF, 0xB5BF, 0xB5BF,
  0xB5BF, 0xB5BF, 0xB5BF, 0xB5BF, 0xB5B5, 0xB5B5, 0xB5B5, 0x9495, 0x6B75, 0x6B75, 0x6B75, 0x6B75,
  0x6B75, 0x6B75, 0x6B75, 0x6B75, 0x212A, 0x212A, 0x212A, 0x212A, 0x212A, 0x6B75, 0x6B75, 0x6B75,
  0x6B75, 0x6B75, 0x6B75, 0x6B75, 0x6B75, 0x6B75, 0x6B75, 0x6B75, 0x6B75, 0x6B75, 0x6B75, 0x6B75,
  0x4A4A, 0x212A, 0x212A, 0x212A, 0x4A4A, 0x6B6A, 0x6B75, 0x6B75, 0x6B75, 0x6B75, 0x6B75, 0x6B75,
  0x6B75, 0x6B75, 0x6B75, 0x212A, 0x212A, 0x212A, 0x212A, 0x212A, 0x212A, 0x212A, 0x6B75, 0x6B75,
  0x6B75, 0x6B75, 0x6B75, 0x6B75, 0x6B75, 0x6B75, 0x6B75, 0x6B75, 0x6B75, 0x6B75, 0x6B75, 0x6B75,
  0x6B75, 0x6B75, 0x6B75, 0x6B75, 0x6B75, 0x6B75, 0x6B75, 0x6B75, 0x6B75, 0x6B75, 0x6B75, 0x6B75,
  0x6B75, 0x6B75, 0x6B75, 0x6B75, 0x6B75, 0x212A, 0x212A, 0x212A, 0x212A, 0x212A, 0x212A, 0x4A4A,
  0x6B75, 0x6B75, 0x6B75, 0x6B75, 0x6B75, 0x6B75, 0x6B75, 0x212A, 0x212A, 0x212A, 0x212A, 0x212A,
  0xFFFF, 0xFFFF, 0xFFFF, 0x212A, 0x212A, 0x212A, 0x212A, 0x6A55, 0x6B75, 0x6B75, 0x6B75, 0x6B75,
  0x6B75, 0x6B75, 0x6B75, 0x212A, 0x212A, 0x212A, 0x212A, 0x6A55, 0x6B75, 0x6B75, 0x6B75, 0x6B75,
  0x6B75, 0x6B75, 0x6B75, 0x6B75, 0x6B75, 0x6B75, 0x6B75, 0x6B75, 0x6B75, 0x6B75, 0x6B75, 0x6B75,
  0x6B75, 0x6B75, 0x212A, 0x212A, 0x212A, 0x212A, 0x212A, 0x212A, 0x212A, 0x212A, 0x212A, 0x212A,
  0x212A, 0x212A, 0x212A, 0x6B75, 0x6B75, 0x6B75, 0x6B75, 0x6B75, 0x6B75, 0x6B75, 0x6B75, 0x6B75,
  0x6B75, 0x6B75, 0x6B75, 0x6B75, 0x6B75, 0x6B75, 0x6B75, 0x6B75, 0x6B75, 0x4A4A, 0x212A, 0x212A,
  0x0000, 0xFFFF, 0xFFFF, 0xFFFF, 0xFFFF, 0x4A4A, 0x212A, 0x212A, 0x212A, 0x212A, 0x212A, 0x212A,
  0x212A, 0x212A, 0x212A, 0x212A, 0x6B75, 0x6B75, 0x6B75, 0x6B75, 0x6B75, 0x6B75, 0x6B75, 0x6B75,
  0x6B75, 0x6B75, 0x6B75, 0x6B75, 0x6B75, 0x6B75, 0xB5BF, 0xB5BF, 0xB5BF, 0xB5BF, 0xB5BF, 0xB5BF,
  0x6B75, 0x6B75, 0x6B75, 0x6A55, 0x6B75, 0xB5BF, 0xB5BF, 0xB5BF, 0xB5BF, 0xB5BF, 0x6A55, 0x6B75,
  0x6B75, 0xB5BF, 0xB5BF, 0xB5BF, 0xB5BF, 0xB5BF, 0xB5BF, 0xB5BF, 0xB5BF, 0xB5BF, 0xB5BF, 0xB5BF,
  0xB5BF, 0xB5BF, 0x9495, 0x9495, 0x6B75, 0x6B75, 0x6B75, 0x6B75, 0x6B75, 0x6B75, 0x6B75, 0x6B75,
  0x6B75, 0x6B75, 0x6B75, 0x212A, 0x212A, 0x212A, 0x212A, 0x212A, 0x4A4A, 0x6B75, 0x6B75, 0x6B75,
  0x6B75, 0x6B75, 0x6B75, 0x6B75, 0x6B75, 0x6B75, 0x6B75, 0x6B75, 0x6B75, 0x6B75, 0x6B75, 0x6B75,
  0x6B75, 0x6B75, 0x6B75, 0x6B75, 0x6B75, 0x6B75, 0x6B75, 0x6B75, 0x6B75, 0x6B75, 0x6B75, 0x6B75,
  0x6B75, 0x6B75, 0x212A, 0x212A, 0x212A, 0x212A, 0x212A, 0x212A, 0x212A, 0x212A, 0x6B75, 0x6B75,
  0x6B75, 0x6B75, 0x6B75, 0x6B75, 0x6B75, 0x6B75, 0x6B75, 0x6B75, 0x6B75, 0x6B75, 0x6B75, 0x6B75,
  0x6B75, 0x6B75, 0x6B75, 0x6B75, 0x6B75, 0x6B75, 0x6B75, 0x6B75, 0x6B75, 0x6B75, 0x6B75, 0x6B75,
  0x6B75, 0x6B75, 0x6B75, 0x6B75, 0x6B75, 0x4A4A, 0x212A, 0x212A, 0x212A, 0x212A, 0x212A, 0x212A,
  0x6B75, 0x6B75, 0x6B75, 0x6B75, 0x6B75, 0x6B75, 0x6B75, 0x4A4A, 0x212A, 0x212A, 0x212A, 0x212A,
  0xFFFF, 0xFFFF, 0xFFFF, 0x200A, 0x212A, 0x212A, 0x212A, 0x4A4A, 0x6B75, 0x6B75, 0x6B75, 0x6B75,
  0x6B75, 0x6B75, 0x6B75, 0x4A4A, 0x212A, 0x212A, 0x212A, 0x4A55, 0x6B75, 0x6B75, 0x6B75, 0x6B75,
  0x6B75, 0x6B75, 0x6B75, 0x6B75, 0x6B75, 0x6B75, 0x6B75, 0x6B75, 0x6B75, 0x6B75, 0x6B75, 0x6B75,
  0x6B75, 0x6B75, 0x212A, 0x212A, 0x212A, 0x212A, 0x212A, 0x0000, 0x2120, 0x212A, 0x212A, 0x212A,
  0x212A, 0x212A, 0x212A, 0x212A, 0x6B75, 0x6B75, 0x6B75, 0x6B75, 0x6B75, 0x6B75, 0x6B75, 0x6B75,
  0x6B75, 0x6B75, 0x6B75, 0x6B75, 0x6B75, 0x6B75, 0x6B75, 0x6B75, 0x6B75, 0x6B75, 0x212A, 0x212A,
  0x000A, 0xFFFF, 0xFFFF, 0xFFFF, 0xFFFF, 0xFFFF, 0x212A, 0x212A, 0x212A, 0x212A, 0x212A, 0x212A,
  0x212A, 0x212A, 0x212A, 0x212A, 0x6B75, 0x6B75, 0x6B75, 0x6B75, 0x6B75, 0x6B75, 0x6B75, 0x6B75,
  0x6B75, 0x6B75, 0x6B75, 0x6B75, 0x6B75, 0x6B75, 0x9495, 0x9495, 0x9495, 0x6B75, 0x9495, 0x9495,
  0xB5BF, 0x4A55, 0x6B75, 0x6B75, 0x6A55, 0x6B75, 0xB5BF, 0xB5BF, 0xB5BF, 0xB5BF, 0x6B75, 0x6A55,
  0x6A55, 0x949F, 0xB5BF, 0xB5BF, 0xB5BF, 0xB5BF, 0x95B5, 0xB5BF, 0xB5B5, 0x9495, 0x9495, 0x6C95,
  0x6B75, 0x6B75, 0x6B75, 0x6B75, 0x6B75, 0x6B75, 0x6B75, 0x6B75, 0x6B75, 0x6B75, 0x6B75, 0x6B75,
  0x6B75, 0x6B75, 0x4A4A, 0x212A, 0x212A, 0x212A, 0x212A, 0x212A, 0x6B75, 0x6B75, 0x6B75, 0x6B75,
  0x6B75, 0x6B75, 0x6B75, 0x6B75, 0x6B75, 0x6B75, 0x6B75, 0x6B75, 0x6B75, 0x6B75, 0x6B75, 0x6B75,
  0x6B75, 0x6B75, 0x6B75, 0x6B75, 0x6B75, 0x6B75, 0x6B75, 0x6B75, 0x6B75, 0x6B75, 0x6B75, 0x6B75,
  0x6B75, 0x6B75, 0x212A, 0x212A, 0x212A, 0x212A, 0x212A, 0x212A, 0x212A, 0x212A, 0x6B75, 0x6B75,
  0x6B75, 0x6B75, 0x6B75, 0x6B75, 0x6B75, 0x6B75, 0x6B75, 0x6B75, 0x6B75, 0x6B75, 0x6B75, 0x6B75,
  0x6B75, 0x6B75, 0x6B75, 0x6B75, 0x6B75, 0x6B75, 0x6B75, 0x6B75, 0x6B75, 0x6B75, 0x6B75, 0x6B75,
  0x6B75, 0x6B75, 0x6B75, 0x6B75, 0x6B75, 0x6B75, 0x4A4A, 0x212A, 0x212A, 0x212A, 0x212A, 0x212A,
  0x212A, 0x4A4A, 0x6B75, 0x6B75, 0x6B75, 0x6B75, 0x6B75, 0x6B75, 0x212A, 0x212A, 0x212A, 0x212A,
  0xFFFF, 0xFFFF, 0xFFFF, 0x212A, 0x212A, 0x212A, 0x212A, 0x492A, 0x6B75, 0x6B75, 0x6B75, 0x6B75,
  0x6B75, 0x6B75, 0x6B75, 0x4A4A, 0x212A, 0x212A, 0x212A, 0x4A4A, 0x6B75, 0x6B75, 0x6B75, 0x6B75,
  0x6B75, 0x6B75, 0x6B75, 0x6B75, 0x6B75, 0x6B75, 0x6B75, 0x6B75, 0x6B75, 0x6B75, 0x6B75, 0x6B75,
  0x6B75, 0x6B75, 0x212A, 0x212A, 0x212A, 0x212A, 0x212A, 0x212A, 0xFFFF, 0xDEDF, 0x212A, 0x212A,
  0x212A, 0x212A, 0x212A, 0x212A, 0x212A, 0x212A, 0x212A, 0x6B75, 0x6B75, 0x6B75, 0x6B75, 0x6B75,
  0x6B75, 0x6B75, 0x6B75, 0x6B75, 0x6B75, 0x6B75, 0x6B75, 0x6B75, 0x6B75, 0x6B75, 0x212A, 0x212A,
  0x212A, 0x9495, 0xFFFF, 0xFFFF, 0xFFFF, 0xFFFF, 0xFFFF, 0x0000, 0x212A, 0x212A, 0x212A, 0x212A,
  0x6B75, 0x6B75, 0x6B75, 0x6B75, 0x6B75, 0x6B75, 0x6B75, 0x6B75, 0x6B75, 0x6B75, 0x6B75, 0x6B75,
  0x6B75, 0x6B75, 0x6B75, 0x6B75, 0x6B75, 0x6B75, 0x6B75, 0x6B75, 0x6B75, 0x6B75, 0x6B75, 0x6B75,
  0x6B75, 0x6B75, 0x212A, 0x212A, 0x212A, 0x212A, 0x212A, 0x4A4A, 0x6B75, 0x6B75, 0x6B75, 0x212A,
  0x212A, 0x212A, 0x6B75, 0x6B75, 0x6B75, 0x6B75, 0x6B75, 0x6B75, 0x6B75, 0x6B75, 0x6B75, 0x6B75,
  0x6B75, 0x6B75, 0x6B75, 0x6B75, 0x6B75, 0x6B75, 0x6B75, 0x6B75, 0x6B75, 0x6B75, 0x6B75, 0x6B75,
  0x6B75, 0x4B6A, 0x212A, 0x212A, 0x212A, 0x212A, 0x212A, 0x6B75, 0x6B75, 0x6B75, 0x6B75, 0x6B75,
  0x6B75, 0x6B75, 0x6B75, 0x6B75, 0x6B75, 0x6B75, 0x6B75, 0x6B75, 0x6B75, 0x6B75, 0x6B75, 0x6B75,
  0x6B75, 0x6B75, 0x6B75, 0x6B75, 0x6B75, 0x6B75, 0x6B75, 0x6B75, 0x6B75, 0x6B75, 0x6B75, 0x6B75,
  0x6B75, 0x224A, 0x212A, 0x212A, 0x212A, 0x212A, 0x212A, 0x212A, 0x212A, 0x212A, 0x6B75, 0x6B75,
  0x6B75, 0x6B75, 0x6B75, 0x6B75, 0x6B75, 0x6B75, 0x6B75, 0x6B75, 0x6B75, 0x6B75, 0x6B75, 0x6B75,
  0x6B75, 0x6B75, 0x6B75, 0x6B75, 0x6B75, 0x6B75, 0x6B75, 0x6B75, 0x6B75, 0x6B75, 0x6B75, 0x6B75,
  0x6B75, 0x6B75, 0x6B75, 0x6B75, 0x6B75, 0x6B75, 0x6B75, 0x4A4A, 0x212A, 0x212A, 0x212A, 0x212A,
  0x212A, 0x212A, 0x212A, 0x6B75, 0x6B75, 0x6B75, 0x6B75, 0x6B75, 0x6B75, 0x212A, 0x212A, 0x212A,
  0xFFFF, 0xFFFF, 0xFFFF, 0x200A, 0x212A, 0x212A, 0x212A, 0x492A, 0x6B75, 0x6B75, 0x6B75, 0x6B75,
  0x6B75, 0x6B75, 0x6B75, 0x4A4A, 0x212A, 0x212A, 0x212A, 0x212A, 0x6B75, 0x6B75, 0x6B75, 0x6B75,
  0x6B75, 0x6B75, 0x6B75, 0x6B75, 0x6B75, 0x6B75, 0x6B75, 0x6B75, 0x6B75, 0x6B75, 0x6B75, 0x6B75,
  0x6B75, 0x6B75, 0x212A, 0x212A, 0x212A, 0x212A, 0x212A, 0x6B6A, 0xFFFF, 0xFFFF, 0xFFFF, 0x212A,
  0x212A, 0x212A, 0x212A, 0x212A, 0x212A, 0x212A, 0x212A, 0x212A, 0x4A4A, 0x6B75, 0x6B75, 0x6B75,
  0x6B75, 0x6B75, 0x6B75, 0x6B75, 0x6B75, 0x6B75, 0x6B75, 0x6B75, 0x6B75, 0x6B75, 0x6B75, 0x212A,
  0x212A, 0x4A4A, 0xFFFF, 0xFFFF, 0xFFFF, 0xFFFF, 0xFFFF, 0xDEDF, 0x212A, 0x212A, 0x212A, 0x212A,
  0x212A, 0x6B75, 0x6B75, 0x6B75, 0x6B75, 0x6B75, 0x6B75, 0x6B75, 0x6B75, 0x6B75, 0x6B75, 0x6B75,
  0x6B75, 0x6B75, 0x6B75, 0x6B75, 0x6B75, 0x6B75, 0x6B75, 0x6B75, 0x6B75, 0x6B75, 0x6B75, 0x6B75,
  0x6B75, 0x6B75, 0x6B75, 0x4A4A, 0x212A, 0x212A, 0x212A, 0x212A, 0x4A4A, 0x6B75, 0x6B75, 0x212A,
  0x212A, 0x212A, 0x6B75, 0x6B75, 0x6B75, 0x6B75, 0x6B75, 0x6B75, 0x6B75, 0x6B75, 0x6B75, 0x6B75,
  0x6B75, 0x6B75, 0x6B75, 0x6B75, 0x6B75, 0x6B75, 0x6B75, 0x6B75, 0x6B75, 0x6B75, 0x6B75, 0x6B75,
  0x6B75, 0x212A, 0x212A, 0x212A, 0x212A, 0x212A, 0x4A4A, 0x6B75, 0x6B75, 0x6B75, 0x6B75, 0x6B75,
  0x6B75, 0x6B75, 0x6B75, 0x6B75, 0x6B75, 0x6B75, 0x6B75, 0x6B75, 0x6B75, 0x6B75, 0x6B75, 0x6B75,
  0x6B75, 0x6B75, 0x6B75, 0x6B75, 0x6B75, 0x6B75, 0x6B75, 0x6B75, 0x6B75, 0x6B75, 0x6B75, 0x6B75,
  0x6B75, 0x212A, 0x212A, 0x212A, 0x212A, 0x212A, 0x212A, 0x212A, 0x212A, 0x212A, 0x6B75, 0x6B75,
  0x6B75, 0x6B75, 0x6B75, 0x6B75, 0x6B75, 0x6B75, 0x6B75, 0x6B75, 0x6B75, 0x6B75, 0x6B75, 0x6B75,
  0x6B75, 0x6B75, 0x6B75, 0x6B75, 0x6B75, 0x6B75, 0x6B75, 0x6B75, 0x6B75, 0x6B75, 0x6B75, 0x6B75,
  0x6B75, 0x6B75, 0x6B75, 0x6B75, 0x6B75, 0x6B75, 0x6B75, 0x6B75, 0x4A4A, 0x212A, 0x212A, 0x212A,
  0x212A, 0x212A, 0x212A, 0x212A, 0x4A4A, 0x6B75, 0x6B75, 0x6B75, 0x6B75, 0x212A, 0x212A, 0x212A,
  0xFFFF, 0xFFFF, 0x9495, 0x212A, 0x212A, 0x212A, 0x212A, 0x212A, 0x6B75, 0x6B75, 0x6B75, 0x6B75,
  0x6B75, 0x6B75, 0x6B75, 0x6B75, 0x212A, 0x212A, 0x212A, 0x212A, 0x6B75, 0x6B75, 0x6B75, 0x6B75,
  0x6B75, 0x6B75, 0x6B75, 0x6B75, 0x6B75, 0x6B75, 0x6B75, 0x6B75, 0x6B75, 0x6B75, 0x6B75, 0x6B75,
  0x6B75, 0x6B75, 0x212A, 0x212A, 0x212A, 0x212A, 0x212A, 0xB5B5, 0xFFFF, 0xFFFF, 0xFFFF, 0xFFFF,
  0x6B75, 0x2120, 0x212A, 0x212A, 0x212A, 0x212A, 0x212A, 0x212A, 0x212A, 0x212A, 0x212A, 0x4A4A,
  0x4A4A, 0x212A, 0x212A, 0x212A, 0x212A, 0x212A, 0x212A, 0x212A, 0x212A, 0x212A, 0x4A4A, 0x212A,
  0x212A, 0x212A, 0xFFFF, 0xFFFF, 0xFFFF, 0xFFFF, 0xFFFF, 0xFFFF, 0x212A, 0x212A, 0x212A, 0x212A,
  0x212A, 0x212A, 0x6B75, 0x6B75, 0x6B75, 0x6B75, 0x6B75, 0x6B75, 0x6B75, 0x6B75, 0x6B75, 0x6B75,
  0x6B75, 0x6B75, 0x6B75, 0x6B75, 0x6B75, 0x6B75, 0x6B75, 0x6B75, 0x6B75, 0x6B75, 0x6B75, 0x6B75,
  0x6B75, 0x6B75, 0x6B75, 0x6B75, 0x6B75, 0x212A, 0x212A, 0x212A, 0x212A, 0x212A, 0x6B75, 0x212A,
  0x212A, 0x212A, 0x4A4A, 0x6B75, 0x6B75, 0x6B75, 0x6B75, 0x6B75, 0x6B75, 0x6B75, 0x6B75, 0x6B75,
  0x6B75, 0x6B75, 0x6B75, 0x6B75, 0x6B75, 0x6B75, 0x6B75, 0x6B75, 0x6B75, 0x6B75, 0x6B75, 0x6B75,
  0x212A, 0x212A, 0x212A, 0x212A, 0x212A, 0x212A, 0x6B75, 0x6B75, 0x6B75, 0x6B75, 0x6B75, 0x6B75,
  0x6B75, 0x6B75, 0x6B75, 0x6B75, 0x6B75, 0x6B75, 0x6B75, 0x6B75, 0x6B75, 0x6B75, 0x6B75, 0x6B75,
  0x6B75, 0x6B75, 0x6B75, 0x6B75, 0x6B75, 0x6B75, 0x6B75, 0x6B75, 0x6B75, 0x6B75, 0x6B75, 0x6B75,
  0x212A, 0x212A, 0x212A, 0x212A, 0x212A, 0x6B75, 0x4A4A, 0x212A, 0x212A, 0x212A, 0x6B75, 0x6B75,
  0x6B75, 0x6B75, 0x6B75, 0x6B75, 0x6B75, 0x6B75, 0x6B75, 0x6B75, 0x6B75, 0x6B75, 0x6B75, 0x6B75,
  0x6B75, 0x6B75, 0x6B75, 0x6B75, 0x6B75, 0x6B75, 0x6B75, 0x6B75, 0x6B75, 0x6B75, 0x6B75, 0x6B75,
  0x6B75, 0x6B75, 0x6B75, 0x6B75, 0x6B75, 0x6B75, 0x6B75, 0x6B75, 0x6B75, 0x6B75, 0x212A, 0x212A,
  0x212A, 0x212A, 0x212A, 0x212A, 0x212A, 0x212A, 0x6B75, 0x6B75, 0x6B75, 0x6B75, 0x212A, 0x212A,
  0xFFFF, 0xFFFF, 0x2120, 0x212A, 0x212A, 0x212A, 0x212A, 0x212A, 0x6B75, 0x6B75, 0x6B75, 0x6B75,
  0x6B75, 0x6B75, 0x6B75, 0x6B75, 0x212A, 0x212A, 0x212A, 0x212A, 0x6B75, 0x6B75, 0x6B75, 0x6B75,
  0x6B75, 0x6B75, 0x6B75, 0x6B75, 0x6B75, 0x6B75, 0x6B75, 0x6B75, 0x6B75, 0x6B75, 0x6B75, 0x6B75,
  0x6B75, 0x6B75, 0x212A, 0x212A, 0x212A, 0x212A, 0x212A, 0xB5BF, 0xFFFF, 0xFFFF, 0xFFFF, 0xFFFF,
  0xFFFF, 0xFFFF, 0x9495, 0x2120, 0x212A, 0x212A, 0x212A, 0x212A, 0x212A, 0x212A, 0x212A, 0x212A,
  0x212A, 0x212A, 0x212A, 0x212A, 0x212A, 0x212A, 0x212A, 0x212A, 0x212A, 0x212A, 0x212A, 0x212A,
  0x212A, 0x212A, 0x212A, 0x212A, 0x6B75, 0xFFFF, 0xFFFF, 0xFFFF, 0x9495, 0x212A, 0x212A, 0x212A,
  0x212A, 0x212A, 0x6B75, 0x6B75, 0x6B75, 0x6B75, 0x6B75, 0x6B75, 0x6B75, 0x6B75, 0x6B75, 0x6B75,
  0x6B75, 0x6B75, 0x6B75, 0x6B75, 0x6B75, 0x6B75, 0x6B75, 0x6B75, 0x6B75, 0x6B75, 0x6B75, 0x6B75,
  0x6B75, 0x6B75, 0x6B75, 0x6B75, 0x6B75, 0x6B75, 0x212A, 0x212A, 0x212A, 0x212A, 0x212A, 0x212A,
  0x212A, 0x212A, 0x212A, 0x6B75, 0x6B75, 0x6B75, 0x6B75, 0x6B75, 0x6B75, 0x6B75, 0x6B75, 0x6B75,
  0x6B75, 0x6B75, 0x6B75, 0x6B75, 0x6B75, 0x6B75, 0x6B75, 0x6B75, 0x6B75, 0x6B75, 0x6B75, 0x212A,
  0x212A, 0x212A, 0x212A, 0x212A, 0x212A, 0x6B75, 0x6B75, 0x6B75, 0x6B75, 0x6B75, 0x6B75, 0x6B75,
  0x6B75, 0x6B75, 0x6B75, 0x6B75, 0x6B75, 0x6B75, 0x6B75, 0x6B75, 0x6B75, 0x6B75, 0x6B75, 0x6B75,
  0x6B75, 0x6B75, 0x6B75, 0x6B75, 0x6B75, 0x6B75, 0x6B75, 0x6B75, 0x6B75, 0x6B75, 0x6B75, 0x212A,
  0x212A, 0x212A, 0x212A, 0x212A, 0x212A, 0xFFFF, 0x2120, 0x212A, 0x212A, 0x212A, 0x6B75, 0x6B75,
  0x6B75, 0x6B75, 0x6B75, 0x6B75, 0x6B75, 0x6B75, 0x6B75, 0x6B75, 0x6B75, 0x6B75, 0x6B75, 0x6B75,
  0x6B75, 0x6B75, 0x6B75, 0x6B75, 0x6B75, 0x6B75, 0x6B75, 0x6B75, 0x6B75, 0x6B75, 0x6B75, 0x6B75,
  0x6B75, 0x6B75, 0x6B75, 0x6B75, 0x6B75, 0x6B75, 0x6B75, 0x6B75, 0x6B75, 0x6B75, 0x6B75, 0x212A,
  0x212A, 0x212A, 0x212A, 0x212A, 0x212A, 0x212A, 0x212A, 0x212A, 0x6B75, 0x6B75, 0x6B75, 0x4A4A,
  0xFFFF, 0xFFFF, 0x2000, 0x212A, 0x212A, 0x212A, 0x212A, 0x212A, 0x6B75, 0x6B75, 0x6B75, 0x6B75,
  0x6B75, 0x6B75, 0x6B75, 0x6B75, 0x212A, 0x212A, 0x212A, 0x212A, 0x6B75, 0x6B75, 0x6B75, 0x6B75,
  0x6B75, 0x6B75, 0x6B75, 0x6B75, 0x6B75, 0x6B75, 0x6B75, 0x6B75, 0x6B75, 0x6B75, 0x6B75, 0x6B75,
  0x6B75, 0x6B75, 0x212A, 0x212A, 0x212A, 0x212A, 0x212A, 0xFFFF, 0xFFFF, 0xFFFF, 0xFFFF, 0xFFFF,
  0xFFFF, 0xFFFF, 0xFFFF, 0xFFFF, 0x4A4A, 0x212A, 0x212A, 0x212A, 0x212A, 0x212A, 0x212A, 0x212A,
  0x212A, 0x212A, 0x212A, 0x212A, 0x212A, 0x212A, 0x212A, 0x212A, 0x212A, 0x212A, 0x212A, 0x212A,
  0x212A, 0x212A, 0x212A, 0x212A, 0x212A, 0x2120, 0x2120, 0xB5BF, 0xFFFF, 0x224A, 0x212A, 0x212A,
  0x212A, 0x212A, 0x212A, 0x6B75, 0x6B75, 0x6B75, 0x6B75, 0x6B75, 0x6B75, 0x6B75, 0x6B75, 0x6B75,
  0x6B75, 0x6B75, 0x6B75, 0x6B75, 0x6B75, 0x6B75, 0x6B75, 0x6B75, 0x6B75, 0x6B75, 0x6B75, 0x6B75,
  0x6B75, 0x6B75, 0x6B75, 0x6B75, 0x6B75, 0x6B75, 0x6B75, 0x4A4A, 0x212A, 0x212A, 0x212A, 0x212A,
  0x212A, 0x212A, 0x212A, 0x212A, 0x6B75, 0x6B75, 0x6B75, 0x6B75, 0x6B75, 0x6B75, 0x6B75, 0x6B75,
  0x6B75, 0x6B75, 0x6B75, 0x6B75, 0x6B75, 0x6B75, 0x6B75, 0x6B75, 0x6B75, 0x6B75, 0x6B75, 0x212A,
  0x212A, 0x212A, 0x212A, 0x212A, 0x212A, 0x4A4A, 0x6B75, 0x6B75, 0x6B75, 0x6B75, 0x6B75, 0x6B75,
  0x6B75, 0x6B75, 0x6B75, 0x6B75, 0x6B75, 0x6B75, 0x6B75, 0x6B75, 0x6B75, 0x6B75, 0x6B75, 0x6B75,
  0x6B75, 0x6B75, 0x6B75, 0x6B75, 0x6B75, 0x6B75, 0x6B75, 0x6B75, 0x6B75, 0x6B75, 0x6B75, 0x212A,
  0x212A, 0x212A, 0x212A, 0x212A, 0x212A, 0xFFFF, 0x212A, 0x212A, 0x212A, 0x212A, 0x6B75, 0x6B75,
  0x6B75, 0x6B75, 0x6B75, 0x6B75, 0x6B75, 0x6B75, 0x6B75, 0x6B75, 0x6B75, 0x6B75, 0x6B75, 0x6B75,
  0x6B75, 0x6B75, 0x6B75, 0x6B75, 0x6B75, 0x6B75, 0x6B75, 0x6B75, 0x6B75, 0x6B75, 0x6B75, 0x6B75,
  0x6B75, 0x6B75, 0x6B75, 0x6B75, 0x6B75, 0x6B75, 0x6B75, 0x6B75, 0x6B75, 0x6B75, 0x6B75, 0x6B75,
  0x4A4A, 0x212A, 0x212A, 0x212A, 0x212A, 0x212A, 0x212A, 0x212A, 0x212A, 0x4A4A, 0x6B75, 0x6B75,
  0xFFFF, 0xFFFF, 0x0000, 0x212A, 0x212A, 0x212A, 0x212A, 0x212A, 0x6B75, 0x6B75, 0x6B75, 0x6B75,
  0x6B75, 0x6B75, 0x6B75, 0x6B75, 0x212A, 0x212A, 0x212A, 0x212A, 0x212A, 0x6B75, 0x6B75, 0x6B75,
  0x6B75, 0x6B75, 0x6B75, 0x6B75, 0x6B75, 0x6B75, 0x6B75, 0x6B75, 0x6B75, 0x6B75, 0x6B75, 0x6B75,
  0x6B75, 0x6B75, 0x212A, 0x212A, 0x212A, 0x212A, 0x000A, 0xFFFF, 0xFFFF, 0xFFFF, 0xFFFF, 0xFFFF,
  0xFFFF, 0xFFFF, 0xFFFF, 0xFFFF, 0x4A4A, 0x212A, 0x212A, 0x212A, 0x212A, 0x212A, 0x212A, 0x212A,
  0x212A, 0x212A, 0x212A, 0x212A, 0x212A, 0x212A, 0x212A, 0x212A, 0x212A, 0x212A, 0x212A, 0x212A,
  0x212A, 0x212A, 0x212A, 0x212A, 0x212A, 0x212A, 0x212A, 0x212A, 0x212A, 0x212A, 0x212A, 0x212A,
  0x212A, 0x212A, 0x212A, 0x212A, 0x6B75, 0x6B75, 0x6B75, 0x6B75, 0x6B75, 0x6B75, 0x6B75, 0x6B75,
  0x6B75, 0x6B75, 0x6B75, 0x6B75, 0x6B75, 0x6B75, 0x6B75, 0x6B75, 0x6B75, 0x6B75, 0x6B75, 0x6B75,
  0x6B75, 0x6B75, 0x6B75, 0x6B75, 0x6B75, 0x6B75, 0x6B75, 0x6B75, 0x6B75, 0x6B75, 0x4A4A, 0x212A,
  0x212A, 0x212A, 0x212A, 0x4A4A, 0x6B75, 0x6B75, 0x6B75, 0x6B75, 0x6B75, 0x6B75, 0x6B75, 0x6B75,
  0x6B75, 0x6B75, 0x6B75, 0x6B75, 0x6B75, 0x6B75, 0x6B75, 0x6B75, 0x6B75, 0x6B75, 0x212A, 0x212A,
  0x212A, 0x212A, 0x212A, 0x212A, 0x212A, 0x212A, 0x6B75, 0x6B75, 0x6B75, 0x6B75, 0x6B75, 0x6B75,
  0x6B75, 0x6B75, 0x6B75, 0x6B75, 0x6B75, 0x6B75, 0x6B75, 0x6B75, 0x6B75, 0x6B75, 0x6B75, 0x6B75,
  0x6B75, 0x6B75, 0x6B75, 0x6B75, 0x6B75, 0x6B75, 0x6B75, 0x6B75, 0x6B75, 0x6B75, 0x212A, 0x212A,
  0x212A, 0x212A, 0x212A, 0x0120, 0xDEDF, 0xDFFF, 0x2120, 0x212A, 0x212A, 0x212A, 0x6B75, 0x6B75,
  0x6B75, 0x6B75, 0x6B75, 0x6B75, 0x6B75, 0x6B75, 0x6B75, 0x6B75, 0x6B75, 0x6B75, 0x6B75, 0x6B75,
  0x6B75, 0x6B75, 0x6B75, 0x6B75, 0x6B75, 0x6B75, 0x6B75, 0x6B75, 0x6B75, 0x6B75, 0x6B75, 0x6B75,
  0x6B75, 0x6B75, 0x6B75, 0x6B75, 0x6B75, 0x6B75, 0x6B75, 0x6B75, 0x6B75, 0x6B75, 0x6B75, 0x6B75,
  0x6B75, 0x212A, 0x212A, 0x212A, 0x212A, 0x212A, 0x212A, 0x212A, 0x212A, 0x212A, 0x212A, 0x212A,
  0xFFFF, 0xFFFF, 0x0000, 0x212A, 0x212A, 0x212A, 0x212A, 0x212A, 0x6B75, 0x6B75, 0x6B75, 0x6B75,
  0x6B75, 0x6B75, 0x6B75, 0x6B75, 0x4A4A, 0x212A, 0x212A, 0x212A, 0x4A4A, 0x6B75, 0x6B75, 0x6B75,
  0x6B75, 0x6B75, 0x6B75, 0x6B75, 0x6B75, 0x6B75, 0x6B75, 0x6B75, 0x6B75, 0x6B75, 0x6B75, 0x6B75,
  0x6B75, 0x6B75, 0x212A, 0x212A, 0x212A, 0x212A, 0x212A, 0xFFFF, 0xFFFF, 0xFFFF, 0xFFFF, 0xFFFF,
  0xFFFF, 0xFFFF, 0xFFFF, 0x6B75, 0x212A, 0x212A, 0x212A, 0x212A, 0x212A, 0x212A, 0x212A, 0x212A,
  0x212A, 0x212A, 0x212A, 0x212A, 0x212A, 0x212A, 0x212A, 0x212A, 0x212A, 0x212A, 0x212A, 0x212A,
  0x212A, 0x212A, 0x212A, 0x212A, 0x212A, 0x212A, 0x212A, 0x212A, 0x212A, 0x212A, 0x212A, 0x212A,
  0x212A, 0x212A, 0x212A, 0x212A, 0x4A4A, 0x6B75, 0x6B75, 0x6B75, 0x6B75, 0x6B75, 0x6B75, 0x6B75,
  0x6B75, 0x6B75, 0x6B75, 0x6B75, 0x6B75, 0x6B75, 0x6B75, 0x6B75, 0x6B75, 0x6B75, 0x6B75, 0x6B75,
  0x6B75, 0x6B75, 0x6B75, 0x6B75, 0x6B75, 0x6B75, 0x6B75, 0x6B75, 0x6B75, 0x6B75, 0x6B75, 0x6B75,
  0x6B75, 0x4A4A, 0x6B75, 0x6B75, 0x6B75, 0x6B75, 0x6B75, 0x6B75, 0x6B75, 0x6B75, 0x6B75, 0x6B75,
  0x6B75, 0x6B75, 0x6B75, 0x6B75, 0x6B75, 0x6B75, 0x4A4A, 0x224A, 0x212A, 0x212A, 0x212A, 0x212A,
  0x212A, 0x212A, 0x212A, 0x212A, 0x212A, 0x212A, 0x6B75, 0x6B75, 0x6B75, 0x6B75, 0x6B75, 0x6B75,
  0x6B75, 0x6B75, 0x6B75, 0x6B75, 0x6B75, 0x6B75, 0x6B75, 0x6B75, 0x6B75, 0x6B75, 0x6B75, 0x6B75,
  0x6B75, 0x6B75, 0x6B75, 0x6B75, 0x6B75, 0x6B75, 0x6B75, 0x6B75, 0x6B75, 0x4A4A, 0x212A, 0x212A,
  0x212A, 0x212A, 0x212A, 0xFFFF, 0xFFFF, 0xDEDF, 0x212A, 0x212A, 0x212A, 0x212A, 0x6B75, 0x6B75,
  0x6B75, 0x6B75, 0x6B75, 0x6B75, 0x6B75, 0x6B75, 0x6B75, 0x6B75, 0x6B75, 0x6B75, 0x6B75, 0x6B75,
  0x6B75, 0x6B75, 0x6B75, 0x6B75, 0x6B75, 0x6B75, 0x6B75, 0x6B75, 0x6B75, 0x6B75, 0x6B75, 0x6B75,
  0x6B75, 0x6B75, 0x6B75, 0x6B75, 0x6B75, 0x6B75, 0x6B75, 0x6B75, 0x6B75, 0x6B75, 0x6B75, 0x6B75,
  0x6B75, 0x6B75, 0x212A, 0x212A, 0x212A, 0x212A, 0x212A, 0x212A, 0x212A, 0x212A, 0x212A, 0x212A,
  0xFFFF, 0xFFFF, 0x212A, 0x212A, 0x212A, 0x212A, 0x212A, 0x212A, 0x6B75, 0x6B75, 0x6B75, 0x6B75,
  0x6B75, 0x6B75, 0x6B75, 0x6B75, 0x4A4A, 0x212A, 0x212A, 0x212A, 0x212A, 0x6B75, 0x6B75, 0x6B75,
  0x6B75, 0x6B75, 0x6B75, 0x6B75, 0x6B75, 0x6B75, 0x6B75, 0x6B75, 0x6B75, 0x6B75, 0x6B75, 0x6B75,
  0x6B75, 0x6B75, 0x212A, 0x212A, 0x212A, 0x212A, 0x212A, 0xFFFF, 0xFFFF, 0xFFFF, 0xFFFF, 0xFFFF,
  0xFFFF, 0xFFFF, 0x9495, 0x212A, 0x212A, 0x212A, 0x212A, 0x212A, 0x212A, 0x212A, 0x212A, 0x212A,
  0x212A, 0x212A, 0x212A, 0x200A, 0x000A, 0x212A, 0x212A, 0x212A, 0x212A, 0x212A, 0x212A, 0x212A,
  0x212A, 0x212A, 0x212A, 0x212A, 0x212A, 0x212A, 0x212A, 0x212A, 0x212A, 0x212A, 0x212A, 0x212A,
  0x212A, 0x212A, 0x212A, 0x212A, 0x212A, 0x4A4A, 0x6B75, 0x6B75, 0x6B75, 0x6B75, 0x6B75, 0x6B75,
  0x6B75, 0x6B75, 0x6B75, 0x6B75, 0x6B75, 0x6B75, 0x6B75, 0x6B75, 0x6B75, 0x6B75, 0x6B75, 0x6B75,
  0x6B75, 0x6B75, 0x6B75, 0x6B75, 0x6B75, 0x6B75, 0x6B75, 0x6B75, 0x6B75, 0x6B75, 0x6B75, 0x6B75,
  0x6B75, 0x6B75, 0x6B75, 0x6B75, 0x6B75, 0x6B75, 0x6B75, 0x6B75, 0x6B75, 0x6B75, 0x6B75, 0x6B75,
  0x6B75, 0x6B75, 0x6B75, 0x6B75, 0x6B75, 0x6B75, 0x0120, 0x212A, 0x212A, 0x212A, 0x212A, 0x212A,
  0x212A, 0x212A, 0x212A, 0x4A4A, 0x6B75, 0x6B75, 0x6B75, 0x6B75, 0x6B75, 0x6B75, 0x6B75, 0x6B75,
  0x6B75, 0x6B75, 0x6B75, 0x6B75, 0x6B75, 0x6B75, 0x6B75, 0x6B75, 0x6B75, 0x6B75, 0x6B75, 0x6B75,
  0x6B75, 0x6B75, 0x6B75, 0x6B75, 0x6B75, 0x6B75, 0x6B75, 0x6B75, 0x6B75, 0x212A, 0x212A, 0x212A,
  0x212A, 0x212A, 0x212A, 0xFFFF, 0xFFFF, 0xB5B5, 0x212A, 0x212A, 0x212A, 0x212A, 0x6B75, 0x6B75,
  0x6B75, 0x6B75, 0x6B75, 0x6B75, 0x6B75, 0x6B75, 0x6B75, 0x6B75, 0x6B75, 0x6B75, 0x6B75, 0x6B75,
  0x6B75, 0x6B75, 0x6B75, 0x6B75, 0x6B75, 0x6B75, 0x6B75, 0x6B75, 0x6B75, 0x6B75, 0x6B75, 0x6B75,
  0x6B75, 0x6B75, 0x6B75, 0x6B75, 0x6B75, 0x6B75, 0x6B75, 0x6B75, 0x6B75, 0x6B75, 0x6B75, 0x6B75,
  0x6B75, 0x6B75, 0x4A4A, 0x212A, 0x212A, 0x212A, 0x212A, 0x212A, 0x212A, 0x212A, 0x212A, 0x212A,
  0xFFFF, 0xFFFF, 0x212A, 0x212A, 0x212A, 0x212A, 0x212A, 0x212A, 0x212A, 0x6B75, 0x6B75, 0x6B75,
  0x6B75, 0x6B75, 0x6B75, 0x6B75, 0x6B75, 0x212A, 0x212A, 0x212A, 0x212A, 0x6B75, 0x6B75, 0x6B75,
  0x6B75, 0x6B75, 0x6B75, 0x6B75, 0x6B75, 0x6B75, 0x6B75, 0x6B75, 0x6B75, 0x6B75, 0x6B75, 0x6B75,
  0x6B75, 0x6B75, 0x212A, 0x212A, 0x212A, 0x212A, 0x0120, 0xFFFF, 0xFFFF, 0xFFFF, 0xFFFF, 0xFFFF,
  0xFFFF, 0xFFFF, 0x212A, 0x212A, 0x212A, 0x212A, 0x212A, 0x212A, 0x212A, 0x212A, 0x0000, 0xB5B5,
  0xFFFF, 0xFFFF, 0xFFFF, 0xFFFF, 0xFFFF, 0xFFFF, 0xFFFF, 0xFFFF, 0xFFFF, 0x6B75, 0x212A, 0x212A,
  0x212A, 0x212A, 0x212A, 0x212A, 0x212A, 0x212A, 0x212A, 0x212A, 0x212A, 0x212A, 0x212A, 0x212A,
  0x212A, 0x212A, 0x212A, 0x212A, 0x212A, 0x212A, 0x212A, 0x6B75, 0x6B75, 0x6B75, 0x6B75, 0x6B75,
  0x6B75, 0x6B75, 0x6B75, 0x6B75, 0x6B75, 0x6B75, 0x6B75, 0x6B75, 0x6B75, 0x6B75, 0x6B75, 0x6B75,
  0x6B75, 0x6B75, 0x6B75, 0x6B75, 0x6B75, 0x6B75, 0x6B75, 0x6B75, 0x6B75, 0x6B75, 0x6B75, 0x6B75,
  0x6B75, 0x6B75, 0x6B75, 0x6B75, 0x6B75, 0x6B75, 0x6B75, 0x6B75, 0x6B75, 0x6B75, 0x6B75, 0x6B75,
  0x6B75, 0x6B75, 0x6B75, 0x6B75, 0x6B75, 0x6B75, 0x6B75, 0x212A, 0x212A, 0x212A, 0x212A, 0x212A,
  0x212A, 0x6B75, 0x6B75, 0x6B75, 0x6B75, 0x6B75, 0x6B75, 0x6B75, 0x6B75, 0x6B75, 0x6B75, 0x6B75,
  0x6B75, 0x6B75, 0x6B75, 0x6B75, 0x6B75, 0x6B75, 0x6B75, 0x6B75, 0x6B75, 0x6B75, 0x6B75, 0x6B75,
  0x6B75, 0x6B75, 0x6B75, 0x6B75, 0x6B75, 0x6B75, 0x6B75, 0x6B75, 0x212A, 0x212A, 0x212A, 0x212A,
  0x212A, 0x212A, 0xFFFF, 0xFFFF, 0xFFFF, 0x9495, 0x212A, 0x212A, 0x212A, 0x212A, 0x6B75, 0x6B75,
  0x6B75, 0x6B75, 0x6B75, 0x6B75, 0x6B75, 0x6B75, 0x6B75, 0x6B75, 0x6B75, 0x6B75, 0x6B75, 0x6B75,
  0x6B75, 0x6B75, 0x6B75, 0x6B75, 0x6B75, 0x6B75, 0x6B75, 0x6B75, 0x6B75, 0x6B75, 0x6B75, 0x6B75,
  0x6B75, 0x6B75, 0x6B75, 0x6B75, 0x6B75, 0x6B75, 0x6B75, 0x6B75, 0x6B75, 0x6B75, 0x6B75, 0x6B75,
  0x6B75, 0x6B75, 0x6B75, 0x4A4A, 0x212A, 0x212A, 0x212A, 0x212A, 0x212A, 0x212A, 0x212A, 0x212A,
  0xFFFF, 0xFFFF, 0x212A, 0x212A, 0x212A, 0x212A, 0x212A, 0x212A, 0x212A, 0x6B75, 0x6B75, 0x6B75,
  0x6B75, 0x6B75, 0x6B75, 0x6B75, 0x6B75, 0x212A, 0x212A, 0x212A, 0x212A, 0x4A4A, 0x6B75, 0x6B75,
  0x6B75, 0x6B75, 0x6B75, 0x6B75, 0x6B75, 0x6B75, 0x6B75, 0x6B75, 0x6B75, 0x6B75, 0x6B75, 0x6B75,
  0x6B75, 0x6B75, 0x212A, 0x212A, 0x212A, 0x212A, 0x4A4A, 0xFFFF, 0xFFFF, 0xFFFF, 0xFFFF, 0xFFFF,
  0xFFFF, 0x4A4A, 0x212A, 0x212A, 0x212A, 0x212A, 0x212A, 0x212A, 0x212A, 0x212A, 0xFFFF, 0xFFFF,
  0xFFFF, 0xFFFF, 0xFFFF, 0xFFFF, 0xFFFF, 0xFFFF, 0xFFFF, 0xFFFF, 0xFFFF, 0xFFFF, 0xFFFF, 0xFFFF,
  0x4A4A, 0x2120, 0x212A, 0x212A, 0x212A, 0x212A, 0x212A, 0x212A, 0x212A, 0x212A, 0x212A, 0x212A,
  0x212A, 0x212A, 0x212A, 0x212A, 0x212A, 0x212A, 0x212A, 0x212A, 0x6B75, 0x6B75, 0x6B75, 0x6B75,
  0x6B75, 0x6B75, 0x6B75, 0x6B75, 0x6B75, 0x6B75, 0x6B75, 0x6B75, 0x6B75, 0x6B75, 0x6B75, 0x6B75,
  0x6B75, 0x6B75, 0x6B75, 0x6B75, 0x6B75, 0x6B75, 0x6B75, 0x6B75, 0x6B75, 0x6B75, 0x6B75, 0x6B75,
  0x6B75, 0x6B75, 0x6B75, 0x6B75, 0x6B75, 0x6B75, 0x6B75, 0x6B75, 0x6B75, 0x6B75, 0x6B75, 0x6B75,
  0x6B75, 0x6B75, 0x6B75, 0x6B75, 0x6B75, 0x6B75, 0x4A55, 0x212A, 0x212A, 0x212A, 0x212A, 0x212A,
  0x6B75, 0x6B75, 0x6B75, 0x6B75, 0x6B75, 0x6B75, 0x6B75, 0x6B75, 0x6B75, 0x6B75, 0x6B75, 0x6B75,
  0x6B75, 0x6B75, 0x6B75, 0x6B75, 0x6B75, 0x6B75, 0x6B75, 0x6B75, 0x6B75, 0x6B75, 0x6B75, 0x6B75,
  0x6B75, 0x6B75, 0x6B75, 0x6B75, 0x6B75, 0x6B75, 0x6B75, 0x212A, 0x212A, 0x212A, 0x212A, 0x212A,
  0x212A, 0x4A4A, 0xFFFF, 0xFFFF, 0xFFFF, 0x4A4A, 0x212A, 0x212A, 0x212A, 0x212A, 0x6B75, 0x6B75,
  0x6B75, 0x6B75, 0x6B75, 0x6B75, 0x6B75, 0x6B75, 0x6B75, 0x6B75, 0x6B75, 0x6B75, 0x6B75, 0x6B75,
  0x6B75, 0x6B75, 0x6B75, 0x6B75, 0x6B75, 0x6B75, 0x6B75, 0x6B75, 0x6B75, 0x6B75, 0x6B75, 0x6B75,
  0x6B75, 0x6B75, 0x6B75, 0x6B75, 0x6B75, 0x6B75, 0x6B75, 0x6B75, 0x6B75, 0x6B75, 0x6B75, 0x6B75,
  0x6B75, 0x6B75, 0x6B75, 0x6B75, 0x212A, 0x212A, 0x212A, 0x212A, 0x212A, 0x212A, 0x212A, 0x4A4A,
  0xFFFF, 0xFFFF, 0x0000, 0x212A, 0x212A, 0x212A, 0x212A, 0x212A, 0x212A, 0x6B75, 0x6B75, 0x6B75,
  0x6B75, 0x6B75, 0x6B75, 0x6B75, 0x6B75, 0x212A, 0x212A, 0x212A, 0x212A, 0x212A, 0x6B75, 0x6B75,
  0x6B75, 0x6B75, 0x6B75, 0x6B75, 0x6B75, 0x6B75, 0x6B75, 0x6B75, 0x6B75, 0x6B75, 0x6B75, 0x6B75,
  0x6B75, 0x6B75, 0x212A, 0x212A, 0x212A, 0x212A, 0x6C95, 0xFFFF, 0xFFFF, 0xFFFF, 0xFFFF, 0xFFFF,
  0xFFFF, 0x212A, 0x212A, 0x212A, 0x212A, 0x212A, 0x212A, 0x212A, 0x0000, 0xFFFF, 0xFFFF, 0xFFFF,
  0xFFFF, 0xFFFF, 0xFFFF, 0xFFFF, 0xFFFF, 0xFFFF, 0xFFFF, 0xFFFF, 0xFFFF, 0xFFFF, 0xFFFF, 0xFFFF,
  0xFFFF, 0xFFFF, 0x212A, 0x0000, 0x212A, 0x212A, 0x212A, 0x212A, 0x212A, 0x212A, 0x212A, 0x212A,
  0x212A, 0x212A, 0x212A, 0x212A, 0x212A, 0x212A, 0x212A, 0x212A, 0x212A, 0x6B75, 0x6B75, 0x6B75,
  0x6B75, 0x6B75, 0x6B75, 0x6B75, 0x6B75, 0x6B75, 0x6B75, 0x6B75, 0x6B75, 0x6B75, 0x6B75, 0x6B75,
  0x6B75, 0x6B75, 0x6B75, 0x6B75, 0x6B75, 0x6B75, 0x6B75, 0x6B75, 0x6B75, 0x6B75, 0x6B75, 0x6B75,
  0x6B75, 0x6B75, 0x6B75, 0x6B75, 0x6B75, 0x6B75, 0x6B75, 0x6B75, 0x6B75, 0x6B75, 0x6B75, 0x6B75,
  0x6B75, 0x6B75, 0x6B75, 0x6B75, 0x6B75, 0x6B75, 0x212A, 0x212A, 0x212A, 0x212A, 0x212A, 0x4A4A,
  0x6B75, 0x6B75, 0x6B75, 0x6B75, 0x6B75, 0x6B75, 0x6B75, 0x6B75, 0x6B75, 0x6B75, 0x6B75, 0x6B75,
  0x6B75, 0x6B75, 0x6B75, 0x6B75, 0x6B75, 0x6B75, 0x6B75, 0x6B75, 0x6B75, 0x6B75, 0x6B75, 0x6B75,
  0x6B75, 0x6B75, 0x6B75, 0x6B75, 0x6B75, 0x6B75, 0x212A, 0x000A, 0x212A, 0x212A, 0x212A, 0x212A,
  0x2120, 0xDEDF, 0xFFFF, 0xFFFF, 0xFFFF, 0x212A, 0x212A, 0x212A, 0x212A, 0x6B75, 0x6B75, 0x6B75,
  0x6B75, 0x6B75, 0x6B75, 0x6B75, 0x6B75, 0x6B75, 0x6B75, 0x6B75, 0x6B75, 0x6B75, 0x6B75, 0x6B75,
  0x6B75, 0x6B75, 0x6B75, 0x6B75, 0x6B75, 0x6B75, 0x6B75, 0x6B75, 0x6B75, 0x6B75, 0x6B75, 0x6B75,
  0x6B75, 0x6B75, 0x6B75, 0x6B75, 0x6B75, 0x6B75, 0x6B75, 0x6B75, 0x6B75, 0x6B75, 0x6B75, 0x6B75,
  0x6B75, 0x6B75, 0x6B75, 0x6B75, 0x200A, 0x212A, 0x212A, 0x212A, 0x212A, 0x212A, 0x212A, 0xFFFF,
  0xFFFF, 0xFFFF, 0x2120, 0x212A, 0x212A, 0x212A, 0x212A, 0x212A, 0x212A, 0x212A, 0x6B75, 0x6B75,
  0x6B75, 0x6B75, 0x6B75, 0x6B75, 0x6B75, 0x4A4A, 0x212A, 0x212A, 0x212A, 0x212A, 0x6B75, 0x6B75,
  0x6B75, 0x6B75, 0x6B75, 0x6B75, 0x6B75, 0x6B75, 0x6B75, 0x6B75, 0x6B75, 0x6B75, 0x6B75, 0x6B75,
  0x6B75, 0x6B75, 0x212A, 0x212A, 0x212A, 0x212A, 0xB5B5, 0xFFFF, 0xFFFF, 0xFFFF, 0xFFFF, 0xFFFF,
  0x4A4A, 0x212A, 0x212A, 0x212A, 0x212A, 0x212A, 0x212A, 0x212A, 0xFFFF, 0xFFFF, 0xFFFF, 0xFFFF,
  0xFFFF, 0xFFFF, 0xFFFF, 0xFFFF, 0xFFFF, 0xFFFF, 0xFFFF, 0xFFFF, 0xFFFF, 0xFFFF, 0xFFFF, 0xFFFF,
  0xFFFF, 0xFFFF, 0xFFFF, 0xFFFF, 0xB5B5, 0x0000, 0x212A, 0x212A, 0x212A, 0x212A, 0x212A, 0x212A,
  0x212A, 0x212A, 0x212A, 0x212A, 0x212A, 0x212A, 0x212A, 0x212A, 0x212A, 0x212A, 0x6B75, 0x6B75,
  0x6B75, 0x6B75, 0x6B75, 0x6B75, 0x6B75, 0x6B75, 0x6B75, 0x6B75, 0x6B75, 0x6B75, 0x6B75, 0x6B75,
  0x6B75, 0x6B75, 0x6B75, 0x6B75, 0x6B75, 0x6B75, 0x6B75, 0x6B75, 0x6B75, 0x6B75, 0x6B75, 0x6B75,
  0x6B75, 0x6B75, 0x6B75, 0x6B75, 0x6B75, 0x6B75, 0x6B75, 0x6B75, 0x6B75, 0x6B75, 0x6B75, 0x6B75,
  0x6B75, 0x6B75, 0x6B75, 0x6B75, 0x4A4A, 0x212A, 0x212A, 0x212A, 0x212A, 0x212A, 0x212A, 0x6B75,
  0x6B75, 0x6B75, 0x6B75, 0x4A4A, 0x6B75, 0x212A, 0x212A, 0x212A, 0x4A4A, 0x4A4A, 0x212A, 0x212A,
  0x4A4A, 0x4A4A, 0x6B75, 0x6B75, 0x6B75, 0x6B75, 0x6B75, 0x6B75, 0x6B75, 0x6B75, 0x6B75, 0x6B75,
  0x6B75, 0x6B75, 0x6B75, 0x6B75, 0x6B75, 0x212A, 0x212A, 0x212A, 0x212A, 0x212A, 0x212A, 0x0000,
  0xFFFF, 0xFFFF, 0xFFFF, 0xFFFF, 0xFFFF, 0x2000, 0x212A, 0x212A, 0x212A, 0x6B75, 0x6B75, 0x6B75,
  0x6B75, 0x6B75, 0x6B75, 0x6B75, 0x6B75, 0x6B75, 0x6B75, 0x6B75, 0x6B75, 0x6B75, 0x6B75, 0x6B75,
  0x6B75, 0x6B75, 0x6B75, 0x6B75, 0x6B75, 0x6B75, 0x6B75, 0x6B75, 0x6B75, 0x6B75, 0x6B75, 0x6B75,
  0x6B75, 0x6B75, 0x6B75, 0x6B75, 0x6B75, 0x6B75, 0x6B75, 0x6B75, 0x6B75, 0x6B75, 0x6B75, 0x6B75,
  0x6B75, 0x6B75, 0x6B75, 0x6B75, 0x4A4A, 0x212A, 0x212A, 0x212A, 0x212A, 0x212A, 0x212A, 0xB5B5,
  0xFFFF, 0xFFFF, 0x4A4A, 0x212A, 0x212A, 0x212A, 0x212A, 0x212A, 0x212A, 0x000A, 0x6B75, 0x6B75,
  0x6B75, 0x6B75, 0x6B75, 0x6B75, 0x6B75, 0x6B75, 0x212A, 0x212A, 0x212A, 0x212A, 0x4A4A, 0x6B75,
  0x6B75, 0x6B75, 0x6B75, 0x6B75, 0x6B75, 0x6B75, 0x6B75, 0x6B75, 0x6B75, 0x6B75, 0x6B75, 0x6B75,
  0x6B75, 0x6B75, 0x212A, 0x212A, 0x212A, 0x212A, 0x4A4A, 0xFFFF, 0xFFFF, 0xFFFF, 0xFFFF, 0x4A4A,
  0x200A, 0x212A, 0x212A, 0x212A, 0x212A, 0x212A, 0x212A, 0xFFFF, 0xFFFF, 0xFFFF, 0xFFFF, 0xFFFF,
  0xFFFF, 0xFFFF, 0xFFFF, 0xFFFF, 0xFFFF, 0xFFFF, 0xFFFF, 0xFFFF, 0xFFFF, 0xFFFF, 0xFFFF, 0xFFFF,
  0xFFFF, 0xFFFF, 0xFFFF, 0xFFFF, 0xFFFF, 0xFFFF, 0x2120, 0x212A, 0x212A, 0x212A, 0x212A, 0x212A,
  0x212A, 0x212A, 0x212A, 0x212A, 0x212A, 0x212A, 0x212A, 0x212A, 0x212A, 0x212A, 0x212A, 0x4A4A,
  0x6B75, 0x6B75, 0x6B75, 0x6B75, 0x6B75, 0x6B75, 0x6B75, 0x6B75, 0x6B75, 0x6B75, 0x6B75, 0x6B75,
  0x6B75, 0x6B75, 0x6B75, 0x6B75, 0x6B75, 0x6B75, 0x6B75, 0x6B75, 0x6B75, 0x6B75, 0x6B75, 0x6B75,
  0x6B75, 0x6B75, 0x6B75, 0x6B75, 0x6B75, 0x6B75, 0x6B75, 0x6B75, 0x6B75, 0x6B75, 0x6B75, 0x6B75,
  0x6B75, 0x6B75, 0x6B75, 0x4A4A, 0x212A, 0x212A, 0x212A, 0x212A, 0x212A, 0x4A4A, 0x6B75, 0x4A4A,
  0x212A, 0x212A, 0x212A, 0x212A, 0x212A, 0x212A, 0x212A, 0x212A, 0x212A, 0x212A, 0x212A, 0x212A,
  0x212A, 0x212A, 0x212A, 0x212A, 0x212A, 0x212A, 0x212A, 0x4A4A, 0x6B75, 0x6B75, 0x6B75, 0x6B75,
  0x6B75, 0x6B75, 0x6B75, 0x6B75, 0x4A4A, 0x212A, 0x212A, 0x212A, 0x212A, 0x212A, 0x000A, 0xDEDF,
  0xFFFF, 0xFFFF, 0xFFFF, 0xFFFF, 0xFFFF, 0x0000, 0x212A, 0x212A, 0x212A, 0x6B75, 0x6B75, 0x6B75,
  0x6B75, 0x6B75, 0x6B75, 0x6B75, 0x6B75, 0x6B75, 0x6B75, 0x6B75, 0x6B75, 0x6B75, 0x6B75, 0x6B75,
  0x6B75, 0x6B75, 0x6B75, 0x6B75, 0x6B75, 0x6B75, 0x6B75, 0x6B75, 0x6B75, 0x6B75, 0x6B75, 0x6B75,
  0x6B75, 0x6B75, 0x6B75, 0x6B75, 0x6B75, 0x6B75, 0x6B75, 0x6B75, 0x6B75, 0x6B75, 0x6B75, 0x6B75,
  0x6B75, 0x6B75, 0x6B75, 0x6B75, 0x6B75, 0x212A, 0x212A, 0x212A, 0x212A, 0x212A, 0x212A, 0x4A4A,
  0xFFFF, 0xFFFF, 0x6B6A, 0x212A, 0x212A, 0x212A, 0x212A, 0x212A, 0x212A, 0x212A, 0x212A, 0x6B75,
  0x6B75, 0x6B75, 0x6B75, 0x6B75, 0x6B75, 0x6B75, 0x212A, 0x212A, 0x212A, 0x212A, 0x212A, 0x6B75,
  0x6B75, 0x6B75, 0x6B75, 0x6B75, 0x6B75, 0x6B75, 0x6B75, 0x6B75, 0x6B75, 0x6B75, 0x6B75, 0x6B75,
  0x6B75, 0x6B75, 0x212A, 0x212A, 0x212A, 0x212A, 0x0000, 0xFFFF, 0xFFFF, 0xFFFF, 0xB5B5, 0x212A,
  0x212A, 0x212A, 0x212A, 0x212A, 0x212A, 0x212A, 0xDEDF, 0xFFFF, 0xFFFF, 0xFFFF, 0xFFFF, 0xFFFF,
  0xFFFF, 0xFFFF, 0xFFFF, 0xFFFF, 0xFFFF, 0xFFFF, 0xFFFF, 0xFFFF, 0xFFFF, 0xFFFF, 0xFFFF, 0xFFFF,
  0xFFFF, 0xFFFF, 0xFFFF, 0xFFFF, 0xFFFF, 0xFFFF, 0xFFFF, 0xFFFF, 0x0000, 0x212A, 0x212A, 0x212A,
  0x212A, 0x212A, 0x212A, 0x212A, 0x212A, 0x212A, 0x212A, 0x212A, 0x212A, 0x212A, 0x212A, 0x212A,
  0x212A, 0x212A, 0x6B75, 0x6B75, 0x6B75, 0x6B75, 0x6B75, 0x6B75, 0x6B75, 0x6B75, 0x6B75, 0x6B75,
  0x6B75, 0x6B75, 0x6B75, 0x6B75, 0x6B75, 0x6B75, 0x6B75, 0x6B75, 0x6B75, 0x6B75, 0x6B75, 0x6B75,
  0x6B75, 0x6B75, 0x6B75, 0x6B75, 0x6B75, 0x6B75, 0x6B75, 0x6B75, 0x6B75, 0x6B75, 0x6B75, 0x6B75,
  0x6B75, 0x6B75, 0x212A, 0x212A, 0x212A, 0x212A, 0x212A, 0x212A, 0x212A, 0x212A, 0x212A, 0x212A,
  0x212A, 0x212A, 0x212A, 0x212A, 0x212A, 0x212A, 0x212A, 0x212A, 0x212A, 0x212A, 0x212A, 0x212A,
  0x212A, 0x212A, 0x212A, 0x212A, 0x212A, 0x212A, 0x212A, 0x212A, 0x212A, 0x212A, 0x212A, 0x212A,
  0x6B75, 0x6B75, 0x6B75, 0x212A, 0x212A, 0x212A, 0x212A, 0x212A, 0x212A, 0x212A, 0x4A4A, 0xFFFF,
  0xFFFF, 0xFFFF, 0xFFFF, 0xFFFF, 0xFFFF, 0x212A, 0x212A, 0x212A, 0x212A, 0x6B75, 0x6B75, 0x6B75,
  0x6B75, 0x6B75, 0x6B75, 0x6B75, 0x6B75, 0x6B75, 0x6B75, 0x6B75, 0x6B75, 0x6B75, 0x6B75, 0x6B75,
  0x6B75, 0x6B75, 0x6B75, 0x6B75, 0x6B75, 0x6B75, 0x6B75, 0x6B75, 0x6B75, 0x6B75, 0x6B75, 0x6B75,
  0x6B75, 0x6B75, 0x6B75, 0x6B75, 0x6B75, 0x6B75, 0x6B75, 0x6B75, 0x6B75, 0x6B75, 0x6B75, 0x6B75,
  0x6B75, 0x6B75, 0x6B75, 0x6B75, 0x6B75, 0x6B75, 0x212A, 0x212A, 0x212A, 0x212A, 0x212A, 0x200A,
  0xFFFF, 0xFFFF, 0xDEDF, 0x212A, 0x212A, 0x212A, 0x212A, 0x212A, 0x212A, 0x212A, 0x212A, 0x6B75,
  0x6B75, 0x6B75, 0x6B75, 0x6B75, 0x6B75, 0x6B75, 0x6B6A, 0x212A, 0x212A, 0x212A, 0x212A, 0x4A4A,
  0x6B75, 0x6B75, 0x6B75, 0x6B75, 0x6B75, 0x6B75, 0x6B75, 0x6B75, 0x6B75, 0x6B75, 0x6B75, 0x6B75,
  0x6B75, 0x6B75, 0x212A, 0x212A, 0x212A, 0x212A, 0x212A, 0xB5B5, 0xFFFF, 0xFFFF, 0x492A, 0x212A,
  0x212A, 0x212A, 0x212A, 0x212A, 0x212A, 0x0120, 0xFFFF, 0xFFFF, 0xFFFF, 0xFFFF, 0xFFFF, 0xFFFF,
  0xFFFF, 0xFFFF, 0xFFFF, 0xFFFF, 0xFFFF, 0xFFFF, 0xFFFF, 0xFFFF, 0xFFFF, 0xFFFF, 0xFFFF, 0xFFFF,
  0xFFFF, 0xFFFF, 0xFFFF, 0xFFFF, 0xFFFF, 0xFFFF, 0xFFFF, 0xFFFF, 0xFFFF, 0x212A, 0x212A, 0x212A,
  0x212A, 0x212A, 0x212A, 0x212A, 0x212A, 0x212A, 0x9495, 0x212A, 0x212A, 0x212A, 0x212A, 0x212A,
  0x212A, 0x212A, 0x212A, 0x6B75, 0x6B75, 0x6B75, 0x6B75, 0x6B75, 0x6B75, 0x6B75, 0x6B75, 0x6B75,
  0x6B75, 0x6B75, 0x6B75, 0x6B75, 0x6B75, 0x6B75, 0x6B75, 0x6B75, 0x6B75, 0x6B75, 0x6B75, 0x6B75,
  0x6B75, 0x6B75, 0x6B75, 0x6B75, 0x6B75, 0x6B75, 0x6B75, 0x6B75, 0x6B75, 0x6B75, 0x6B75, 0x6B75,
  0x6B6A, 0x000A, 0x212A, 0x212A, 0x212A, 0x212A, 0x212A, 0x212A, 0x212A, 0x212A, 0x212A, 0x212A,
  0x212A, 0x212A, 0x212A, 0x212A, 0x212A, 0x212A, 0x212A, 0x212A, 0x212A, 0x212A, 0x212A, 0x212A,
  0x212A, 0x212A, 0x212A, 0x212A, 0x212A, 0x212A, 0x212A, 0x212A, 0x212A, 0x212A, 0x212A, 0x212A,
  0x212A, 0x212A, 0x212A, 0x212A, 0x212A, 0x212A, 0x212A, 0x212A, 0x212A, 0x9495, 0xFFFF, 0xFFFF,
  0xFFFF, 0xFFFF, 0xFFFF, 0xFFFF, 0xFFFF, 0x212A, 0x212A, 0x212A, 0x212A, 0x6B75, 0x6B75, 0x6B75,
  0x6B75, 0x6B75, 0x6B75, 0x6B75, 0x6B75, 0x6B75, 0x6B75, 0x6B75, 0x6B75, 0x6B75, 0x6B75, 0x6B75,
  0x6B75, 0x6B75, 0x6B75, 0x6B75, 0x6B75, 0x6B75, 0x6B75, 0x6B75, 0x6B75, 0x6B75, 0x6B75, 0x6B75,
  0x6B75, 0x6B75, 0x6B75, 0x6B75, 0x6B75, 0x6B75, 0x6B75, 0x6B75, 0x6B75, 0x6B75, 0x6B75, 0x6B75,
  0x6B75, 0x6B75, 0x6B75, 0x6B75, 0x6B75, 0x6B75, 0x212A, 0x212A, 0x212A, 0x212A, 0x212A, 0x212A,
  0xFFFF, 0xFFFF, 0xFFFF, 0x212A, 0x212A, 0x212A, 0x212A, 0x212A, 0x212A, 0x212A, 0x212A, 0x6A55,
  0x6B75, 0x6B75, 0x6B75, 0x6B75, 0x6B75, 0x6B75, 0x6B75, 0x212A, 0x212A, 0x212A, 0x212A, 0x212A,
  0x6B75, 0x6B75, 0x6B75, 0x6B75, 0x6B75, 0x6B75, 0x6B75, 0x6B75, 0x6B75, 0x6B75, 0x6B75, 0x6B75,
  0x6B75, 0x6B75, 0x4A4A, 0x212A, 0x212A, 0x212A, 0x212A, 0x9495, 0xFFFF, 0xB5BF, 0x2120, 0x212A,
  0x212A, 0x212A, 0x212A, 0x212A, 0x212A, 0x6B6A, 0xFFFF, 0xFFFF, 0xFFFF, 0xFFFF, 0xFFFF, 0xFFFF,
  0xFFFF, 0xFFFF, 0xFFFF, 0xFFFF, 0xFFFF, 0xFFFF, 0xFFFF, 0xFFFF, 0xFFFF, 0xFFFF, 0xFFFF, 0xFFFF,
  0xFFFF, 0xFFFF, 0xFFFF, 0xFFFF, 0xFFFF, 0xFFFF, 0xFFFF, 0xFFFF, 0xFFFF, 0xFFFF, 0x0000, 0x212A,
  0x212A, 0x212A, 0x212A, 0x212A, 0x212A, 0x212A, 0xB5BF, 0x4A4A, 0x212A, 0x212A, 0x212A, 0x212A,
  0x212A, 0x212A, 0x212A, 0x4A4A, 0x6B75, 0x6B75, 0x6B75, 0x6B75, 0x6B75, 0x6B75, 0x6B75, 0x6B75,
  0x6B75, 0x6B75, 0x6B75, 0x6B75, 0x6B75, 0x6B75, 0x6B75, 0x6B75, 0x6B75, 0x6B75, 0x6B75, 0x6B75,
  0x6B75, 0x6B75, 0x6B75, 0x6B75, 0x6B75, 0x6B75, 0x6B75, 0x6B75, 0x6B75, 0x6B75, 0x6B75, 0x4A4A,
  0x212A, 0x212A, 0x212A, 0x212A, 0x212A, 0x212A, 0x212A, 0x212A, 0x212A, 0x212A, 0x212A, 0x212A,
  0x212A, 0x212A, 0x212A, 0x212A, 0x212A, 0x212A, 0x212A, 0x212A, 0x212A, 0x212A, 0x212A, 0x212A,
  0x212A, 0x212A, 0x212A, 0x212A, 0x212A, 0x212A, 0x212A, 0x212A, 0x212A, 0x212A, 0x212A, 0x212A,
  0x212A, 0x212A, 0x212A, 0x212A, 0x212A, 0x212A, 0x212A, 0x212A, 0x0000, 0xFFFF, 0xFFFF, 0xFFFF,
  0xFFFF, 0xFFFF, 0xFFFF, 0xFFFF, 0xFFFF, 0x212A, 0x212A, 0x212A, 0x212A, 0x6B75, 0x6B75, 0x6B75,
  0x6B75, 0x6B75, 0x6B75, 0x6B75, 0x6B75, 0x6B75, 0x6B75, 0x6B75, 0x6B75, 0x6B75, 0x6B75, 0x6B75,
  0x6B75, 0x6B75, 0x6B75, 0x6B75, 0x6B75, 0x6B75, 0x6B75, 0x6B75, 0x6B75, 0x6B75, 0x6B75, 0x6B75,
  0x6B75, 0x6B75, 0x6B75, 0x6B75, 0x6B75, 0x6B75, 0x6B75, 0x6B75, 0x6B75, 0x6B75, 0x6B75, 0x6B75,
  0x6B75, 0x6B75, 0x6B75, 0x6B75, 0x6B75, 0x6B75, 0x212A, 0x212A, 0x212A, 0x212A, 0x212A, 0x212A,
  0xFFFF, 0xFFFF, 0xFFFF, 0x212A, 0x212A, 0x212A, 0x212A, 0x212A, 0x212A, 0x212A, 0x212A, 0x212A,
  0x6B75, 0x6B75, 0x6B75, 0x6B75, 0x6B75, 0x6B75, 0x6B75, 0x212A, 0x212A, 0x212A, 0x212A, 0x212A,
  0x212A, 0x6B75, 0x6B75, 0x6B75, 0x6B75, 0x6B75, 0x6B75, 0x6B75, 0x6B75, 0x6B75, 0x6B75, 0x6B75,
  0x6B75, 0x6B75, 0x6B75, 0x212A, 0x212A, 0x212A, 0x212A, 0x0000, 0xFFFF, 0x212A, 0x212A, 0x212A,
  0x212A, 0x212A, 0x212A, 0x212A, 0x212A, 0xDEDF, 0xFFFF, 0xFFFF, 0xFFFF, 0xFFFF, 0xFFFF, 0xFFFF,
  0xFFFF, 0xFFFF, 0xFFFF, 0xFFFF, 0xFFFF, 0xFFFF, 0xFFFF, 0xFFFF, 0xFFFF, 0xFFFF, 0xFFFF, 0xFFFF,
  0xFFFF, 0xFFFF, 0xFFFF, 0xFFFF, 0xFFFF, 0xFFFF, 0xFFFF, 0xFFFF, 0xFFFF, 0xFFFF, 0xFFFF, 0x212A,
  0x212A, 0x212A, 0x212A, 0x212A, 0x212A, 0x212A, 0x212A, 0xFFFF, 0xFFFF, 0x9495, 0x212A, 0x212A,
  0x212A, 0x212A, 0x212A, 0x212A, 0x6B75, 0x6B75, 0x6B75, 0x6B75, 0x6B75, 0x6B75, 0x6B75, 0x6B75,
  0x6B75, 0x6B75, 0x6B75, 0x6B75, 0x6B75, 0x4A4A, 0x6B75, 0x6B75, 0x6B75, 0x6B75, 0x6B75, 0x6B75,
  0x6B75, 0x6B75, 0x6B75, 0x6B75, 0x6B75, 0x6B75, 0x6B75, 0x6B75, 0x4A4A, 0x212A, 0x212A, 0x212A,
  0x212A, 0x212A, 0x212A, 0x212A, 0x212A, 0x212A, 0x212A, 0x212A, 0x212A, 0x212A, 0x212A, 0x212A,
  0x212A, 0x212A, 0x212A, 0x212A, 0x212A, 0x212A, 0x212A, 0x212A, 0x212A, 0x212A, 0x212A, 0x212A,
  0x212A, 0x212A, 0x212A, 0x212A, 0x212A, 0x212A, 0x212A, 0x212A, 0x212A, 0x212A, 0x212A, 0x212A,
  0x212A, 0x212A, 0x212A, 0x212A, 0x212A, 0x212A, 0x212A, 0x4A4A, 0xFFFF, 0xFFFF, 0xFFFF, 0xFFFF,
  0xFFFF, 0xFFFF, 0xFFFF, 0xFFFF, 0xB5B5, 0x212A, 0x212A, 0x212A, 0x4A4A, 0x6B75, 0x6B75, 0x6B75,
  0x6B75, 0x6B75, 0x6B75, 0x6B75, 0x6B75, 0x6B75, 0x6B75, 0x6B75, 0x6B75, 0x6B75, 0x6B75, 0x6B75,
  0x6B75, 0x6B75, 0x6B75, 0x6B75, 0x6B75, 0x6B75, 0x6B75, 0x6B75, 0x6B75, 0x6B75, 0x6B75, 0x6B75,
  0x6B75, 0x6B75, 0x6B75, 0x6B75, 0x6B75, 0x6B75, 0x6B75, 0x6B75, 0x6B75, 0x6B75, 0x6B75, 0x6B75,
  0x6B75, 0x6B75, 0x6B75, 0x6B75, 0x6B75, 0x6B75, 0x4A4A, 0x212A, 0x212A, 0x212A, 0x212A, 0x212A,
  0xFFFF, 0xFFFF, 0xFFFF, 0x212A, 0x212A, 0x212A, 0x212A, 0x212A, 0x212A, 0x212A, 0x212A, 0x212A,
  0x4A4A, 0x6B75, 0x6B75, 0x6B75, 0x6B75, 0x6B75, 0x6B75, 0x4A4A, 0x212A, 0x212A, 0x212A, 0x212A,
  0x212A, 0x6B75, 0x6B75, 0x6B75, 0x6B75, 0x6B75, 0x6B75, 0x6B75, 0x6B75, 0x6B75, 0x6B75, 0x6B75,
  0x6B75, 0x6B75, 0x6B75, 0x212A, 0x212A, 0x212A, 0x212A, 0x212A, 0xFFFF, 0x0000, 0x212A, 0x212A,
  0x212A, 0x212A, 0x212A, 0x212A, 0x212A, 0xFFFF, 0xFFFF, 0xFFFF, 0xFFFF, 0xFFFF, 0xFFFF, 0xFFFF,
  0xFFFF, 0xFFFF, 0xFFFF, 0xFFFF, 0xFFFF, 0xFFFF, 0xFFFF, 0xFFFF, 0xFFFF, 0xFFFF, 0xFFFF, 0xFFFF,
  0xFFFF, 0xFFFF, 0xFFFF, 0xFFFF, 0xFFFF, 0xFFFF, 0xFFFF, 0xFFFF, 0xFFFF, 0xFFFF, 0xFFFF, 0xDEDF,
  0x212A, 0x212A, 0x212A, 0x212A, 0x212A, 0x212A, 0x212A, 0xFFFF, 0xFFFF, 0xFFFF, 0xDEDF, 0x000A,
  0x212A, 0x212A, 0x212A, 0x212A, 0x6B75, 0x6B75, 0x6B75, 0x6B75, 0x6B75, 0x6B75, 0x6B75, 0x6B75,
  0x6B75, 0x6B75, 0x6B75, 0x6B75, 0x212A, 0x212A, 0x212A, 0x6B75, 0x6B75, 0x6B75, 0x6B75, 0x6B75,
  0x6B75, 0x6B75, 0x6B75, 0x6B75, 0x6B75, 0x6B75, 0x6B75, 0x212A, 0x212A, 0x212A, 0x212A, 0x212A,
  0x212A, 0x212A, 0x212A, 0x212A, 0x212A, 0x212A, 0x212A, 0x212A, 0x212A, 0x212A, 0x212A, 0x212A,
  0x0000, 0x4A4A, 0xB5B5, 0xDEDF, 0x9495, 0x9495, 0xB5B5, 0x4A4A, 0xB5B5, 0x0000, 0x212A, 0x212A,
  0x212A, 0x212A, 0x212A, 0x212A, 0x212A, 0x212A, 0x212A, 0x212A, 0x212A, 0x212A, 0x212A, 0x212A,
  0x212A, 0x212A, 0x212A, 0x212A, 0x212A, 0x212A, 0x6B75, 0xFFFF, 0xFFFF, 0xFFFF, 0xFFFF, 0xFFFF,
  0xFFFF, 0xFFFF, 0xFFFF, 0xFFFF, 0x9495, 0x212A, 0x212A, 0x212A, 0x6B75, 0x6B75, 0x6B75, 0x6B75,
  0x6B75, 0x6B75, 0x6B75, 0x6B75, 0x6B75, 0x6B75, 0x6B75, 0x6B75, 0x6B75, 0x6B75, 0x6B75, 0x6B75,
  0x6B75, 0x6B75, 0x6B75, 0x6B75, 0x6B75, 0x6B75, 0x6B75, 0x6B75, 0x6B75, 0x6B75, 0x6B75, 0x6B75,
  0x6B75, 0x6B75, 0x6B75, 0x6B75, 0x6B75, 0x6B75, 0x6B75, 0x6B75, 0x6B75, 0x6B75, 0x6B75, 0x6B75,
  0x6B75, 0x6B75, 0x6B75, 0x6B75, 0x6B75, 0x6B75, 0x6B75, 0x212A, 0x212A, 0x212A, 0x212A, 0x212A,
  0xFFFF, 0xFFFF, 0xFFFF, 0x0120, 0x212A, 0x212A, 0x212A, 0x212A, 0x212A, 0x212A, 0x212A, 0x212A,
  0x212A, 0x6B75, 0x6B75, 0x6B75, 0x6B75, 0x6B75, 0x6B75, 0x6B75, 0x212A, 0x212A, 0x212A, 0x212A,
  0x212A, 0x212A, 0x6B75, 0x6B75, 0x6B75, 0x6B75, 0x6B75, 0x6B75, 0x6B75, 0x6B75, 0x6B75, 0x6B75,
  0x6B75, 0x6B75, 0x6B75, 0x212A, 0x212A, 0x212A, 0x212A, 0x212A, 0xFFFF, 0x200A, 0x212A, 0x212A,
  0x212A, 0x212A, 0x212A, 0x212A, 0x212A, 0xFFFF, 0xFFFF, 0xFFFF, 0xFFFF, 0xFFFF, 0xFFFF, 0xFFFF,
  0xFFFF, 0xFFFF, 0xFFFF, 0xFFFF, 0xFFFF, 0xFFFF, 0xFFFF, 0xFFFF, 0xFFFF, 0xFFFF, 0xFFFF, 0xFFFF,
  0xFFFF, 0xFFFF, 0xFFFF, 0xFFFF, 0xFFFF, 0xFFFF, 0xFFFF, 0xFFFF, 0xFFFF, 0xFFFF, 0xFFFF, 0xFFFF,
  0x212A, 0x212A, 0x212A, 0x212A, 0x212A, 0x212A, 0x200A, 0xFFFF, 0xFFFF, 0xFFFF, 0x6B6A, 0x212A,
  0x212A, 0x212A, 0x212A, 0x212A, 0x6B75, 0x6B75, 0x6B75, 0x6B75, 0x6B75, 0x6B75, 0x6B75, 0x6B75,
  0x6B75, 0x6B75, 0x4A4A, 0x200A, 0x212A, 0x212A, 0x212A, 0x212A, 0x6B75, 0x6B75, 0x6B75, 0x6B75,
  0x6B75, 0x6B75, 0x6B75, 0x6B75, 0x6B75, 0x6B75, 0x212A, 0x212A, 0x212A, 0x212A, 0x212A, 0x212A,
  0x212A, 0x212A, 0x212A, 0x212A, 0x212A, 0x212A, 0x212A, 0x212A, 0x212A, 0x200A, 0x212A, 0xFFFF,
  0xFFFF, 0xFFFF, 0xFFFF, 0xFFFF, 0xFFFF, 0xFFFF, 0xFFFF, 0xFFFF, 0xFFFF, 0xFFFF, 0xFFFF, 0xDEDF,
  0x6B6A, 0x212A, 0x0000, 0x212A, 0x212A, 0x212A, 0x212A, 0x212A, 0x212A, 0x212A, 0x212A, 0x212A,
  0x212A, 0x212A, 0x212A, 0x212A, 0x212A, 0x212A, 0x212A, 0x212A, 0xDEDF, 0xFFFF, 0xFFFF, 0xFFFF,
  0xFFFF, 0xFFFF, 0xFFFF, 0xFFFF, 0x4A4A, 0x212A, 0x212A, 0x212A, 0x6B75, 0x6B75, 0x6B75, 0x6B75,
  0x6B75, 0x6B75, 0x6B75, 0x6B75, 0x6B75, 0x6B75, 0x6B75, 0x6B75, 0x6B75, 0x6B75, 0x6B75, 0x6B75,
  0x6B75, 0x6B75, 0x6B75, 0x6B75, 0x6B75, 0x6B75, 0x6B75, 0x6B75, 0x6B75, 0x6B75, 0x6B75, 0x6B75,
  0x6B75, 0x6B75, 0x6B75, 0x6B75, 0x6B75, 0x6B75, 0x6B75, 0x6B75, 0x6B75, 0x6B75, 0x6B75, 0x6B75,
  0x6B75, 0x6B75, 0x6B75, 0x6B75, 0x6B75, 0x6B75, 0x6B75, 0x4A4A, 0x212A, 0x212A, 0x212A, 0x212A,
  0xFFFF, 0xFFFF, 0xFFFF, 0x212A, 0x212A, 0x212A, 0x6B75, 0x6B75, 0x212A, 0x212A, 0x212A, 0x212A,
  0x212A, 0x212A, 0x6B75, 0x6B75, 0x6B75, 0x6B75, 0x6B75, 0x6B75, 0x6B75, 0x212A, 0x212A, 0x212A,
  0x212A, 0x212A, 0x4A4A, 0x6B75, 0x6B75, 0x6B75, 0x6B75, 0x6B75, 0x6B75, 0x6B75, 0x6B75, 0x6B75,
  0x6B75, 0x6B75, 0x6B75, 0x212A, 0x212A, 0x212A, 0x212A, 0x212A, 0x9495, 0x212A, 0x212A, 0x212A,
  0x212A, 0x212A, 0x212A, 0x212A, 0x9495, 0xFFFF, 0xFFFF, 0xFFFF, 0xFFFF, 0xFFFF, 0xFFFF, 0xFFFF,
  0xFFFF, 0xFFFF, 0xFFFF, 0xFFFF, 0xFFFF, 0xFFFF, 0xFFFF, 0xFFFF, 0xFFFF, 0xFFFF, 0xFFFF, 0xFFFF,
  0xFFFF, 0xFFFF, 0xFFFF, 0xFFFF, 0xFFFF, 0xFFFF, 0xFFFF, 0xFFFF, 0xFFFF, 0xFFFF, 0xFFFF, 0xFFFF,
  0xFFFF, 0x212A, 0x212A, 0x212A, 0x212A, 0x212A, 0x200A, 0xFFFF, 0xFFFF, 0xDEDF, 0x212A, 0x212A,
  0x212A, 0x212A, 0x212A, 0x6A55, 0x6B75, 0x6B75, 0x6B75, 0x6B75, 0x6B75, 0x6B75, 0x6B75, 0x6B75,
  0x4A4A, 0x212A, 0x212A, 0x212A, 0x212A, 0x212A, 0x212A, 0x212A, 0x6B75, 0x6B75, 0x6B75, 0x6B75,
  0x6B75, 0x6B75, 0x6B75, 0x6B75, 0x6B75, 0x4A4A, 0x212A, 0x212A, 0x212A, 0x212A, 0x9495, 0xDEDF,
  0x200A, 0x212A, 0x212A, 0x212A, 0x212A, 0x212A, 0x212A, 0x212A, 0x9495, 0xFFFF, 0xFFFF, 0xFFFF,
  0xFFFF, 0xFFFF, 0xFFFF, 0xFFFF, 0xFFFF, 0xFFFF, 0xFFFF, 0xFFFF, 0xFFFF, 0xFFFF, 0xFFFF, 0xFFFF,
  0xFFFF, 0xFFFF, 0xFFFF, 0xFFFF, 0xFFFF, 0xFFFF, 0x9495, 0x0000, 0x212A, 0x212A, 0x212A, 0x212A,
  0x212A, 0x212A, 0x212A, 0x212A, 0x212A, 0x212A, 0x212A, 0x212A, 0x212A, 0xFFFF, 0xFFFF, 0xFFFF,
  0xFFFF, 0xFFFF, 0xFFFF, 0xFFFF, 0x0000, 0x212A, 0x212A, 0x212A, 0x6B75, 0x6B75, 0x6B75, 0x6B75,
  0x6B75, 0x6B75, 0x6B75, 0x6B75, 0x6B75, 0x6B75, 0x6B75, 0x6B75, 0x6B75, 0x6B75, 0x6B75, 0x6B75,
  0x6B75, 0x6B75, 0x6B75, 0x6B75, 0x6B75, 0x6B75, 0x6B75, 0x6B75, 0x6B75, 0x6B75, 0x6B75, 0x6B75,
  0x6B75, 0x6B75, 0x6B75, 0x6B75, 0x6B75, 0x6B75, 0x6B75, 0x6B75, 0x6B75, 0x6B75, 0x6B75, 0x6B75,
  0x6B75, 0x6B75, 0x6B75, 0x6B75, 0x6B75, 0x6B75, 0x6B75, 0x6B75, 0x212A, 0x212A, 0x212A, 0x212A,
  0xFFFF, 0xFFFF, 0xFFFF, 0x012A, 0x212A, 0x212A, 0x6B75, 0x6B75, 0x4A4A, 0x212A, 0x212A, 0x212A,
  0x212A, 0x212A, 0x492A, 0x6B75, 0x6B75, 0x6B75, 0x6B75, 0x6B75, 0x6B75, 0x6B75, 0x212A, 0x212A,
  0x212A, 0x212A, 0x212A, 0x4A4A, 0x6B75, 0x6B75, 0x6B75, 0x6B75, 0x6B75, 0x6B75, 0x6B75, 0x6B75,
  0x6B75, 0x6B75, 0x6B75, 0x212A, 0x212A, 0x212A, 0x212A, 0x212A, 0x212A, 0x000A, 0x212A, 0x212A,
  0x212A, 0x212A, 0x212A, 0x212A, 0x4A4A, 0xFFFF, 0xFFFF, 0xFFFF, 0xFFFF, 0xFFFF, 0xFFFF, 0xFFFF,
  0xFFFF, 0xFFFF, 0xFFFF, 0xFFFF, 0xFFFF, 0xFFFF, 0xFFFF, 0xFFFF, 0xFFFF, 0xFFFF, 0xFFFF, 0xFFFF,
  0xFFFF, 0xFFFF, 0xFFFF, 0xFFFF, 0xFFFF, 0xFFFF, 0xFFFF, 0xFFFF, 0xFFFF, 0xFFFF, 0xFFFF, 0xFFFF,
  0xFFFF, 0x212A, 0x212A, 0x212A, 0x212A, 0x212A, 0x212A, 0xFFFF, 0xB5B5, 0x212A, 0x212A, 0x212A,
  0x212A, 0x212A, 0x212A, 0x6B75, 0x6B75, 0x6B75, 0x6B75, 0x6B75, 0x6B75, 0x6B75, 0x6B75, 0x6B75,
  0x200A, 0x212A, 0x212A, 0x212A, 0x212A, 0x212A, 0x212A, 0x212A, 0x212A, 0x6B75, 0x6B75, 0x6B75,
  0x6B75, 0x6B75, 0x6B75, 0x6B75, 0x6B75, 0x4A4A, 0x212A, 0x212A, 0x212A, 0x200A, 0xFFFF, 0xDEDF,
  0x212A, 0x212A, 0x212A, 0x212A, 0x212A, 0x212A, 0x212A, 0xFFFF, 0xFFFF, 0xFFFF, 0xFFFF, 0xFFFF,
  0xFFFF, 0xFFFF, 0xFFFF, 0xFFFF, 0xFFFF, 0xFFFF, 0xFFFF, 0xFFFF, 0xFFFF, 0xFFFF, 0xFFFF, 0xFFFF,
  0xFFFF, 0xFFFF, 0xFFFF, 0xFFFF, 0xFFFF, 0xFFFF, 0xFFFF, 0xFFFF, 0x4A4A, 0x212A, 0x212A, 0x212A,
  0x212A, 0x212A, 0x212A, 0x212A, 0x212A, 0x212A, 0x212A, 0x212A, 0x212A, 0x9495, 0xFFFF, 0xFFFF,
  0xFFFF, 0xFFFF, 0xFFFF, 0xDEDF, 0x212A, 0x212A, 0x212A, 0x212A, 0x6B75, 0x6B75, 0x6B75, 0x6B75,
  0x6B75, 0x6B75, 0x6B75, 0x6B75, 0x6B75, 0x6B75, 0x6B75, 0x6B75, 0x6B75, 0x6B75, 0x6B75, 0x6B75,
  0x6B75, 0x6B75, 0x6B75, 0x6B75, 0x6B75, 0x6B75, 0x6B75, 0x6B75, 0x6B75, 0x6B75, 0x6B75, 0x6B75,
  0x6B75, 0x6B75, 0x6B75, 0x6B75, 0x6B75, 0x6B75, 0x6B75, 0x6B75, 0x6B75, 0x6B75, 0x6B75, 0x6B75,
  0x6B75, 0x6B75, 0x6B75, 0x6B75, 0x6B75, 0x6B75, 0x6B75, 0x6B75, 0x212A, 0x212A, 0x212A, 0x212A,
  0xFFFF, 0xFFFF, 0xFFFF, 0x212A, 0x212A, 0x212A, 0x6B75, 0x6B75, 0x6B75, 0x4A4A, 0x212A, 0x212A,
  0x212A, 0x212A, 0x212A, 0x4A4A, 0x6B75, 0x6B75, 0x6B75, 0x6B75, 0x6B75, 0x6B75, 0x212A, 0x212A,
  0x212A, 0x212A, 0x212A, 0x212A, 0x6B75, 0x6B75, 0x6B75, 0x6B75, 0x6B75, 0x6B75, 0x6B75, 0x6B75,
  0x6B75, 0x6B75, 0x6B75, 0x212A, 0x212A, 0x212A, 0x212A, 0x212A, 0x212A, 0x212A, 0x212A, 0x212A,
  0x212A, 0x212A, 0x212A, 0x212A, 0x200A, 0xFFFF, 0xFFFF, 0xFFFF, 0xFFFF, 0xFFFF, 0xFFFF, 0xFFFF,
  0xFFFF, 0xFFFF, 0xFFFF, 0xFFFF, 0xFFFF, 0xFFFF, 0xFFFF, 0xFFFF, 0xFFFF, 0xFFFF, 0xFFFF, 0xFFFF,
  0xFFFF, 0xFFFF, 0xFFFF, 0xFFFF, 0xFFFF, 0xFFFF, 0xFFFF, 0xFFFF, 0xFFFF, 0xFFFF, 0xFFFF, 0xFFFF,
  0xFFFF, 0xB5B5, 0x212A, 0x212A, 0x212A, 0x212A, 0x200A, 0x4A4A, 0x212A, 0x212A, 0x212A, 0x212A,
  0x212A, 0x212A, 0x6B75, 0x6B75, 0x6B75, 0x6B75, 0x6B75, 0x6B75, 0x6B75, 0x6B75, 0x212A, 0x200A,
  0x212A, 0x212A, 0x212A, 0x212A, 0x212A, 0x212A, 0x212A, 0x212A, 0x212A, 0x212A, 0x4A4A, 0x6B75,
  0x6B75, 0x6B75, 0x6B75, 0x6B75, 0x6B75, 0x4A4A, 0x212A, 0x212A, 0x212A, 0x212A, 0xFFFF, 0x9495,
  0x212A, 0x212A, 0x212A, 0x212A, 0x212A, 0x212A, 0xFFFF, 0xFFFF, 0xFFFF, 0xFFFF, 0xFFFF, 0xFFFF,
  0xFFFF, 0xFFFF, 0xFFFF, 0xFFFF, 0xFFFF, 0xFFFF, 0xFFFF, 0xFFFF, 0xFFFF, 0xFFFF, 0xFFFF, 0xFFFF,
  0xFFFF, 0xFFFF, 0xFFFF, 0xFFFF, 0xFFFF, 0xFFFF, 0xFFFF, 0xFFFF, 0xFFFF, 0xFFFF, 0x6B75, 0x212A,
  0x212A, 0x212A, 0x212A, 0x212A, 0x212A, 0x212A, 0x212A, 0x212A, 0x212A, 0x212A, 0xB5BF, 0xFFFF,
  0xFFFF, 0xFFFF, 0xFFFF, 0x9495, 0x212A, 0x212A, 0x212A, 0x212A, 0x6B75, 0x6B75, 0x6B75, 0x6B75,
  0x6B75, 0x6B75, 0x6B75, 0x6B75, 0x6B75, 0x6B75, 0x6B75, 0x6B75, 0x6B75, 0x6B75, 0x6B75, 0x6B75,
  0x6B75, 0x6B75, 0x6B75, 0x6B75, 0x6B75, 0x6B75, 0x6B75, 0x6B75, 0x6B75, 0x6B75, 0x6B75, 0x6B75,
  0x6B75, 0x6B75, 0x6B75, 0x6B75, 0x6B75, 0x6B75, 0x6B75, 0x6B75, 0x6B75, 0x6B75, 0x6B75, 0x6B75,
  0x6B75, 0x6B75, 0x6B75, 0x6B75, 0x6B75, 0x6B75, 0x6B75, 0x6B75, 0x6B75, 0x212A, 0x212A, 0x212A,
  0xFFFF, 0xFFFF, 0x212A, 0x212A, 0x212A, 0x6B75, 0x6B75, 0x6B75, 0x6B75, 0x6B75, 0x4A4A, 0x212A,
  0x212A, 0x212A, 0x212A, 0x212A, 0x212A, 0x6B75, 0x6B75, 0x6B75, 0x6B75, 0x6B75, 0x6B75, 0x212A,
  0x212A, 0x212A, 0x212A, 0x212A, 0x212A, 0x4A4A, 0x6B75, 0x6B75, 0x6B75, 0x6B75, 0x6B75, 0x6B75,
  0x6B75, 0x6B75, 0x6B75, 0x6B75, 0x212A, 0x212A, 0x212A, 0x212A, 0x212A, 0x212A, 0x212A, 0x212A,
  0x212A, 0x212A, 0x212A, 0x212A, 0x212A, 0x212A, 0xFFFF, 0xFFFF, 0xFFFF, 0xFFFF, 0xFFFF, 0xFFFF,
  0xFFFF, 0xFFFF, 0xFFFF, 0xFFFF, 0xFFFF, 0xFFFF, 0xFFFF, 0xFFFF, 0xFFFF, 0xFFFF, 0xFFFF, 0xFFFF,
  0xFFFF, 0xFFFF, 0xFFFF, 0xFFFF, 0xFFFF, 0xFFFF, 0xFFFF, 0xFFFF, 0xFFFF, 0xFFFF, 0xFFFF, 0xFFFF,
  0xFFFF, 0x4A4A, 0x212A, 0x212A, 0x212A, 0x212A, 0x212A, 0x212A, 0x212A, 0x212A, 0x212A, 0x212A,
  0x212A, 0x6B75, 0x6B75, 0x6B75, 0x6B75, 0x6B75, 0x6B75, 0x6B75, 0x4A4A, 0x212A, 0x212A, 0x212A,
  0x212A, 0x212A, 0x212A, 0x212A, 0x4A4A, 0xFFFF, 0x2120, 0x212A, 0x212A, 0x212A, 0x212A, 0x212A,
  0x6B75, 0x6B75, 0x6B75, 0x6B75, 0x6B75, 0x6B75, 0x212A, 0x212A, 0x212A, 0x212A, 0xFFFF, 0x2120,
  0x212A, 0x212A, 0x212A, 0x212A, 0x212A, 0xB5B5, 0xFFFF, 0xFFFF, 0xFFFF, 0xFFFF, 0xFFFF, 0xFFFF,
  0xFFFF, 0xFFFF, 0xFFFF, 0xFFFF, 0xFFFF, 0xFFFF, 0xFFFF, 0xFFFF, 0xFFFF, 0xFFFF, 0xFFFF, 0xFFFF,
  0xFFFF, 0xFFFF, 0xFFFF, 0xFFFF, 0xFFFF, 0xFFFF, 0xFFFF, 0xFFFF, 0xFFFF, 0xFFFF, 0xFFFF, 0xFFFF,
  0x212A, 0x212A, 0x212A, 0x212A, 0x212A, 0x212A, 0x212A, 0x212A, 0x212A, 0x212A, 0x200A, 0xFFFF,
  0xFFFF, 0xFFFF, 0xFFFF, 0x2120, 0x212A, 0x212A, 0x212A, 0x4A4A, 0x6B75, 0x6B75, 0x6B75, 0x6B75,
  0x6B75, 0x6B75, 0x6B75, 0x6B75, 0x6B75, 0x6B75, 0x6B75, 0x6B75, 0x6B75, 0x6B75, 0x6B75, 0x6B75,
  0x6B75, 0x6B75, 0x6B75, 0x6B75, 0x6B75, 0x6B75, 0x6B75, 0x6B75, 0x6B75, 0x6B75, 0x6B75, 0x6B75,
  0x6B75, 0x6B75, 0x6B75, 0x6B75, 0x6B75, 0x6B75, 0x6B75, 0x6B75, 0x6B75, 0x6B75, 0x6B75, 0x6B75,
  0x6B75, 0x6B75, 0x6B75, 0x6B75, 0x6B75, 0x6B75, 0x6B75, 0x6B75, 0x6B75, 0x212A, 0x212A, 0x212A,
  0xFFFF, 0xFFFF, 0x212A, 0x212A, 0x000A, 0x6B75, 0x6B6A, 0x212A, 0x6B75, 0x6B75, 0x6B75, 0x212A,
  0x212A, 0x212A, 0x212A, 0x212A, 0x212A, 0x212A, 0x6B75, 0x6B75, 0x6B75, 0x6B75, 0x6B75, 0x6B75,
  0x212A, 0x212A, 0x212A, 0x212A, 0x212A, 0x200A, 0x6B75, 0x6B75, 0x6B75, 0x6B75, 0x6B75, 0x6B75,
  0x6B75, 0x6B75, 0x6B75, 0x6B75, 0x212A, 0x212A, 0x212A, 0x212A, 0x212A, 0x212A, 0x4A4A, 0x212A,
  0x212A, 0x212A, 0x212A, 0x212A, 0x212A, 0x212A, 0x4A4A, 0xFFFF, 0xFFFF, 0xFFFF, 0xFFFF, 0xFFFF,
  0xFFFF, 0xFFFF, 0xFFFF, 0xFFFF, 0xFFFF, 0xFFFF, 0xFFFF, 0xFFFF, 0xFFFF, 0xFFFF, 0xFFFF, 0xFFFF,
  0xFFFF, 0xFFFF, 0xFFFF, 0xFFFF, 0xFFFF, 0xFFFF, 0xFFFF, 0xFFFF, 0xFFFF, 0xFFFF, 0xFFFF, 0xFFFF,
  0xFFFF, 0x2000, 0x212A, 0x212A, 0x212A, 0x212A, 0x212A, 0x212A, 0x212A, 0x212A, 0x212A, 0x212A,
  0x4A4A, 0x6B75, 0x6B75, 0x6B75, 0x6B75, 0x4A4A, 0x212A, 0x212A, 0x212A, 0x212A, 0x212A, 0x212A,
  0x212A, 0x212A, 0x212A, 0xDEDF, 0xFFFF, 0xFFFF, 0xFFFF, 0x4A4A, 0x212A, 0x212A, 0x212A, 0x212A,
  0x000A, 0x6B75, 0x6B75, 0x6B75, 0x6B75, 0x6B75, 0x212A, 0x212A, 0x212A, 0x212A, 0xFFFF, 0x200A,
  0x212A, 0x212A, 0x212A, 0x212A, 0x212A, 0xFFFF, 0xFFFF, 0xFFFF, 0xFFFF, 0xFFFF, 0xFFFF, 0xFFFF,
  0xFFFF, 0xFFFF, 0xFFFF, 0xFFFF, 0xFFFF, 0xFFFF, 0xFFFF, 0xFFFF, 0xFFFF, 0xFFFF, 0xFFFF, 0xFFFF,
  0xFFFF, 0xFFFF, 0xFFFF, 0xFFFF, 0xFFFF, 0xFFFF, 0xFFFF, 0xFFFF, 0xFFFF, 0xFFFF, 0xFFFF, 0xFFFF,
  0xFFFF, 0x212A, 0x212A, 0x212A, 0x212A, 0x212A, 0x212A, 0x212A, 0x212A, 0x212A, 0x212A, 0x4A4A,
  0xFFFF, 0xFFFF, 0xFFFF, 0x2000, 0x212A, 0x212A, 0x212A, 0x6B75, 0x6B75, 0x6B75, 0x6B75, 0x6B75,
  0x6B75, 0x6B75, 0x6B75, 0x6B75, 0x6B75, 0x6B75, 0x6B75, 0x6B75, 0x6B75, 0x6B75, 0x6B75, 0x6B75,
  0x6B75, 0x6B75, 0x6B75, 0x6B75, 0x6B75, 0x6B75, 0x6B75, 0x6B75, 0x6B75, 0x6B75, 0x6B75, 0x6B75,
  0x6B75, 0x6B75, 0x6B75, 0x6B75, 0x6B75, 0x6B75, 0x6B75, 0x6B75, 0x6B75, 0x6B75, 0x6B75, 0x6B75,
  0x6B75, 0x6B75, 0x6B75, 0x6B75, 0x6B75, 0x6B75, 0x6B75, 0x6B75, 0x6B75, 0x212A, 0x212A, 0x212A,
  0xFFFF, 0x4A4A, 0x212A, 0x212A, 0x212A, 0x6B75, 0x212A, 0x212A, 0x6B75, 0x6B75, 0x6B75, 0x6B75,
  0x212A, 0x212A, 0x212A, 0x212A, 0x212A, 0x212A, 0x212A, 0x6A55, 0x6B75, 0x6B75, 0x6B75, 0x6B75,
  0x6B75, 0x212A, 0x212A, 0x212A, 0x212A, 0x212A, 0x212A, 0x4A4A, 0x6B75, 0x6B75, 0x6B75, 0x6B75,
  0x6B75, 0x6B75, 0x6B75, 0x6B75, 0x6B75, 0x212A, 0x212A, 0x212A, 0x212A, 0x212A, 0x212A, 0x0000,
  0x212A, 0x212A, 0x212A, 0x212A, 0x212A, 0x212A, 0x212A, 0x212A, 0x9495, 0xFFFF, 0xFFFF, 0xFFFF,
  0xFFFF, 0xFFFF, 0xFFFF, 0xFFFF, 0xFFFF, 0xFFFF, 0xFFFF, 0xFFFF, 0xFFFF, 0xFFFF, 0xFFFF, 0xFFFF,
  0xFFFF, 0xFFFF, 0xFFFF, 0xFFFF, 0xFFFF, 0xFFFF, 0xFFFF, 0xFFFF, 0xFFFF, 0xFFFF, 0xFFFF, 0x4A4A,
  0x212A, 0x212A, 0x212A, 0x212A, 0x212A, 0x212A, 0x949F, 0x212A, 0x212A, 0x212A, 0x212A, 0x212A,
  0x212A, 0x212A, 0x212A, 0x212A, 0x212A, 0x212A, 0x212A, 0x212A, 0x212A, 0x212A, 0x212A, 0x212A,
  0x212A, 0x4A4A, 0xFFFF, 0xFFFF, 0xFFFF, 0xFFFF, 0xFFFF, 0xFFFF, 0x212A, 0x212A, 0x212A, 0x212A,
  0x212A, 0x212A, 0x212A, 0x6B75, 0x6B75, 0x6B75, 0x4A4A, 0x212A, 0x212A, 0x212A, 0x6B75, 0x212A,
  0x212A, 0x212A, 0x212A, 0x212A, 0xFFFF, 0xFFFF, 0xFFFF, 0xFFFF, 0xFFFF, 0xFFFF, 0xFFFF, 0xFFFF,
  0xFFFF, 0xFFFF, 0xFFFF, 0xFFFF, 0xFFFF, 0xFFFF, 0xFFFF, 0xFFFF, 0xFFFF, 0xFFFF, 0xFFFF, 0xFFFF,
  0xFFFF, 0xFFFF, 0xFFFF, 0xFFFF, 0xFFFF, 0xFFFF, 0xFFFF, 0xFFFF, 0xFFFF, 0xFFFF, 0xFFFF, 0xFFFF,
  0xFFFF, 0xFFFF, 0xB5BF, 0x212A, 0x212A, 0x212A, 0x212A, 0x212A, 0x212A, 0x212A, 0x212A, 0x2120,
  0xFFFF, 0xFFFF, 0x9495, 0x212A, 0x212A, 0x212A, 0x212A, 0x6B75, 0x6B75, 0x6B75, 0x6B75, 0x6B75,
  0x6B75, 0x6B75, 0x6B75, 0x6B75, 0x6B75, 0x6B75, 0x6B75, 0x6B75, 0x6B75, 0x6B75, 0x6B75, 0x6B75,
  0x6B75, 0x6B75, 0x6B75, 0x6B75, 0x6B75, 0x6B75, 0x6B75, 0x6B75, 0x6B75, 0x6B75, 0x6B75, 0x6B75,
  0x6B75, 0x6B75, 0x6B75, 0x6B75, 0x6B75, 0x6B75, 0x6B75, 0x6B75, 0x6B75, 0x6B75, 0x6B75, 0x6B75,
  0x6B75, 0x6B75, 0x6B75, 0x6B75, 0x6B75, 0x6B75, 0x6B75, 0x6B75, 0x6B75, 0x212A, 0x212A, 0x212A,
  0xFFFF, 0x212A, 0x212A, 0x212A, 0x4A4A, 0x6B75, 0x212A, 0x212A, 0x6B75, 0x6B75, 0x6B75, 0x6B75,
  0x6B75, 0x212A, 0x212A, 0x212A, 0x212A, 0x212A, 0x212A, 0x212A, 0x4A4A, 0x6B75, 0x6B75, 0x6B75,
  0x6B75, 0x6B75, 0x212A, 0x212A, 0x212A, 0x212A, 0x212A, 0x212A, 0x492A, 0x6B75, 0x6B75, 0x6B75,
  0x6B75, 0x6B75, 0x6B75, 0x6B75, 0x6B75, 0x212A, 0x212A, 0x212A, 0x212A, 0x212A, 0x0000, 0xB5BF,
  0x212A, 0x212A, 0x212A, 0x212A, 0x212A, 0x212A, 0x212A, 0x212A, 0x212A, 0x2120, 0xB5B5, 0xFFFF,
  0xFFFF, 0xFFFF, 0xFFFF, 0xFFFF, 0xFFFF, 0xFFFF, 0xFFFF, 0xFFFF, 0xFFFF, 0xFFFF, 0xFFFF, 0xFFFF,
  0xFFFF, 0xFFFF, 0xFFFF, 0xFFFF, 0xFFFF, 0xFFFF, 0xFFFF, 0xFFFF, 0xFFFF, 0xFFFF, 0x212A, 0x212A,
  0x212A, 0x212A, 0x212A, 0x212A, 0x212A, 0x200A, 0x9495, 0x212A, 0x212A, 0x212A, 0x212A, 0x212A,
  0x212A, 0x212A, 0x212A, 0x212A, 0x212A, 0x212A, 0x212A, 0x212A, 0x212A, 0x212A, 0x212A, 0x212A,
  0xB5B5, 0xFFFF, 0xFFFF, 0xFFFF, 0xFFFF, 0xFFFF, 0xFFFF, 0xFFFF, 0xFFFF, 0x2120, 0x212A, 0x212A,
  0x212A, 0x212A, 0x212A, 0x212A, 0x6B75, 0x6B75, 0x6B75, 0x212A, 0x212A, 0x212A, 0x212A, 0x212A,
  0x212A, 0x212A, 0x212A, 0x200A, 0xFFFF, 0xFFFF, 0xFFFF, 0xFFFF, 0xFFFF, 0xFFFF, 0xFFFF, 0xFFFF,
  0xFFFF, 0xFFFF, 0xFFFF, 0xFFFF, 0xFFFF, 0xFFFF, 0xFFFF, 0xFFFF, 0xFFFF, 0xFFFF, 0xFFFF, 0xFFFF,
  0xFFFF, 0xFFFF, 0xFFFF, 0xFFFF, 0xFFFF, 0xFFFF, 0xFFFF, 0xFFFF, 0xFFFF, 0xFFFF, 0xFFFF, 0xFFFF,
  0xFFFF, 0xFFFF, 0xFFFF, 0x200A, 0x212A, 0x212A, 0x212A, 0x212A, 0x212A, 0x212A, 0x212A, 0x2120,
  0xFFFF, 0xFFFF, 0x9495, 0x212A, 0x212A, 0x212A, 0x4A4A, 0x6B75, 0x6B75, 0x6B75, 0x6B75, 0x6B75,
  0x6B75, 0x6B75, 0x6B75, 0x6B75, 0x6B75, 0x6B75, 0x6B75, 0x6B75, 0x6B75, 0x6B75, 0x6B75, 0x6B75,
  0x6B75, 0x6B75, 0x6B75, 0x6B75, 0x6B75, 0x6B75, 0x6B75, 0x6B75, 0x6B75, 0x6B75, 0x6B75, 0x6B75,
  0x6B75, 0x6B75, 0x6B75, 0x6B75, 0x6B75, 0x6B75, 0x6B75, 0x6B75, 0x6B75, 0x6B75, 0x6B75, 0x6B75,
  0x6B75, 0x6B75, 0x6B75, 0x6B75, 0x6B75, 0x6B75, 0x6B75, 0x6B75, 0x6B75, 0x212A, 0x212A, 0x212A,
  0xFFFF, 0x0000, 0x212A, 0x212A, 0x4A4A, 0x4A4A, 0x212A, 0x212A, 0x6B75, 0x6B75, 0x6B75, 0x6B75,
  0x6B75, 0x6B75, 0x212A, 0x212A, 0x212A, 0x212A, 0x212A, 0x212A, 0x212A, 0x212A, 0x6B75, 0x6B75,
  0x6B75, 0x6B75, 0x6B75, 0x212A, 0x212A, 0x212A, 0x212A, 0x212A, 0x212A, 0x212A, 0x6B75, 0x6B75,
  0x6B75, 0x6B75, 0x6B75, 0x6B75, 0x6B75, 0x212A, 0x212A, 0x212A, 0x212A, 0x212A, 0x212A, 0xDEDF,
  0x212A, 0x212A, 0x212A, 0x212A, 0x212A, 0x212A, 0x212A, 0x212A, 0x212A, 0x212A, 0x212A, 0x212A,
  0x6B6A, 0x9495, 0xFFFF, 0xFFFF, 0xFFFF, 0xFFFF, 0xFFFF, 0xFFFF, 0xFFFF, 0xFFFF, 0xFFFF, 0xFFFF,
  0xFFFF, 0xFFFF, 0xFFFF, 0xFFFF, 0xFFFF, 0xFFFF, 0xFFFF, 0xFFFF, 0xFEDF, 0x212A, 0x212A, 0x212A,
  0x212A, 0x212A, 0x212A, 0x212A, 0x000A, 0xFFFF, 0xFFFF, 0x2120, 0x212A, 0x212A, 0x212A, 0x212A,
  0x212A, 0x212A, 0x212A, 0x212A, 0x212A, 0x212A, 0x212A, 0x212A, 0x212A, 0x200A, 0x212A, 0xB5B5,
  0xFFFF, 0xFFFF, 0xFFFF, 0xFFFF, 0xFFFF, 0xFFFF, 0xFFFF, 0xFFFF, 0xFFFF, 0xFFFF, 0x9375, 0x212A,
  0x212A, 0x212A, 0x212A, 0x212A, 0x212A, 0x212A, 0x6B75, 0x212A, 0x212A, 0x212A, 0x212A, 0x212A,
  0x212A, 0x212A, 0x212A, 0x6B75, 0xFFFF, 0xFFFF, 0xFFFF, 0xFFFF, 0xFFFF, 0xFFFF, 0xFFFF, 0xFFFF,
  0xFFFF, 0xFFFF, 0xFFFF, 0xFFFF, 0xFFFF, 0xFFFF, 0xFFFF, 0xFFFF, 0xFFFF, 0xFFFF, 0xFFFF, 0xFFFF,
  0xFFFF, 0xFFFF, 0xFFFF, 0xFFFF, 0xFFFF, 0xFFFF, 0xFFFF, 0xFFFF, 0xFFFF, 0xFFFF, 0xFFFF, 0xFFFF,
  0xFFFF, 0xFFFF, 0xFFFF, 0x4A4A, 0x212A, 0x212A, 0x212A, 0x212A, 0x212A, 0x212A, 0x212A, 0x212A,
  0x9495, 0xFFFF, 0x212A, 0x212A, 0x212A, 0x212A, 0x6B75, 0x6B75, 0x6B75, 0x6B75, 0x6B75, 0x6B75,
  0x6B75, 0x6B75, 0x6B75, 0x6B75, 0x6B75, 0x6B75, 0x6B75, 0x6B75, 0x6B75, 0x6B75, 0x6B75, 0x6B75,
  0x6B75, 0x6B75, 0x6B75, 0x6B75, 0x6B75, 0x6B75, 0x6B75, 0x6B75, 0x6B75, 0x6B75, 0x6B75, 0x6B75,
  0x6B75, 0x6B75, 0x6B75, 0x6B75, 0x6B75, 0x6B75, 0x6B75, 0x6B75, 0x6B75, 0x6B75, 0x6B75, 0x6B75,
  0x6B75, 0x6B75, 0x6B75, 0x6B75, 0x6B75, 0x6B75, 0x6B75, 0x6B75, 0x6B75, 0x212A, 0x212A, 0x212A,
  0xDEDF, 0x212A, 0x212A, 0x212A, 0x6B75, 0x212A, 0x212A, 0x212A, 0x6B75, 0x6B75, 0x6B75, 0x6B75,
  0x6B75, 0x6B75, 0x6B75, 0x6B75, 0x212A, 0x212A, 0x212A, 0x212A, 0x212A, 0x212A, 0x212A, 0x212A,
  0x212A, 0x212A, 0x4A4A, 0x6B75, 0x212A, 0x212A, 0x212A, 0x212A, 0x212A, 0x212A, 0x200A, 0x200A,
  0x6B75, 0x6B75, 0x6B75, 0x6B75, 0x6B75, 0x212A, 0x212A, 0x212A, 0x212A, 0x212A, 0x212A, 0x2120,
  0xFFFF, 0xFFFF, 0x2120, 0x212A, 0x212A, 0x212A, 0x212A, 0x212A, 0x212A, 0x212A, 0x212A, 0x212A,
  0x212A, 0x212A, 0x212A, 0x212A, 0x212A, 0x2120, 0x4A4A, 0xDEDF, 0xB5B5, 0xB5B5, 0x9375, 0x6B75,
  0xDEDF, 0x9495, 0x9495, 0x4A4A, 0x4A4A, 0x212A, 0x212A, 0x200A, 0x212A, 0x212A, 0x212A, 0x212A,
  0x212A, 0x212A, 0x212A, 0x212A, 0xFFFF, 0xFFFF, 0xFFFF, 0xFFFF, 0xDEDF, 0x6B75, 0x0000, 0x212A,
  0x212A, 0x212A, 0x212A, 0x212A, 0x212A, 0x200A, 0x212A, 0x212A, 0x9495, 0xFFFF, 0xFFFF, 0xFFFF,
  0xFFFF, 0xFFFF, 0xFFFF, 0xFFFF, 0xFFFF, 0xFFFF, 0xFFFF, 0xFFFF, 0xFFFF, 0xFFFF, 0xFFFF, 0xFFFF,
  0x212A, 0x212A, 0x212A, 0x212A, 0x212A, 0x212A, 0x212A, 0x212A, 0x212A, 0x212A, 0x212A, 0x212A,
  0x212A, 0x212A, 0x212A, 0x212A, 0xFFFF, 0xFFFF, 0xFFFF, 0xFFFF, 0xFFFF, 0xFFFF, 0xFFFF, 0xFFFF,
  0xFFFF, 0xFFFF, 0xFFFF, 0xFFFF, 0xFFFF, 0xFFFF, 0xFFFF, 0xFFFF, 0xFFFF, 0xFFFF, 0xFFFF, 0xFFFF,
  0xFFFF, 0xFFFF, 0xFFFF, 0xFFFF, 0xFFFF, 0xFFFF, 0xFFFF, 0xFFFF, 0xFFFF, 0xFFFF, 0xFFFF, 0xFFFF,
  0xFFFF, 0xFFFF, 0xFFFF, 0xFFFF, 0x2000, 0x212A, 0x212A, 0x212A, 0x212A, 0x212A, 0x212A, 0x212A,
  0x6B6A, 0xFFFF, 0x212A, 0x212A, 0x212A, 0x212A, 0x6B75, 0x6B75, 0x6B75, 0x6B75, 0x6B75, 0x6B75,
  0x6B75, 0x6B75, 0x6B75, 0x6B75, 0x6B75, 0x6B75, 0x6B75, 0x6B75, 0x6B75, 0x6B75, 0x6B75, 0x6B75,
  0x6B75, 0x6B75, 0x6B75, 0x6B75, 0x6B75, 0x6B75, 0x6B75, 0x6B75, 0x6B75, 0x6B75, 0x6B75, 0x6B75,
  0x6B75, 0x6B75, 0x6B75, 0x6B75, 0x6B75, 0x6B75, 0x6B75, 0x6B75, 0x6B75, 0x6B75, 0x6B75, 0x6B75,
  0x6B75, 0x6B75, 0x6B75, 0x6B75, 0x6B75, 0x6B75, 0x6B75, 0x6B75, 0x6B75, 0x212A, 0x212A, 0x212A,
  0xB5B5, 0x212A, 0x212A, 0x212A, 0x6B75, 0x212A, 0x212A, 0x212A, 0x6B75, 0x6B75, 0x6B75, 0x6B75,
  0x6B75, 0x6B75, 0x6B75, 0x6B75, 0x6B75, 0x212A, 0x212A, 0x212A, 0x212A, 0x212A, 0x212A, 0x212A,
  0x212A, 0x212A, 0x212A, 0x212A, 0x212A, 0x212A, 0x212A, 0x212A, 0x212A, 0x212A, 0x212A, 0x212A,
  0x212A, 0x6B75, 0x6B75, 0x6B75, 0x6B75, 0x6B75, 0x212A, 0x212A, 0x212A, 0x212A, 0x212A, 0x2000,
  0xDEDF, 0xFFFF, 0xB5B5, 0x212A, 0x212A, 0x212A, 0x212A, 0x212A, 0x212A, 0x212A, 0x212A, 0x212A,
  0x212A, 0x212A, 0x212A, 0x212A, 0x212A, 0x212A, 0x212A, 0x212A, 0x212A, 0x212A, 0x212A, 0x212A,
  0x212A, 0x212A, 0x212A, 0x212A, 0x212A, 0x212A, 0x212A, 0x212A, 0x212A, 0x212A, 0x212A, 0x212A,
  0x212A, 0x212A, 0x212A, 0x0000, 0xFFFF, 0xFFFF, 0xFFFF, 0xFFFF, 0xFFFF, 0xFFFF, 0xFFFF, 0xDFFF,
  0xDEDF, 0xB5BF, 0x6B75, 0xDEDF, 0xB5B5, 0xFFFF, 0xFFFF, 0xFFFF, 0xFFFF, 0xFFFF, 0xFFFF, 0xFFFF,
  0xFFFF, 0xFFFF, 0xFFFF, 0xFFFF, 0xFFFF, 0xFFFF, 0xFFFF, 0xFFFF, 0xFFFF, 0xFFFF, 0xFFFF, 0xFFFF,
  0xFFFF, 0x2000, 0x212A, 0x212A, 0x212A, 0x212A, 0x212A, 0x212A, 0x212A, 0x212A, 0x212A, 0x212A,
  0x212A, 0x212A, 0x212A, 0x212A, 0xFFFF, 0xFFFF, 0xFFFF, 0xFFFF, 0xFFFF, 0xFFFF, 0xFFFF, 0xFFFF,
  0xFFFF, 0xFFFF, 0xFFFF, 0xFFFF, 0xFFFF, 0xFFFF, 0xFFFF, 0xFFFF, 0xFFFF, 0xFFFF, 0xFFFF, 0xFFFF,
  0xFFFF, 0xFFFF, 0xFFFF, 0xFFFF, 0xFFFF, 0xFFFF, 0xFFFF, 0xFFFF, 0xFFFF, 0xFFFF, 0xFFFF, 0xFFFF,
  0xFFFF, 0xFFFF, 0xFFFF, 0xFFFF, 0x2000, 0x212A, 0x212A, 0x212A, 0x212A, 0x212A, 0x212A, 0x212A,
  0x6B75, 0xFFFF, 0x212A, 0x212A, 0x212A, 0x4A4A, 0x6B75, 0x6B75, 0x6B75, 0x6B75, 0x6B75, 0x6B75,
  0x6B75, 0x6B75, 0x6B75, 0x6B75, 0x6B75, 0x6B75, 0x6B75, 0x6B75, 0x6B75, 0x6B75, 0x6B75, 0x6B75,
  0x6B75, 0x6B75, 0x6B75, 0x6B75, 0x6B75, 0x6B75, 0x6B75, 0x6B75, 0x6B75, 0x6B75, 0x6B75, 0x6B75,
  0x6B75, 0x6B75, 0x6B75, 0x6B75, 0x6B75, 0x6B75, 0x6B75, 0x6B75, 0x6B75, 0x6B75, 0x6B75, 0x6B75,
  0x6B75, 0x6B75, 0x6B75, 0x6B75, 0x6B75, 0x6B75, 0x6B75, 0x6B75, 0x6B75, 0x212A, 0x212A, 0x212A,
  0x9495, 0x212A, 0x212A, 0x212A, 0x6B75, 0x212A, 0x212A, 0x212A, 0x6B75, 0x6B75, 0x6B75, 0x6B75,
  0x6B75, 0x6B75, 0x6B75, 0x6B75, 0x6B75, 0x6B75, 0x4A4A, 0x212A, 0x212A, 0x212A, 0x212A, 0x212A,
  0x212A, 0x212A, 0x212A, 0x212A, 0x212A, 0x212A, 0x212A, 0x212A, 0x212A, 0x212A, 0x212A, 0x212A,
  0x6B75, 0x6B75, 0x6B75, 0x6B75, 0x6B75, 0x6B75, 0x4A4A, 0x212A, 0x212A, 0x212A, 0x212A, 0x212A,
  0x0000, 0xDEDF, 0xFFFF, 0xFFFF, 0x212A, 0x212A, 0x212A, 0x212A, 0x212A, 0x212A, 0x212A, 0x212A,
  0x212A, 0x212A, 0x212A, 0x212A, 0x212A, 0x212A, 0x212A, 0x212A, 0x212A, 0x212A, 0x212A, 0x212A,
  0x212A, 0x212A, 0x212A, 0x212A, 0x212A, 0x212A, 0x212A, 0x212A, 0x212A, 0x212A, 0x212A, 0x212A,
  0x212A, 0x212A, 0x0000, 0xFFFF, 0xFFFF, 0xFFFF, 0xFFFF, 0xFFFF, 0xFFFF, 0xFFFF, 0xFFFF, 0xFFFF,
  0xFFFF, 0xFFFF, 0xFFFF, 0xFFFF, 0xFFFF, 0xFFFF, 0xFFFF, 0xFFFF, 0xFFFF, 0xFFFF, 0xFFFF, 0xFFFF,
  0xFFFF, 0xFFFF, 0xFFFF, 0xFFFF, 0xFFFF, 0xFFFF, 0xFFFF, 0xFFFF, 0xFFFF, 0xFFFF, 0xFFFF, 0xFFFF,
  0xFFFF, 0xFFFF, 0xDEDF, 0x2120, 0x212A, 0x212A, 0x212A, 0x212A, 0x212A, 0x212A, 0x212A, 0x212A,
  0x212A, 0x212A, 0x212A, 0x212A, 0xFFFF, 0xFFFF, 0xFFFF, 0xFFFF, 0xFFFF, 0xFFFF, 0xFFFF, 0xFFFF,
  0xFFFF, 0xFFFF, 0xFFFF, 0xFFFF, 0xFFFF, 0xFFFF, 0xFFFF, 0xFFFF, 0xFFFF, 0xFFFF, 0xFFFF, 0xFFFF,
  0xFFFF, 0xFFFF, 0xFFFF, 0xFFFF, 0xFFFF, 0xFFFF, 0xFFFF, 0xFFFF, 0xFFFF, 0xFFFF, 0xFFFF, 0xFFFF,
  0xFFFF, 0xFFFF, 0xFFFF, 0xFFFF, 0x212A, 0x212A, 0x212A, 0x212A, 0x212A, 0x212A, 0x212A, 0x212A,
  0xDEDF, 0xDEDF, 0x212A, 0x212A, 0x212A, 0x6B75, 0x6B75, 0x6B75, 0x6B75, 0x6B75, 0x6B75, 0x6B75,
  0x6B75, 0x6B75, 0x6B75, 0x6B75, 0x6B75, 0x6B75, 0x6B75, 0x6B75, 0x6B75, 0x6B75, 0x6B75, 0x6B75,
  0x6B75, 0x6B75, 0x6B75, 0x6B75, 0x6B75, 0x6B75, 0x6B75, 0x6B75, 0x6B75, 0x6B75, 0x6B75, 0x6B75,
  0x6B75, 0x6B75, 0x6B75, 0x6B75, 0x6B75, 0x6B75, 0x6B75, 0x6B75, 0x6B75, 0x6B75, 0x6B75, 0x6B75,
  0x6B75, 0x6B75, 0x6B75, 0x6B75, 0x6B75, 0x6B75, 0x6B75, 0x6B75, 0x6B75, 0x212A, 0x212A, 0x212A,
  0x6B75, 0x212A, 0x212A, 0x212A, 0x6B75, 0x212A, 0x212A, 0x212A, 0x6B75, 0x6B75, 0x6B75, 0x6B75,
  0x6B75, 0x6B75, 0x6B75, 0x6B75, 0x6B75, 0x6B75, 0x6B75, 0x6B75, 0x6B75, 0x212A, 0x212A, 0x212A,
  0x212A, 0x212A, 0x212A, 0x212A, 0x212A, 0x212A, 0x212A, 0x212A, 0x212A, 0x212A, 0x0000, 0x6B75,
  0x6B75, 0x6B75, 0x6B75, 0x6B75, 0x6B75, 0x6B75, 0x6B75, 0x492A, 0x212A, 0x212A, 0x212A, 0x212A,
  0x212A, 0x200A, 0xFFFF, 0xFFFF, 0xFFFF, 0xFFFF, 0xDEDF, 0x212A, 0x212A, 0x212A, 0x212A, 0x212A,
  0x212A, 0x212A, 0x212A, 0x212A, 0x212A, 0x212A, 0x212A, 0x212A, 0x212A, 0x212A, 0x212A, 0x212A,
  0x212A, 0x212A, 0x212A, 0x212A, 0x212A, 0x212A, 0x212A, 0x212A, 0x212A, 0x212A, 0x212A, 0x212A,
  0x212A, 0x0000, 0xFFFF, 0xFFFF, 0xFFFF, 0xFFFF, 0xFFFF, 0xFFFF, 0xFFFF, 0xFFFF, 0xFFFF, 0xFFFF,
  0xFFFF, 0xFFFF, 0xFFFF, 0xFFFF, 0xFFFF, 0xFFFF, 0xFFFF, 0xFFFF, 0xFFFF, 0xFFFF, 0xFFFF, 0xFFFF,
  0xFFFF, 0xFFFF, 0xFFFF, 0xFFFF, 0xFFFF, 0xFFFF, 0xFFFF, 0xFFFF, 0xFFFF, 0xFFFF, 0xFFFF, 0xFFFF,
  0xFFFF, 0xFFFF, 0xFFFF, 0xFFFF, 0xFFFF, 0x9375, 0x2120, 0x212A, 0x212A, 0x212A, 0x212A, 0x212A,
  0x212A, 0x212A, 0x212A, 0x212A, 0x212A, 0xB5BF, 0xFFFF, 0xFFFF, 0xFFFF, 0xFFFF, 0xFFFF, 0xFFFF,
  0xFFFF, 0xFFFF, 0xFFFF, 0xFFFF, 0xFFFF, 0xFFFF, 0xFFFF, 0xFFFF, 0xFFFF, 0xFFFF, 0xFFFF, 0xFFFF,
  0xFFFF, 0xFFFF, 0xFFFF, 0xFFFF, 0xFFFF, 0xFFFF, 0xFFFF, 0xFFFF, 0xFFFF, 0xFFFF, 0xFFFF, 0xFFFF,
  0xFFFF, 0xFFFF, 0xFFFF, 0xB5BF, 0x212A, 0x212A, 0x212A, 0x212A, 0x212A, 0x212A, 0x212A, 0x212A,
  0xFFFF, 0x212A, 0x212A, 0x212A, 0x212A, 0x6B75, 0x6B75, 0x6B75, 0x6B75, 0x6B75, 0x6B75, 0x6B75,
  0x6B75, 0x6B75, 0x6B75, 0x6B75, 0x6B75, 0x6B75, 0x6B75, 0x6B75, 0x6B75, 0x6B75, 0x6B75, 0x6B75,
  0x6B75, 0x6B75, 0x6B75, 0x6B75, 0x6B75, 0x6B75, 0x6B75, 0x6B75, 0x6B75, 0x6B75, 0x6B75, 0x6B75,
  0x6B75, 0x6B75, 0x6B75, 0x6B75, 0x6B75, 0x6B75, 0x6B75, 0x6B75, 0x6B75, 0x6B75, 0x6B75, 0x6B75,
  0x6B75, 0x6B75, 0x6B75, 0x6B75, 0x6B75, 0x6B75, 0x6B75, 0x6B75, 0x6B75, 0x212A, 0x212A, 0x212A,
  0x2120, 0x212A, 0x212A, 0x212A, 0x6B75, 0x212A, 0x212A, 0x212A, 0x4A4A, 0x6B75, 0x6B75, 0x6B75,
  0x6B75, 0x6B75, 0x6B75, 0x6B75, 0x6B75, 0x6B75, 0x6B75, 0x6B75, 0x6B75, 0x6B75, 0x6B75, 0x4A4A,
  0x212A, 0x212A, 0x212A, 0x212A, 0x212A, 0x212A, 0x212A, 0x212A, 0x212A, 0x6B75, 0x6B75, 0x6B75,
  0x6B75, 0x6B75, 0x6B75, 0x6B75, 0x6B75, 0x6B75, 0x6B75, 0x6B75, 0x212A, 0x212A, 0x212A, 0x212A,
  0x212A, 0x212A, 0x6B6A, 0xFFFF, 0xFFFF, 0xFFFF, 0xFFFF, 0xFFFF, 0x212A, 0x212A, 0x212A, 0x212A,
  0x212A, 0x212A, 0x212A, 0x212A, 0x212A, 0x212A, 0x212A, 0x212A, 0x212A, 0x212A, 0x212A, 0x212A,
  0x212A, 0x212A, 0x212A, 0x212A, 0x212A, 0x212A, 0x212A, 0x212A, 0x212A, 0x212A, 0x212A, 0x212A,
  0x212A, 0xFFFF, 0xFFFF, 0xFFFF, 0xFFFF, 0xFFFF, 0xFFFF, 0xFFFF, 0xFFFF, 0xFFFF, 0xFFFF, 0xFFFF,
  0xFFFF, 0xFFFF, 0xFFFF, 0xFFFF, 0xFFFF, 0xFFFF, 0xFFFF, 0xFFFF, 0xFFFF, 0xFFFF, 0xFFFF, 0xFFFF,
  0xFFFF, 0xFFFF, 0xFFFF, 0xFFFF, 0xFFFF, 0xFFFF, 0xFFFF, 0xFFFF, 0xFFFF, 0xFFFF, 0xFFFF, 0xFFFF,
  0xFFFF, 0xFFFF, 0xFFFF, 0xFFFF, 0xFFFF, 0xFFFF, 0xB5BF, 0x212A, 0x212A, 0x212A, 0x212A, 0x212A,
  0x212A, 0x212A, 0x212A, 0x212A, 0x000A, 0x212A, 0xFFFF, 0xFFFF, 0xFFFF, 0xFFFF, 0xFFFF, 0xFFFF,
  0xFFFF, 0xFFFF, 0xFFFF, 0xFFFF, 0xFFFF, 0xFFFF, 0xFFFF, 0xFFFF, 0xFFFF, 0xFFFF, 0xFFFF, 0xFFFF,
  0xFFFF, 0xFFFF, 0xFFFF, 0xFFFF, 0xFFFF, 0xFFFF, 0xFFFF, 0xFFFF, 0xFFFF, 0xFFFF, 0xFFFF, 0xFFFF,
  0xFFFF, 0xFFFF, 0xFFFF, 0x6B75, 0x212A, 0x212A, 0x212A, 0x212A, 0x212A, 0x212A, 0x212A, 0x0000,
  0xFFFF, 0x212A, 0x212A, 0x212A, 0x212A, 0x6B75, 0x6B75, 0x6B75, 0x6B75, 0x6B75, 0x6B75, 0x6B75,
  0x6B75, 0x6B75, 0x6B75, 0x6B75, 0x6B75, 0x6B75, 0x6B75, 0x6B75, 0x6B75, 0x6B75, 0x6B75, 0x6B75,
  0x6B75, 0x6B75, 0x6B75, 0x6B75, 0x6B75, 0x6B75, 0x6B75, 0x6B75, 0x6B75, 0x6B75, 0x6B75, 0x6B75,
  0x6B75, 0x6B75, 0x6B75, 0x6B75, 0x6B75, 0x6B75, 0x6B75, 0x6B75, 0x6B75, 0x6B75, 0x6B75, 0x6B75,
  0x6B75, 0x6B75, 0x6B75, 0x6B75, 0x6B75, 0x6B75, 0x6B75, 0x6B75, 0x6B75, 0x4A4A, 0x212A, 0x212A,
  0x2120, 0x212A, 0x212A, 0x212A, 0x6B75, 0x4A4A, 0x212A, 0x212A, 0x212A, 0x6B75, 0x6B75, 0x6B75,
  0x6B75, 0x6B75, 0x6B75, 0x6B75, 0x6B75, 0x6B75, 0x6B75, 0x6B75, 0x6B75, 0x6B75, 0x6B75, 0x6B75,
  0x6B75, 0x6B75, 0x6B75, 0x6B75, 0x4A4A, 0x6A4A, 0x6B75, 0x6B75, 0x6B75, 0x6B75, 0x6B75, 0x6B75,
  0x6B75, 0x6B75, 0x6B75, 0x6B75, 0x6B75, 0x6B75, 0x6B75, 0x6B75, 0x212A, 0x212A, 0x212A, 0x212A,
  0x212A, 0x212A, 0x212A, 0xFFFF, 0xFFFF, 0xFFFF, 0xFFFF, 0xFFFF, 0xFFFF, 0xFFFF, 0x212A, 0x0000,
  0x212A, 0x212A, 0x212A, 0x212A, 0x212A, 0x212A, 0x212A, 0x212A, 0x212A, 0x212A, 0x212A, 0x212A,
  0x212A, 0x212A, 0x212A, 0x212A, 0x212A, 0x212A, 0x212A, 0x212A, 0x212A, 0x212A, 0x2000, 0x6B6A,
  0xFFFF, 0xFFFF, 0xFFFF, 0xFFFF, 0xFFFF, 0xFFFF, 0xFFFF, 0xFFFF, 0xFFFF, 0xFFFF, 0xFFFF, 0xFFFF,
  0xFFFF, 0xFFFF, 0xFFFF, 0xFFFF, 0xFFFF, 0xFFFF, 0xFFFF, 0xFFFF, 0xFFFF, 0xFFFF, 0xFFFF, 0xFFFF,
  0xFFFF, 0xFFFF, 0xFFFF, 0xFFFF, 0xFFFF, 0xFFFF, 0xFFFF, 0xFFFF, 0xFFFF, 0xFFFF, 0xFFFF, 0xFFFF,
  0xFFFF, 0xFFFF, 0xFFFF, 0x9495, 0x200A, 0x212A, 0x212A, 0x212A, 0x212A, 0xDEDF, 0xFFFF, 0xFFFF,
  0x212A, 0x212A, 0x212A, 0x212A, 0x212A, 0x212A, 0x212A, 0x2000, 0xDEDF, 0xFFFF, 0xFFFF, 0xFFFF,
  0xFFFF, 0xFFFF, 0xFFFF, 0xFFFF, 0xFFFF, 0xFFFF, 0xFFFF, 0xFFFF, 0xFFFF, 0xFFFF, 0xFFFF, 0xFFFF,
  0xFFFF, 0xFFFF, 0xFFFF, 0xFFFF, 0xFFFF, 0xFFFF, 0xFFFF, 0xFFFF, 0xFFFF, 0xFFFF, 0xFFFF, 0xFFFF,
  0xFFFF, 0xFFFF, 0xFFFF, 0x212A, 0x212A, 0x212A, 0x212A, 0x212A, 0x212A, 0x212A, 0x212A, 0xDEDF,
  0xDEDF, 0x212A, 0x212A, 0x212A, 0x212A, 0x6B75, 0x6B75, 0x6B75, 0x6B75, 0x6B75, 0x6B75, 0x6B75,
  0x6B75, 0x6B75, 0x6B75, 0x6B75, 0x6B75, 0x6B75, 0x6B75, 0x6B75, 0x6B75, 0x6B75, 0x6B75, 0x6B75,
  0x6B75, 0x6B75, 0x6B75, 0x6B75, 0x6B75, 0x6B75, 0x6B75, 0x6B75, 0x6B75, 0x6B75, 0x6B75, 0x6B75,
  0x6B75, 0x6B75, 0x6B75, 0x6B75, 0x6B75, 0x6B75, 0x6B75, 0x6B75, 0x6B75, 0x6B75, 0x6B75, 0x6B75,
  0x6B75, 0x6B75, 0x6B75, 0x6B75, 0x6B75, 0x6B75, 0x6B75, 0x6B75, 0x6B75, 0x4A4A, 0x212A, 0x212A,
  0x212A, 0x212A, 0x212A, 0x212A, 0x6B75, 0x4A4A, 0x212A, 0x212A, 0x212A, 0x6B75, 0x6B75, 0x6B75,
  0x6B75, 0x6B75, 0x6B75, 0x6B75, 0x6B75, 0x6B75, 0x6B75, 0x6B75, 0x6B75, 0x6B75, 0x6B75, 0x6B75,
  0x6B75, 0x6B75, 0x6B75, 0x6B75, 0x6B75, 0x6B75, 0x6B75, 0x6B75, 0x6B75, 0x6B75, 0x6B75, 0x6B75,
  0x6B75, 0x6B75, 0x6B75, 0x6B75, 0x6B75, 0x6B75, 0x6B75, 0x6B75, 0x6B75, 0x212A, 0x212A, 0x212A,
  0x212A, 0x212A, 0x212A, 0x212A, 0xDEDF, 0xFFFF, 0xFFFF, 0xFFFF, 0xFFFF, 0xFFFF, 0xFFFF, 0xFFFF,
  0xFFFF, 0xB5B5, 0x6B75, 0x212A, 0x212A, 0x212A, 0x212A, 0x212A, 0x212A, 0x212A, 0x212A, 0x212A,
  0x212A, 0x212A, 0x212A, 0x212A, 0x212A, 0x212A, 0x212A, 0x0000, 0x4A4A, 0xFFFF, 0xFFFF, 0xFFFF,
  0xFFFF, 0xFFFF, 0xFFFF, 0xFFFF, 0xFFFF, 0xFFFF, 0xFFFF, 0xFFFF, 0xFFFF, 0xFFFF, 0xFFFF, 0xFFFF,
  0xFFFF, 0xFFFF, 0xFFFF, 0xFFFF, 0xFFFF, 0xFFFF, 0xFFFF, 0xFFFF, 0xFFFF, 0xFFFF, 0xFFFF, 0xFFFF,
  0x9495, 0x212A, 0x212A, 0x95B5, 0xFFFF, 0xFFFF, 0xFFFF, 0xFFFF, 0xFFFF, 0xFFFF, 0xFFFF, 0xFFFF,
  0xFFFF, 0x0000, 0x212A, 0x212A, 0x2000, 0x6B75, 0x9495, 0x4A4A, 0x200A, 0x212A, 0x0000, 0xFFFF,
  0x212A, 0x212A, 0x212A, 0x212A, 0x212A, 0x212A, 0x212A, 0x212A, 0x212A, 0x000A, 0x212A, 0x9495,
  0xFFFF, 0xFFFF, 0xFFFF, 0xFFFF, 0xFFFF, 0xFFFF, 0xFFFF, 0xFFFF, 0xFFFF, 0xFFFF, 0xFFFF, 0xFFFF,
  0xFFFF, 0xFFFF, 0xFFFF, 0xFFFF, 0xFFFF, 0xFFFF, 0xFFFF, 0xFFFF, 0xFFFF, 0xFFFF, 0xFFFF, 0xFFFF,
  0xFFFF, 0xFFFF, 0x0000, 0x212A, 0x212A, 0x212A, 0x212A, 0x212A, 0x212A, 0x212A, 0x212A, 0xFFFF,
  0x212A, 0x212A, 0x212A, 0x212A, 0x212A, 0x6B75, 0x6B75, 0x6B75, 0x6B75, 0x6B75, 0x6B75, 0x6B75,
  0x6B75, 0x6B75, 0x6B75, 0x6B75, 0x6B75, 0x6B75, 0x6B75, 0x6B75, 0x6B75, 0x6B75, 0x6B75, 0x6B75,
  0x6B75, 0x6B75, 0x6B75, 0x6B75, 0x6B75, 0x6B75, 0x6B75, 0x6B75, 0x6B75, 0x6B75, 0x6B75, 0x6B75,
  0x6B75, 0x6B75, 0x6B75, 0x6B75, 0x6B75, 0x6B75, 0x6B75, 0x6B75, 0x6B75, 0x6B75, 0x6B75, 0x6B75,
  0x6B75, 0x6B75, 0x6B75, 0x6B75, 0x6B75, 0x6B75, 0x6B75, 0x6B75, 0x6B75, 0x212A, 0x212A, 0x212A,
  0x212A, 0x212A, 0x212A, 0x212A, 0x6B75, 0x6B75, 0x212A, 0x212A, 0x212A, 0x4A55, 0x6B75, 0x6B75,
  0x6B75, 0x6B75, 0x6B75, 0x6B75, 0x6B75, 0x6B75, 0x6B75, 0x6B75, 0x6B75, 0x6B75, 0x6B75, 0x6B75,
  0x6B75, 0x6B75, 0x6B75, 0x6B75, 0x6B75, 0x6B75, 0x6B75, 0x6B75, 0x6B75, 0x6B75, 0x6B75, 0x6B75,
  0x6B75, 0x6B75, 0x6B75, 0x6B75, 0x6B75, 0x6B75, 0x6B75, 0x6B75, 0x6B75, 0x4A4A, 0x212A, 0x212A,
  0x212A, 0x212A, 0x212A, 0x212A, 0x4A4A, 0xFFFF, 0xFFFF, 0xFFFF, 0xFFFF, 0xFFFF, 0xFFFF, 0xFFFF,
  0xFFFF, 0xFFFF, 0xFFFF, 0xFFFF, 0xB5BF, 0x4A4A, 0x212A, 0x2000, 0x212A, 0x212A, 0x212A, 0x212A,
  0x212A, 0x212A, 0x200A, 0x200A, 0x212A, 0x4A4A, 0xB5B5, 0xFFFF, 0xFFFF, 0xFFFF, 0xFFFF, 0xFFFF,
  0xFFFF, 0xFFFF, 0xFFFF, 0xFFFF, 0xFFFF, 0xFFFF, 0xFFFF, 0xFFFF, 0xFFFF, 0xFFFF, 0xFFFF, 0xFFFF,
  0xFFFF, 0xFFFF, 0xFFFF, 0xFFFF, 0xFFFF, 0xFFFF, 0xFFFF, 0xFFFF, 0xFFFF, 0xFFFF, 0xFFFF, 0x9495,
  0x212A, 0x212A, 0x212A, 0x212A, 0x0000, 0xFFFF, 0xFFFF, 0xFFFF, 0xFFFF, 0xFFFF, 0xFFFF, 0xFFFF,
  0x4A4A, 0x212A, 0x200A, 0x492A, 0xFFFF, 0xFEDF, 0xFEDF, 0xFEDF, 0xFEDF, 0x4A4A, 0x212A, 0x212A,
  0xFFFF, 0x6B75, 0x212A, 0x212A, 0x212A, 0x212A, 0x212A, 0x212A, 0x212A, 0x212A, 0x212A, 0x212A,
  0x2000, 0x212A, 0xB5BF, 0xDEDF, 0xFFFF, 0xFFFF, 0xFFFF, 0xFFFF, 0xFFFF, 0xFFFF, 0xFFFF, 0xFFFF,
  0xFFFF, 0xFFFF, 0xFFFF, 0xFFFF, 0xFFFF, 0xFFFF, 0xFFFF, 0xFFFF, 0xFFFF, 0xFFFF, 0xFFFF, 0xFFFF,
  0x6B75, 0x200A, 0x212A, 0x212A, 0x212A, 0x212A, 0x212A, 0x212A, 0x212A, 0x212A, 0x2120, 0xFFFF,
  0x2000, 0x212A, 0x212A, 0x212A, 0x212A, 0x6B75, 0x6B75, 0x6B75, 0x6B75, 0x6B75, 0x6B75, 0x6B75,
  0x6B75, 0x6B75, 0x6B75, 0x6B75, 0x6B75, 0x6B75, 0x6B75, 0x6B75, 0x6B75, 0x6B75, 0x6B75, 0x6B75,
  0x6B75, 0x6B75, 0x6B75, 0x6B75, 0x6B75, 0x6B75, 0x6B75, 0x6B75, 0x6B75, 0x6B75, 0x6B75, 0x6B75,
  0x6B75, 0x6B75, 0x6B75, 0x6B75, 0x6B75, 0x6B75, 0x6B75, 0x6B75, 0x6B75, 0x6B75, 0x6B75, 0x6B75,
  0x6B75, 0x6B75, 0x6B75, 0x6B75, 0x6B75, 0x6B75, 0x6B75, 0x6B75, 0x6B75, 0x4A4A, 0x212A, 0x212A,
  0x212A, 0x212A, 0x212A, 0x212A, 0x6B75, 0x6B75, 0x212A, 0x212A, 0x212A, 0x212A, 0x6B75, 0x6B75,
  0x6B75, 0x6B75, 0x6B75, 0x6B75, 0x6B75, 0x6B75, 0x6B75, 0x6B75, 0x6B75, 0x6B75, 0x6B75, 0x6B75,
  0x6B75, 0x6B75, 0x6B75, 0x6B75, 0x6B75, 0x6B75, 0x6B75, 0x6B75, 0x6B75, 0x6B75, 0x6B75, 0x6B75,
  0x6B75, 0x6B75, 0x6B75, 0x6B75, 0x6B75, 0x6B75, 0x6B75, 0x6B75, 0x6B75, 0x6B75, 0x6B75, 0x212A,
  0x212A, 0x212A, 0x212A, 0x212A, 0x212A, 0x212A, 0x4A4A, 0xFFFF, 0xFFFF, 0xFFFF, 0xFFFF, 0xFFFF,
  0xFFFF, 0xFFFF, 0xFFFF, 0xFFFF, 0xFFFF, 0xFFFF, 0xFFFF, 0xFFFF, 0xFFFF, 0xFFFF, 0xFFFF, 0xFFFF,
  0xFFFF, 0xFFFF, 0xFFFF, 0xFFFF, 0xFFFF, 0xFFFF, 0xFFFF, 0xFFFF, 0xFFFF, 0xFFFF, 0xFFFF, 0xFFFF,
  0xFFFF, 0xFFFF, 0xFFFF, 0xFFFF, 0xFFFF, 0xFFFF, 0xFFFF, 0xFFFF, 0xFFFF, 0xFFFF, 0xFFFF, 0xFFFF,
  0xFFFF, 0xFFFF, 0x212A, 0x2000, 0x212A, 0x2000, 0xFFFF, 0xFFFF, 0xFFFF, 0xFFFF, 0xB5B5, 0x212A,
  0x2000, 0x6B6A, 0x6B75, 0x2000, 0x212A, 0x0000, 0xDEDF, 0xFFFF, 0xFFFF, 0xFFFF, 0xFFFF, 0x2120,
  0x212A, 0x2120, 0xFFFF, 0xFEDF, 0xFEDF, 0xFEDF, 0xFEDF, 0xFEDF, 0xFEDF, 0xFEDF, 0x212A, 0x212A,
  0x212A, 0xFFFF, 0xFFFF, 0x0000, 0x212A, 0x212A, 0x212A, 0x212A, 0x212A, 0x212A, 0x212A, 0x212A,
  0x212A, 0x212A, 0x212A, 0x212A, 0x212A, 0x212A, 0x212A, 0x212A, 0x4A4A, 0x9495, 0xFFFF, 0xDEDF,
  0xFFFF, 0xFFFF, 0xFFFF, 0xFFFF, 0xFFFF, 0xFFFF, 0xFFFF, 0xFFFF, 0xFEDF, 0x212A, 0x2120, 0x212A,
  0x212A, 0x212A, 0x212A, 0x212A, 0x212A, 0x212A, 0x212A, 0x212A, 0x212A, 0xDEDF, 0xFFFF, 0x6B6A,
  0x200A, 0x212A, 0x212A, 0x212A, 0x6B75, 0x6B75, 0x6B75, 0x6B75, 0x6B75, 0x6B75, 0x6B75, 0x6B75,
  0x6B75, 0x6B75, 0x6B75, 0x6B75, 0x6B75, 0x6B75, 0x6B75, 0x6B75, 0x6B75, 0x6B75, 0x6B75, 0x6B75,
  0x6B75, 0x6B75, 0x6B75, 0x6B75, 0x6B75, 0x6B75, 0x6B75, 0x6B75, 0x6B75, 0x6B75, 0x6B75, 0x6B75,
  0x6B75, 0x6B75, 0x6B75, 0x6B75, 0x6B75, 0x6B75, 0x6B75, 0x6B75, 0x6B75, 0x6B75, 0x6B75, 0x6B75,
  0x6B75, 0x6B75, 0x6B75, 0x6B75, 0x6B75, 0x6B75, 0x6B75, 0x6B75, 0x6B75, 0x6B75, 0x212A, 0x212A,
  0x2120, 0x212A, 0x212A, 0x212A, 0x6B75, 0x6B75, 0x212A, 0x212A, 0x212A, 0x212A, 0x6B75, 0x6B75,
  0x6B75, 0x6B75, 0x6B75, 0x6B75, 0x6B75, 0x6B75, 0x6B75, 0x6B75, 0x6B75, 0x6B75, 0x6B75, 0x6B75,
  0x6B75, 0x6B75, 0x6B75, 0x6B75, 0x6B75, 0x6B75, 0x6B75, 0x6B75, 0x6B75, 0x6B75, 0x6B75, 0x6B75,
  0x6B75, 0x6B75, 0x6B75, 0x6B75, 0x6B75, 0x6B75, 0x6B75, 0x6B75, 0x6B75, 0x6B75, 0x6B6A, 0x212A,
  0x212A, 0x212A, 0x212A, 0x212A, 0x212A, 0x212A, 0x212A, 0x6B75, 0xFFFF, 0xFFFF, 0xFFFF, 0xFFFF,
  0xFFFF, 0xFFFF, 0xFFFF, 0xFFFF, 0xFFFF, 0xFFFF, 0xFFFF, 0xFFFF, 0xFFFF, 0xFFFF, 0xFFFF, 0xFFFF,
  0xFFFF, 0xFFFF, 0xFFFF, 0xFFFF, 0xFFFF, 0xFFFF, 0xFFFF, 0xFFFF, 0xFFFF, 0xFFFF, 0xFFFF, 0xFFFF,
  0xFFFF, 0xFFFF, 0xFFFF, 0xFFFF, 0xFFFF, 0xFFFF, 0xFFFF, 0xFFFF, 0xFFFF, 0xFFFF, 0xFFFF, 0xFFFF,
  0xFFFF, 0x4A4A, 0x212A, 0x212A, 0x212A, 0x212A, 0x0000, 0xFFFF, 0xFFFF, 0xFFFF, 0x2120, 0x212A,
  0x6B6A, 0xFEDF, 0xFEDF, 0xFEDF, 0x4A4A, 0x200A, 0x212A, 0xDFFF, 0xFFFF, 0xFFFF, 0x9375, 0x212A,
  0x2000, 0xFEDF, 0xFEDF, 0xFEDF, 0xFEDF, 0xFEDF, 0xFEDF, 0xFEDF, 0xFEDF, 0xFEDF, 0xFEDF, 0x2120,
  0x212A, 0x6B6A, 0xFFFF, 0xDEDF, 0x2120, 0x212A, 0x212A, 0x212A, 0x212A, 0x212A, 0x212A, 0x212A,
  0x212A, 0x212A, 0x212A, 0x212A, 0x212A, 0x212A, 0x212A, 0x212A, 0x212A, 0x212A, 0x212A, 0x200A,
  0x212A, 0x200A, 0x200A, 0x212A, 0x212A, 0x000A, 0x000A, 0x200A, 0x212A, 0x212A, 0x212A, 0x212A,
  0x212A, 0x212A, 0x212A, 0x212A, 0x212A, 0x212A, 0x212A, 0x212A, 0x212A, 0xFFFF, 0xFFFF, 0x200A,
  0x212A, 0x212A, 0x212A, 0x212A, 0x6B75, 0x6B75, 0x6B75, 0x6B75, 0x6B75, 0x6B75, 0x6B75, 0x6B75,
  0x6B75, 0x6B75, 0x6B75, 0x6B75, 0x6B75, 0x6B75, 0x6B75, 0x6B75, 0x6B75, 0x6B75, 0x6B75, 0x6B75,
  0x6B75, 0x6B75, 0x6B75, 0x6B75, 0x6B75, 0x6B75, 0x6B75, 0x6B75, 0x6B75, 0x6B75, 0x6B75, 0x6B75,
  0x6B75, 0x6B75, 0x6B75, 0x6B75, 0x6B75, 0x6B75, 0x6B75, 0x6B75, 0x6B75, 0x6B75, 0x6B75, 0x6B75,
  0x6B75, 0x6B75, 0x6B75, 0x6B75, 0x6B75, 0x6B75, 0x6B75, 0x6B75, 0x6B75, 0x6B75, 0x212A, 0x212A,
  0x212A, 0x212A, 0x212A, 0x212A, 0x6B75, 0x6B75, 0x212A, 0x212A, 0x212A, 0x212A, 0x4A4A, 0x6B75,
  0x6B75, 0x6B75, 0x6B75, 0x6B75, 0x6B75, 0x6B75, 0x6B75, 0x6B75, 0x6B75, 0x6B75, 0x6B75, 0x6B75,
  0x6B75, 0x6B75, 0x6B75, 0x6B75, 0x6B75, 0x6B75, 0x6B75, 0x6B75, 0x6B75, 0x6B75, 0x6B75, 0x6B75,
  0x6B75, 0x6B75, 0x6B75, 0x6B75, 0x6B75, 0x6B75, 0x6B75, 0x6B75, 0x6B75, 0x6B75, 0x212A, 0x212A,
  0x212A, 0x212A, 0x212A, 0x212A, 0x212A, 0x212A, 0x212A, 0x212A, 0x492A, 0x6A4A, 0xFFFF, 0xFFFF,
  0xFFFF, 0xFFFF, 0xFFFF, 0xFFFF, 0xFFFF, 0xFFFF, 0xFFFF, 0xFFFF, 0xFFFF, 0xFFFF, 0xFFFF, 0xFFFF,
  0xFFFF, 0xFFFF, 0xFFFF, 0xFFFF, 0xFFFF, 0xFFFF, 0xFFFF, 0xFFFF, 0xFFFF, 0xFFFF, 0xFFFF, 0xFFFF,
  0xFFFF, 0xFFFF, 0xFFFF, 0xFFFF, 0xFFFF, 0xFFFF, 0xFFFF, 0xFFFF, 0xFFFF, 0xFFFF, 0xFFFF, 0xFFFF,
  0xFFFF, 0x2120, 0x212A, 0x4A4A, 0x212A, 0x212A, 0x200A, 0x212A, 0xFFFF, 0xFFFF, 0x212A, 0x200A,
  0xDEDF, 0xFEDF, 0xFEDF, 0xFEDF, 0xFEDF, 0x212A, 0x212A, 0x6B75, 0xFFFF, 0xFFFF, 0x212A, 0x212A,
  0x4A4A, 0xFEDF, 0xFEDF, 0xFEDF, 0xFEDF, 0xFEDF, 0xFEDF, 0xFEDF, 0xFEDF, 0xFEDF, 0xFEDF, 0xDDBF,
  0x212A, 0x212A, 0xFFFF, 0xFFFF, 0xFFFF, 0x9495, 0x212A, 0x212A, 0x212A, 0x212A, 0x212A, 0x212A,
  0x212A, 0x212A, 0x212A, 0x212A, 0x212A, 0x212A, 0x212A, 0x212A, 0x212A, 0x212A, 0x212A, 0x212A,
  0x212A, 0x212A, 0x212A, 0x212A, 0x212A, 0x212A, 0x212A, 0x212A, 0x212A, 0x212A, 0x212A, 0x212A,
  0x212A, 0x212A, 0x212A, 0x212A, 0x212A, 0x212A, 0x212A, 0x0000, 0xFFFF, 0xFFFF, 0xB5BF, 0x212A,
  0x212A, 0x212A, 0x212A, 0x212A, 0x6B75, 0x6B75, 0x6B75, 0x6B75, 0x6B75, 0x6B75, 0x6B75, 0x6B75,
  0x6B75, 0x6B75, 0x6B75, 0x6B75, 0x6B75, 0x6B75, 0x6B75, 0x6B75, 0x6B75, 0x6B75, 0x6B75, 0x6B75,
  0x6B75, 0x6B75, 0x6B75, 0x6B75, 0x6B75, 0x6B75, 0x6B75, 0x6B75, 0x6B75, 0x6B75, 0x6B75, 0x6B75,
  0x6B75, 0x6B75, 0x6B75, 0x6B75, 0x6B75, 0x6B75, 0x6B75, 0x6B75, 0x6B75, 0x6B75, 0x6B75, 0x6B75,
  0x6B75, 0x6B75, 0x6B75, 0x6B75, 0x6B75, 0x6B75, 0x6B75, 0x6B75, 0x6B75, 0x6B75, 0x212A, 0x212A,
  0x212A, 0x212A, 0x212A, 0x212A, 0x6B75, 0x6B75, 0x4A4A, 0x212A, 0x212A, 0x212A, 0x212A, 0x6B75,
  0x6B75, 0x6B75, 0x6B75, 0x6B75, 0x6B75, 0x6B75, 0x6B75, 0x6B75, 0x6B75, 0x6B75, 0x6B75, 0x6B75,
  0x6B75, 0x6B75, 0x6B75, 0x6B75, 0x6B75, 0x6B75, 0x6B75, 0x6B75, 0x6B75, 0x6B75, 0x6B75, 0x6B75,
  0x6B75, 0x6B75, 0x6B75, 0x6B75, 0x6B75, 0x6B75, 0x6B75, 0x6B75, 0x6B75, 0x6B75, 0x2120, 0x212A,
  0x212A, 0x6B75, 0x212A, 0x212A, 0x212A, 0x212A, 0x212A, 0x212A, 0x212A, 0x212A, 0x212A, 0x212A,
  0x6B6A, 0xFFFF, 0xFFFF, 0xFFFF, 0xFFFF, 0xFFFF, 0xFFFF, 0xFFFF, 0xFFFF, 0xFFFF, 0xFFFF, 0xFFFF,
  0xFFFF, 0xFFFF, 0xFFFF, 0xFFFF, 0xFFFF, 0xFFFF, 0xFFFF, 0xFFFF, 0xFFFF, 0xFFFF, 0xFFFF, 0xFFFF,
  0xFFFF, 0xFFFF, 0xFFFF, 0xFFFF, 0xFFFF, 0xFFFF, 0xFFFF, 0xFFFF, 0xFFFF, 0xFFFF, 0xFFFF, 0xFFFF,
  0xFFFF, 0x212A, 0x200A, 0xFFFF, 0xFFFF, 0xFEDF, 0x2000, 0x212A, 0x212A, 0x9495, 0x212A, 0x212A,
  0xFEDF, 0xFEDF, 0xFEDF, 0xFEDF, 0xFEDF, 0x9495, 0x212A, 0x212A, 0xB5BF, 0x212A, 0x212A, 0xDDBF,
  0xFEDF, 0xFEDF, 0xFEDF, 0xFEDF, 0xFEDF, 0xFEDF, 0xFEDF, 0xFEDF, 0xFEDF, 0xFEDF, 0xFEDF, 0xFEDF,
  0x9375, 0x212A, 0x212A, 0xFFFF, 0xFFFF, 0xFFFF, 0xFFFF, 0xB5BF, 0x212A, 0x212A, 0x212A, 0x212A,
  0x212A, 0x212A, 0x212A, 0x212A, 0x212A, 0x212A, 0x212A, 0x212A, 0x212A, 0x212A, 0x212A, 0x212A,
  0x212A, 0x212A, 0x212A, 0x212A, 0x212A, 0x212A, 0x212A, 0x212A, 0x212A, 0x212A, 0x212A, 0x212A,
  0x212A, 0x212A, 0x212A, 0x212A, 0x212A, 0x2120, 0xFFFF, 0xFFFF, 0xFFFF, 0xDEDF, 0x0000, 0x212A,
  0x212A, 0x212A, 0x212A, 0x212A, 0x6B75, 0x6B75, 0x6B75, 0x6B75, 0x6B75, 0x6B75, 0x6B75, 0x6B75,
  0x6B75, 0x6B75, 0x6B75, 0x6B75, 0x6B75, 0x6B75, 0x6B75, 0x6B75, 0x6B75, 0x6B75, 0x6B75, 0x6B75,
  0x6B75, 0x6B75, 0x6B75, 0x6B75, 0x6B75, 0x6B75, 0x6B75, 0x6B75, 0x6B75, 0x6B75, 0x6B75, 0x6B75,
  0x6B75, 0x6B75, 0x6B75, 0x6B75, 0x6B75, 0x6B75, 0x6B75, 0x6B75, 0x6B75, 0x6B75, 0x6B75, 0x6B75,
  0x6B75, 0x6B75, 0x6B75, 0x6B75, 0x6B75, 0x6B75, 0x6B75, 0x6B75, 0x6B75, 0x6B75, 0x212A, 0x212A,
  0x212A, 0x212A, 0x212A, 0x212A, 0x6B75, 0x6B75, 0x6B75, 0x212A, 0x212A, 0x212A, 0x212A, 0x6B75,
  0x6B75, 0x6B75, 0x6B75, 0x6B75, 0x6B75, 0x6B75, 0x6B75, 0x6B75, 0x6B75, 0x6B75, 0x6B75, 0x6B75,
  0x6B75, 0x6B75, 0x6B75, 0x6B75, 0x6B75, 0x6B75, 0x6B75, 0x6B75, 0x6B75, 0x6B75, 0x6B75, 0x6B75,
  0x6B75, 0x6B75, 0x6B75, 0x6B75, 0x6B75, 0x6B75, 0x6B75, 0x6B75, 0x6B75, 0x6B75, 0x212A, 0x212A,
  0x212A, 0x4A4A, 0x6B75, 0x212A, 0x212A, 0x212A, 0x212A, 0x212A, 0x212A, 0x212A, 0x212A, 0x212A,
  0x212A, 0x2000, 0x4A4A, 0xFFFF, 0xFFFF, 0xFFFF, 0xFFFF, 0xFFFF, 0xFFFF, 0xFFFF, 0xFFFF, 0xFFFF,
  0xFFFF, 0xFFFF, 0xFFFF, 0xFFFF, 0xFFFF, 0xFFFF, 0xFFFF, 0xFFFF, 0xFFFF, 0xFFFF, 0xFFFF, 0xFFFF,
  0xFFFF, 0xFFFF, 0xFFFF, 0xFFFF, 0xFFFF, 0xFFFF, 0xFFFF, 0xFFFF, 0xFFFF, 0xFFFF, 0xFFFF, 0xFFFF,
  0xDEDF, 0x212A, 0x212A, 0xFEDF, 0xFEDF, 0xFEDF, 0xFEDF, 0x212A, 0x212A, 0x212A, 0x212A, 0x212A,
  0xFEDF, 0xFEDF, 0xFEDF, 0xFEDF, 0xFEDF, 0xFEDF, 0x6A4A, 0x212A, 0x212A, 0x212A, 0x212A, 0xFEDF,
  0xFEDF, 0xFEDF, 0xFEDF, 0xFEDF, 0xFEDF, 0xFEDF, 0xFEDF, 0xFEDF, 0xFEDF, 0xFEDF, 0xFEDF, 0xFEDF,
  0xDEDF, 0x2000, 0x212A, 0x9495, 0xFFFF, 0xFFFF, 0xFFFF, 0xFFFF, 0xFFFF, 0x212A, 0x2120, 0x212A,
  0x212A, 0x212A, 0x212A, 0x212A, 0x212A, 0x212A, 0x212A, 0x212A, 0x212A, 0x212A, 0x212A, 0x212A,
  0x212A, 0x212A, 0x212A, 0x212A, 0x212A, 0x212A, 0x212A, 0x212A, 0x212A, 0x212A, 0x212A, 0x212A,
  0x212A, 0x212A, 0x212A, 0x2000, 0xB495, 0xFEDF, 0xFFFF, 0xFFFF, 0xFFFF, 0x9495, 0x212A, 0x212A,
  0x212A, 0x212A, 0x212A, 0x6B75, 0x6B75, 0x6B75, 0x6B75, 0x6B75, 0x6B75, 0x6B75, 0x6B75, 0x6B75,
  0x6B75, 0x6B75, 0x6B75, 0x6B75, 0x6B75, 0x6B75, 0x6B75, 0x6B75, 0x6B75, 0x6B75, 0x6B75, 0x6B75,
  0x6B75, 0x6B75, 0x6B75, 0x6B75, 0x6B75, 0x6B75, 0x6B75, 0x6B75, 0x6B75, 0x6B75, 0x6B75, 0x6B75,
  0x6B75, 0x6B75, 0x6B75, 0x6B75, 0x6B75, 0x6B75, 0x6B75, 0x6B75, 0x6B75, 0x6B75, 0x6B75, 0x6B75,
  0x6B75, 0x6B75, 0x6B75, 0x6B75, 0x6B75, 0x6B75, 0x6B75, 0x6B75, 0x6B75, 0x6B75, 0x212A, 0x212A,
  0x2120, 0x212A, 0x212A, 0x212A, 0x6B75, 0x6B75, 0x6B75, 0x4A4A, 0x212A, 0x212A, 0x212A, 0x212A,
  0x6B75, 0x6B75, 0x6B75, 0x6B75, 0x6B75, 0x6B75, 0x6B75, 0x6B75, 0x6B75, 0x6B75, 0x6B75, 0x6B75,
  0x6B75, 0x6B75, 0x6B75, 0x6B75, 0x6B75, 0x6B75, 0x6B75, 0x6B75, 0x6B75, 0x6B75, 0x6B75, 0x6B75,
  0x6B75, 0x6B75, 0x6B75, 0x6B75, 0x6B75, 0x6B75, 0x6B75, 0x6B75, 0x6B75, 0x6B75, 0x4A4A, 0x212A,
  0x212A, 0x212A, 0x6B75, 0x6B75, 0x212A, 0x212A, 0x212A, 0x212A, 0x212A, 0x212A, 0x212A, 0x212A,
  0x212A, 0x212A, 0x212A, 0x2000, 0x9495, 0xFFFF, 0xFFFF, 0xFFFF, 0xFFFF, 0xFFFF, 0xFFFF, 0xFFFF,
  0xFFFF, 0xFFFF, 0xFFFF, 0xFFFF, 0xFFFF, 0xFFFF, 0xFFFF, 0xFFFF, 0xFFFF, 0xFFFF, 0xFFFF, 0xFFFF,
  0xFFFF, 0xFFFF, 0xFFFF, 0xFFFF, 0xFFFF, 0xFFFF, 0xFFFF, 0xFFFF, 0xFFFF, 0xFFFF, 0xFFFF, 0xFFFF,
  0xB5B5, 0x212A, 0x212A, 0xFEDF, 0xFEDF, 0xFEDF, 0xFEDF, 0xFEDF, 0x212A, 0x212A, 0x212A, 0x2120,
  0xFEDF, 0xFEDF, 0xFEDF, 0xFEDF, 0xFEDF, 0xFEDF, 0xFEDF, 0x2120, 0x212A, 0x212A, 0x2000, 0xFEDF,
  0xFEDF, 0xFEDF, 0xFEDF, 0xFEDF, 0xFEDF, 0xFEDF, 0xFEDF, 0xFEDF, 0xFEDF, 0xFEDF, 0xFEDF, 0xFEDF,
  0xFEDF, 0x9375, 0x200A, 0x200A, 0xFFFF, 0xFFFF, 0xFFFF, 0xFFFF, 0xFFFF, 0xFFFF, 0xFFFF, 0x4A4A,
  0x2120, 0x212A, 0x212A, 0x212A, 0x212A, 0x212A, 0x212A, 0x212A, 0x212A, 0x212A, 0x212A, 0x212A,
  0x212A, 0x212A, 0x212A, 0x212A, 0x212A, 0x212A, 0x212A, 0x212A, 0x212A, 0x212A, 0x212A, 0x200A,
  0x2000, 0x2120, 0x212A, 0xFFFF, 0xFFFF, 0xFFFF, 0xFFFF, 0xFFFF, 0xFFFF, 0x0000, 0x212A, 0x212A,
  0x212A, 0x212A, 0x6B75, 0x6B75, 0x6B75, 0x6B75, 0x6B75, 0x6B75, 0x6B75, 0x6B75, 0x6B75, 0x6B75,
  0x6B75, 0x6B75, 0x6B75, 0x6B75, 0x6B75, 0x6B75, 0x6B75, 0x6B75, 0x6B75, 0x6B75, 0x6B75, 0x6B75,
  0x6B75, 0x6B75, 0x6B75, 0x6B75, 0x6B75, 0x6B75, 0x6B75, 0x6B75, 0x6B75, 0x6B75, 0x6B75, 0x6B75,
  0x6B75, 0x6B75, 0x6B75, 0x6B75, 0x6B75, 0x6B75, 0x6B75, 0x6B75, 0x6B75, 0x6B75, 0x6B75, 0x6B75,
  0x6B75, 0x6B75, 0x6B75, 0x6B75, 0x6B75, 0x6B75, 0x6B75, 0x6B75, 0x6B75, 0x6B75, 0x212A, 0x212A,
  0x6B75, 0x212A, 0x212A, 0x212A, 0x6B75, 0x6B75, 0x6B75, 0x4A4A, 0x212A, 0x212A, 0x212A, 0x212A,
  0x4A4A, 0x6B75, 0x6B75, 0x6B75, 0x6B75, 0x6B75, 0x6B75, 0x6B75, 0x6B75, 0x6B75, 0x6B75, 0x6B75,
  0x6B75, 0x6B75, 0x6B75, 0x6B75, 0x6B75, 0x6B75, 0x6B75, 0x6B75, 0x6B75, 0x6B75, 0x6B75, 0x6B75,
  0x6B75, 0x6B75, 0x6B75, 0x6B75, 0x6B75, 0x6B75, 0x6B75, 0x6B75, 0x6B75, 0x6B75, 0x6B75, 0x212A,
  0x212A, 0x212A, 0x4A4A, 0x6B75, 0x6B75, 0x6B75, 0x212A, 0x212A, 0x212A, 0x212A, 0x212A, 0x212A,
  0x212A, 0x212A, 0x212A, 0x212A, 0x2000, 0xFFFF, 0xFFFF, 0xDEDF, 0x2000, 0x6B6A, 0xFFFF, 0xFFFF,
  0xFFFF, 0xFFFF, 0xFFFF, 0xFFFF, 0xFFFF, 0xFFFF, 0xFFFF, 0xFFFF, 0xFFFF, 0xFFFF, 0xFFFF, 0xFFFF,
  0xFFFF, 0xFFFF, 0xFFFF, 0xFFFF, 0xFFFF, 0xFFFF, 0xFFFF, 0xFFFF, 0xFFFF, 0xFFFF, 0xFFFF, 0xFFFF,
  0xB5B5, 0x212A, 0x212A, 0xFEDF, 0xFEDF, 0xFEDF, 0xFEDF, 0xFEDF, 0xFEDF, 0x6A4A, 0x2000, 0x9375,
  0xFEDF, 0xFEDF, 0xFEDF, 0xFEDF, 0xFEDF, 0xFEDF, 0xFEDF, 0xFEDF, 0x2120, 0x6A4A, 0xFEDF, 0xFEDF,
  0xFEDF, 0xFEDF, 0xFEDF, 0xFEDF, 0xFEDF, 0xFEDF, 0xFEDF, 0xFEDF, 0xFEDF, 0xFEDF, 0xFEDF, 0xFEDF,
  0xFEDF, 0xFEDF, 0x200A, 0x212A, 0x212A, 0xFFFF, 0xFFFF, 0xFFFF, 0xFFFF, 0xFFFF, 0xFFFF, 0xFFFF,
  0xFFFF, 0xFFFF, 0xDEDF, 0xB5BF, 0x9495, 0x0000, 0x212A, 0x212A, 0x212A, 0x212A, 0x212A, 0x212A,
  0x212A, 0x212A, 0x212A, 0x212A, 0x212A, 0x212A, 0x212A, 0x212A, 0x212A, 0x6B75, 0xB495, 0xFFFF,
  0xFFFF, 0xFFFF, 0xFFFF, 0xFFFF, 0xFFFF, 0xFFFF, 0xFFFF, 0xFFFF, 0x4A4A, 0x212A, 0x212A, 0x212A,
  0x212A, 0x212A, 0x6B75, 0x6B75, 0x6B75, 0x6B75, 0x6B75, 0x6B75, 0x6B75, 0x6B75, 0x6B75, 0x6B75,
  0x6B75, 0x6B75, 0x6B75, 0x6B75, 0x6B75, 0x6B75, 0x6B75, 0x6B75, 0x6B75, 0x6B75, 0x6B75, 0x6B75,
  0x6B75, 0x6B75, 0x6B75, 0x6B75, 0x6B75, 0x6B75, 0x6B75, 0x6B75, 0x6B75, 0x6B75, 0x6B75, 0x6B75,
  0x6B75, 0x6B75, 0x6B75, 0x6B75, 0x6B75, 0x6B75, 0x6B75, 0x6B75, 0x6B75, 0x6B75, 0x6B75, 0x6B75,
  0x6B75, 0x6B75, 0x6B75, 0x6B75, 0x6B75, 0x6B75, 0x6B75, 0x6B75, 0x6B75, 0x6B75, 0x212A, 0x212A,
  0x9495, 0x000A, 0x212A, 0x212A, 0x6B75, 0x6B75, 0x6B75, 0x6B75, 0x212A, 0x212A, 0x212A, 0x212A,
  0x212A, 0x6B75, 0x6B75, 0x6B75, 0x6B75, 0x6B75, 0x6B75, 0x6B75, 0x6B75, 0x6B75, 0x6B75, 0x6B75,
  0x6B75, 0x6B75, 0x6B75, 0x6B75, 0x6B75, 0x6B75, 0x6B75, 0x6B75, 0x6B75, 0x6B75, 0x6B75, 0x6B75,
  0x6B75, 0x6B75, 0x6B75, 0x6B75, 0x6B75, 0x6B75, 0x6B75, 0x6B75, 0x6B75, 0x6B75, 0x6B75, 0x212A,
  0x212A, 0x212A, 0x212A, 0x4A4A, 0x6B75, 0x4A4A, 0x212A, 0x212A, 0x212A, 0x212A, 0x212A, 0x212A,
  0x212A, 0x212A, 0x212A, 0x212A, 0x212A, 0xFFFF, 0xFFFF, 0x212A, 0x212A, 0x9495, 0xFFFF, 0xFFFF,
  0xFFFF, 0xFFFF, 0xFFFF, 0xFFFF, 0xFFFF, 0xFFFF, 0xFFFF, 0xFFFF, 0xFFFF, 0xFFFF, 0xFFFF, 0xFFFF,
  0xFFFF, 0xFFFF, 0xFFFF, 0xFFFF, 0xFFFF, 0xFFFF, 0xFFFF, 0xFFFF, 0xFFFF, 0xFFFF, 0xFFFF, 0xFFFF,
  0xFFFF, 0x212A, 0x212A, 0xFEDF, 0xFEDF, 0xFEDF, 0xFEDF, 0xFEDF, 0xFEDF, 0xFEDF, 0xFEDF, 0xFEDF,
  0xFEDF, 0xFEDF, 0xFEDF, 0xFEDF, 0xFEDF, 0xFEDF, 0xFEDF, 0xFEDF, 0xFEDF, 0xFEDF, 0xFEDF, 0xFEDF,
  0xFEDF, 0xFEDF, 0xFEDF, 0xFEDF, 0xFEDF, 0xFEDF, 0xFEDF, 0xFEDF, 0xFEDF, 0xFEDF, 0xFEDF, 0xFEDF,
  0xFEDF, 0xFEDF, 0xDEDF, 0x212A, 0x212A, 0x9375, 0xFFFF, 0xFFFF, 0xFFFF, 0xFFFF, 0xFFFF, 0xFFFF,
  0xFFFF, 0xFFFF, 0xFFFF, 0xFFFF, 0xFFFF, 0xFFFF, 0xFFFF, 0xDEDF, 0xB5B5, 0x4A4A, 0x212A, 0x0000,
  0x212A, 0x212A, 0x212A, 0x492A, 0x4A4A, 0x9495, 0x9495, 0xFFFF, 0xFFFF, 0xFFFF, 0xFFFF, 0xFEDF,
  0xFEDF, 0xFEDF, 0xFFFF, 0xFFFF, 0xFFFF, 0xFFFF, 0xFFFF, 0x2120, 0x212A, 0x212A, 0x212A, 0x212A,
  0x212A, 0x6B75, 0x6B75, 0x6B75, 0x6B75, 0x6B75, 0x6B75, 0x6B75, 0x6B75, 0x6B75, 0x6B75, 0x6B75,
  0x6B75, 0x6B75, 0x6B75, 0x6B75, 0x6B75, 0x6B75, 0x6B75, 0x6B75, 0x6B75, 0x6B75, 0x6B75, 0x6B75,
  0x6B75, 0x6B75, 0x6B75, 0x6B75, 0x6B75, 0x6B75, 0x6B75, 0x6B75, 0x6B75, 0x6B75, 0x6B75, 0x6B75,
  0x6B75, 0x6B75, 0x6B75, 0x6B75, 0x6B75, 0x6B75, 0x6B75, 0x4A4A, 0x4A4A, 0x6B6A, 0x6B75, 0x6B75,
  0x6B75, 0x6B75, 0x6B75, 0x6B75, 0x6B75, 0x6B75, 0x6B75, 0x6B75, 0x6B75, 0x6B75, 0x212A, 0x212A,
  0x6B75, 0x212A, 0x212A, 0x212A, 0x4A4A, 0x6B75, 0x6B75, 0x6B75, 0x212A, 0x212A, 0x212A, 0x212A,
  0x212A, 0x212A, 0x6B75, 0x6B75, 0x6B75, 0x6B75, 0x6B75, 0x6B6A, 0x6B75, 0x6B75, 0x6B75, 0x6B75,
  0x6B75, 0x6B75, 0x6B75, 0x6B75, 0x6B75, 0x6B75, 0x6B75, 0x6B75, 0x6B75, 0x6B75, 0x6B75, 0x6B75,
  0x6B75, 0x6B75, 0x6B75, 0x6B75, 0x6B75, 0x6B75, 0x6B75, 0x6B75, 0x6B75, 0x6B75, 0x6B75, 0x4A4A,
  0x212A, 0x212A, 0x212A, 0x212A, 0x212A, 0x212A, 0x212A, 0x212A, 0x212A, 0x6A55, 0x6A55, 0x4A4A,
  0x212A, 0x212A, 0x212A, 0x212A, 0xDDBF, 0xFFFF, 0xFFFF, 0x2120, 0x212A, 0xFFFF, 0xFFFF, 0xFFFF,
  0xFFFF, 0xFFFF, 0xFFFF, 0xFFFF, 0xFFFF, 0x4A4A, 0xFFFF, 0xFFFF, 0xFFFF, 0xFFFF, 0xFFFF, 0xFFFF,
  0xFFFF, 0xFFFF, 0xFFFF, 0xFFFF, 0xFFFF, 0xFFFF, 0xFFFF, 0xFFFF, 0xFFFF, 0xFFFF, 0xFFFF, 0xFFFF,
  0xB6DF, 0x212A, 0x2000, 0xFEDF, 0xFEDF, 0xFEDF, 0xFEDF, 0xFEDF, 0xFEDF, 0xFEDF, 0xFEDF, 0xFEDF,
  0xFEDF, 0xFEDF, 0xFEDF, 0xFEDF, 0xFEDF, 0xFEDF, 0xFEDF, 0xFEDF, 0xFEDF, 0xFEDF, 0xFEDF, 0xFEDF,
  0xFFFF, 0xFFFF, 0xFFFF, 0xFFFF, 0xFFFF, 0xFFFF, 0xFFFF, 0xFFFF, 0xFFFF, 0xFFFF, 0xFFFF, 0xFFFF,
  0xFFFF, 0xFFFF, 0xFFFF, 0x2000, 0x212A, 0x200A, 0xFFFF, 0xFFFF, 0xFFFF, 0xFFFF, 0xFFFF, 0xFFFF,
  0xFFFF, 0xFFFF, 0xFFFF, 0xFFFF, 0xFFFF, 0xFFFF, 0xFFFF, 0xFFFF, 0xFFFF, 0xFFFF, 0xFFFF, 0xFFFF,
  0xFFFF, 0xFFFF, 0xFFFF, 0xFFFF, 0xFFFF, 0xFFFF, 0xFEDF, 0xFEDF, 0xFFFF, 0xFFFF, 0xFFFF, 0xFEDF,
  0xFEDF, 0xFEDF, 0xFFFF, 0xFFFF, 0xFFFF, 0xFFFF, 0x2120, 0x212A, 0x212A, 0x212A, 0x212A, 0x212A,
  0x6B75, 0x6B75, 0x6B75, 0x6B75, 0x6B75, 0x6B75, 0x6B75, 0x6B75, 0x6B75, 0x6B75, 0x6B75, 0x6B75,
  0x6B75, 0x6B75, 0x6B75, 0x6B75, 0x6B75, 0x6B75, 0x6B75, 0x6B75, 0x6B75, 0x6B75, 0x6B75, 0x6B75,
  0x6B75, 0x6B75, 0x6B75, 0x6B75, 0x6B75, 0x6B75, 0x6B75, 0x6B75, 0x6B75, 0x6B75, 0x6B75, 0x6B75,
  0x6B75, 0x6B75, 0x6B75, 0x6B75, 0x6B75, 0x6B75, 0x4A4A, 0x4A4A, 0x4A4A, 0x4A4A, 0x6B75, 0x6B75,
  0x6B75, 0x6B75, 0x6B75, 0x6B75, 0x6B75, 0x6B75, 0x6B75, 0x6B75, 0x6B75, 0x6B75, 0x212A, 0x212A,
  0xDEDF, 0x212A, 0x212A, 0x212A, 0x212A, 0x6B75, 0x6B75, 0x6B75, 0x212A, 0x212A, 0x212A, 0x212A,
  0x212A, 0x212A, 0x4A4A, 0x6B75, 0x6B75, 0x6B75, 0x6B75, 0x6B75, 0x6B75, 0x6B75, 0x6B75, 0x6B75,
  0x6B75, 0x6B75, 0x6B75, 0x6B75, 0x6B75, 0x6B75, 0x6B75, 0x6B75, 0x6B75, 0x6B75, 0x6B75, 0x6B75,
  0x6B75, 0x6B75, 0x6B75, 0x6B75, 0x6B75, 0x6B75, 0x6B75, 0x6B75, 0x6B75, 0x6B75, 0x6B75, 0x6B75,
  0x4A4A, 0x212A, 0x212A, 0x212A, 0x212A, 0x212A, 0x212A, 0x212A, 0x6B75, 0x6B75, 0x6B75, 0x212A,
  0x212A, 0x212A, 0x212A, 0x6A4A, 0xFFFF, 0xFEDF, 0xB5B5, 0x212A, 0x212A, 0xDEDF, 0xFFFF, 0xFFFF,
  0xFFFF, 0xFFFF, 0xFFFF, 0x6B75, 0x212A, 0x212A, 0xB5B5, 0xFFFF, 0xFFFF, 0xFFFF, 0xFFFF, 0xFFFF,
  0xFFFF, 0xFFFF, 0xFFFF, 0xFFFF, 0xFFFF, 0xFFFF, 0xFFFF, 0xFFFF, 0xFFFF, 0xFFFF, 0xFFFF, 0xFFFF,
  0xFFFF, 0x212A, 0x212A, 0xFEDF, 0xFEDF, 0xFEDF, 0xFEDF, 0xFEDF, 0xFEDF, 0xFEDF, 0xFEDF, 0xFEDF,
  0xFEDF, 0xFEDF, 0xFEDF, 0xFEDF, 0xFEDF, 0xFFFF, 0xFFFF, 0xFFFF, 0xFFFF, 0xFFFF, 0xFFFF, 0xFFFF,
  0xFFFF, 0xFFFF, 0xFFFF, 0xFFFF, 0xFFFF, 0xFFFF, 0xFFFF, 0xFFFF, 0xFFFF, 0xFFFF, 0xFFFF, 0xFFFF,
  0xFFFF, 0xFFFF, 0xFFFF, 0xFEDF, 0x0000, 0x212A, 0x212A, 0xFFFF, 0xFFFF, 0xFFFF, 0xFFFF, 0xFFFF,
  0xFFFF, 0xFFFF, 0xFFFF, 0xFFFF, 0xFFFF, 0xFFFF, 0xFFFF, 0xFFFF, 0xFFFF, 0xFFFF, 0xFFFF, 0xFFFF,
  0xFFFF, 0xFFFF, 0xFFFF, 0xFFFF, 0xFFFF, 0xFEDF, 0xFEDF, 0xFEDF, 0xFEDF, 0xFFFF, 0xFFFF, 0xFFFF,
  0xFEDF, 0xFEDF, 0xFEDF, 0xFEDF, 0xFFFF, 0x2000, 0x212A, 0x212A, 0x212A, 0x212A, 0x212A, 0x6B75,
  0x6B75, 0x6B75, 0x6B75, 0x6B75, 0x6B75, 0x6B75, 0x6B75, 0x6B75, 0x6B75, 0x6B75, 0x6B75, 0x6B75,
  0x6B75, 0x6B75, 0x6B75, 0x6B75, 0x6B75, 0x6B75, 0x6B75, 0x6B75, 0x6B75, 0x6B75, 0x6B75, 0x6B75,
  0x6B75, 0x6B75, 0x6B75, 0x6B75, 0x6B75, 0x6B75, 0x6B75, 0x6B75, 0x6B75, 0x6B75, 0x6B75, 0x6B75,
  0x6B75, 0x6B75, 0x6B75, 0x6B75, 0x6B75, 0x4A4A, 0x4A4A, 0x4A4A, 0x4A4A, 0x4A4A, 0x6B75, 0x6B75,
  0x6B75, 0x6B75, 0x6B75, 0x6B75, 0x6B75, 0x6B75, 0x6B75, 0x6B75, 0x6B75, 0x6B75, 0x212A, 0x212A,
  0xFFFF, 0x0000, 0x212A, 0x212A, 0x212A, 0x6B75, 0x6B75, 0x6B75, 0x212A, 0x212A, 0x212A, 0x212A,
  0x212A, 0x212A, 0x212A, 0x4A4A, 0x6B75, 0x6B75, 0x6B75, 0x6B75, 0x6B75, 0x6B75, 0x6B75, 0x6B75,
  0x6B75, 0x6B75, 0x6B75, 0x6B75, 0x6B75, 0x6B75, 0x6B75, 0x6B75, 0x6B75, 0x6B75, 0x6B75, 0x6B75,
  0x6B75, 0x6B75, 0x6B75, 0x6B75, 0x6B75, 0x6B75, 0x6B75, 0x6B75, 0x6B75, 0x6B75, 0x6B75, 0x6B75,
  0x6B75, 0x4A4A, 0x0000, 0x212A, 0x212A, 0x212A, 0x212A, 0x6B75, 0x6B75, 0x6B75, 0x4A4A, 0x212A,
  0x212A, 0x212A, 0x212A, 0xDDBF, 0xFFFF, 0xFEDF, 0xDEDF, 0x212A, 0x212A, 0x9495, 0xFFFF, 0xFFFF,
  0xFFFF, 0xFFFF, 0xB5B5, 0x212A, 0x212A, 0x212A, 0xDEDF, 0xFFFF, 0xFFFF, 0xFFFF, 0xFFFF, 0xFFFF,
  0xFFFF, 0xFFFF, 0xFFFF, 0xFFFF, 0xFFFF, 0xFFFF, 0xFFFF, 0xFFFF, 0xFFFF, 0xFFFF, 0xFFFF, 0xFFFF,
  0xFFFF, 0x212A, 0x212A, 0xFEDF, 0xFEDF, 0xFEDF, 0xFEDF, 0xFEDF, 0xFEDF, 0xFEDF, 0xFEDF, 0xFEDF,
  0xFEDF, 0xFEDF, 0xFFFF, 0xFFFF, 0xFFFF, 0xFFFF, 0xFFFF, 0xFFFF, 0xFFFF, 0xFFFF, 0xFFFF, 0xFFFF,
  0xFFFF, 0xFFFF, 0xFFFF, 0xFFFF, 0xFFFF, 0xFFFF, 0xFFFF, 0xFFFF, 0xFFFF, 0xFFFF, 0xFFFF, 0xFFFF,
  0xFFFF, 0xFFFF, 0xFFFF, 0xFFFF, 0x2120, 0x212A, 0x200A, 0xDEDF, 0xFFFF, 0xFFFF, 0xFFFF, 0xFFFF,
  0xFFFF, 0xFFFF, 0xFFFF, 0xFFFF, 0xFFFF, 0xFFFF, 0xFFFF, 0xFFFF, 0xFFFF, 0xFFFF, 0xFFFF, 0xFFFF,
  0xFFFF, 0xFFFF, 0xFFFF, 0xFFFF, 0xFFFF, 0xFEDF, 0xFFFF, 0xFEDF, 0xFEDF, 0xFFFF, 0xFFFF, 0xFFFF,
  0xFEDF, 0xFEDF, 0xFEDF, 0xFEDF, 0x212A, 0x212A, 0x212A, 0x212A, 0x212A, 0x212A, 0x6B75, 0x6B75,
  0x6B75, 0x6B75, 0x6B75, 0x6B75, 0x6B75, 0x6B75, 0x6B75, 0x6B75, 0x6B75, 0x6B75, 0x6B75, 0x6B75,
  0x6B75, 0x6B75, 0x6B75, 0x6B75, 0x6B75, 0x6B75, 0x6B75, 0x6B75, 0x6B75, 0x6B75, 0x6B75, 0x6B75,
  0x6B75, 0x6B75, 0x6B75, 0x6B75, 0x6B75, 0x6B75, 0x6B75, 0x6B75, 0x6B75, 0x6B75, 0x6B75, 0x6B75,
  0x6B75, 0x6B75, 0x6B75, 0x6B75, 0x6B6A, 0x4A4A, 0x4A4A, 0x4A4A, 0x4A4A, 0x4A4A, 0x6B75, 0x6B75,
  0x6B75, 0x6B75, 0x6B75, 0x6B75, 0x6B75, 0x6B75, 0x6B75, 0x6B75, 0x6B75, 0x6B6A, 0x212A, 0x212A,
  0xFFFF, 0x0000, 0x212A, 0x212A, 0x212A, 0x6B75, 0x6B75, 0x6B75, 0x212A, 0x212A, 0x212A, 0x212A,
  0x212A, 0x212A, 0x212A, 0x212A, 0x212A, 0x6B75, 0x6B75, 0x6B75, 0x6B75, 0x6B6A, 0x6B75, 0x6B75,
  0x6B75, 0x6B75, 0x6B75, 0x6B75, 0x6B75, 0x6B75, 0x6B75, 0x6B75, 0x6B75, 0x6B75, 0x6B75, 0x6B75,
  0x6B75, 0x6B75, 0x6B75, 0x6B75, 0x6B75, 0x6B75, 0x6B75, 0x6B75, 0x6B75, 0x6B75, 0x6B75, 0x6B75,
  0x6B75, 0x6B75, 0x6B75, 0x6B75, 0x6B75, 0x6B75, 0x6B75, 0x6B75, 0x6B75, 0x4A4A, 0x212A, 0x212A,
  0x212A, 0x212A, 0x2000, 0xFEDF, 0xFEDF, 0xFEDF, 0xDEDF, 0x212A, 0x212A, 0x212A, 0xFFFF, 0xFFFF,
  0xFFFF, 0xFFFF, 0x212A, 0x212A, 0x212A, 0x212A, 0xFFFF, 0xFFFF, 0xFFFF, 0xFFFF, 0xFFFF, 0xFFFF,
  0xFFFF, 0xFFFF, 0xFFFF, 0xFFFF, 0xFFFF, 0xFFFF, 0xFFFF, 0xFFFF, 0xFFFF, 0xFFFF, 0xFFFF, 0xFFFF,
  0xFFFF, 0x212A, 0x212A, 0xFEDF, 0xFEDF, 0xFEDF, 0xFEDF, 0xFEDF, 0xFEDF, 0xFEDF, 0xFEDF, 0xFFFF,
  0xFFFF, 0xFFFF, 0xFFFF, 0xFFFF, 0xFFFF, 0xFFFF, 0xFFFF, 0xFFFF, 0xFFFF, 0xFFFF, 0xFFFF, 0xFFFF,
  0xFFFF, 0xFFFF, 0xFFFF, 0xFFFF, 0xFFFF, 0xFFFF, 0xFFFF, 0xFFFF, 0xFFFF, 0xFFFF, 0xFFFF, 0xFFFF,
  0xFFFF, 0xFFFF, 0xFFFF, 0xFFFF, 0xDEDF, 0x2000, 0x212A, 0x212A, 0xFFFF, 0xFFFF, 0xFFFF, 0xFFFF,
  0xFFFF, 0xFFFF, 0xFFFF, 0xFFFF, 0xFFFF, 0xFFFF, 0xFFFF, 0xFFFF, 0xFFFF, 0xFFFF, 0xFFFF, 0xFFFF,
  0xFEDF, 0xFEDF, 0xFFFF, 0xFFFF, 0xFFFF, 0x9375, 0x212A, 0x6A4A, 0xFEDF, 0xFEDF, 0xFFFF, 0xFFFF,
  0xFEDF, 0xFEDF, 0x6B6A, 0x212A, 0x212A, 0x212A, 0x212A, 0x212A, 0x212A, 0x6B75, 0x6B75, 0x6B75,
  0x6B75, 0x6B75, 0x6B75, 0x6B75, 0x6B75, 0x6B75, 0x6B75, 0x6B75, 0x6B75, 0x6B75, 0x6B75, 0x6B75,
  0x6B75, 0x6B75, 0x6B75, 0x6B75, 0x6B75, 0x6B75, 0x6B75, 0x6B75, 0x6B75, 0x6B75, 0x6B75, 0x6B75,
  0x6B75, 0x6B75, 0x6B75, 0x6B75, 0x6B75, 0x6B75, 0x6B75, 0x6B75, 0x6B75, 0x6B75, 0x6B75, 0x6B75,
  0x6B75, 0x6B75, 0x6B75, 0x4A4A, 0x4A4A, 0x4A4A, 0x4A4A, 0x4A4A, 0x4A4A, 0x6B75, 0x6B75, 0x6B75,
  0x6B75, 0x6B75, 0x6B75, 0x6B75, 0x6B75, 0x6B75, 0x6B75, 0x6B75, 0x6B75, 0x6B75, 0x200A, 0x212A,
  0xFFFF, 0x212A, 0x212A, 0x212A, 0x212A, 0x4A4A, 0x6B75, 0x6B75, 0x4A4A, 0x212A, 0x212A, 0x212A,
  0x212A, 0x212A, 0x212A, 0x212A, 0x212A, 0x212A, 0x6B75, 0x6B75, 0x6B75, 0x6B75, 0x6B75, 0x6B75,
  0x6B75, 0x6B75, 0x6B75, 0x6B75, 0x6B75, 0x6B75, 0x6B75, 0x6B75, 0x6B75, 0x6B75, 0x6B75, 0x6B75,
  0x6B75, 0x6B75, 0x6B75, 0x6B75, 0x6B75, 0x6B75, 0x6B75, 0x6B75, 0x6B75, 0x6B75, 0x6B75, 0x6B75,
  0x6B75, 0x6B75, 0x6B75, 0x6B75, 0x6B75, 0x6B75, 0x6B75, 0x6B75, 0x4A4A, 0x212A, 0x212A, 0x212A,
  0x212A, 0x212A, 0x4A4A, 0xFFFF, 0xFEDF, 0xFFFF, 0xFEDF, 0x212A, 0x212A, 0x212A, 0x6B75, 0xFFFF,
  0xFFFF, 0x212A, 0x212A, 0x212A, 0x212A, 0xB5B5, 0xFFFF, 0xFFFF, 0xFFFF, 0xFFFF, 0xFFFF, 0xFFFF,
  0xFFFF, 0xFFFF, 0xFFFF, 0xFFFF, 0xFFFF, 0xFFFF, 0xFFFF, 0xFFFF, 0xFFFF, 0xFFFF, 0xFFFF, 0xFFFF,
  0xFFFF, 0x212A, 0x212A, 0xFFFF, 0xFEDF, 0xFEDF, 0xFEDF, 0xFEDF, 0xFEDF, 0xFFFF, 0xFFFF, 0xFFFF,
  0xFFFF, 0xFFFF, 0xFFFF, 0xFFFF, 0xFFFF, 0xFFFF, 0xFFFF, 0xFFFF, 0xFFFF, 0xFFFF, 0xFFFF, 0xFFFF,
  0xFFFF, 0xFFFF, 0xFFFF, 0xFFFF, 0xFFFF, 0xFFFF, 0xFFFF, 0xFFFF, 0xFFFF, 0xFFFF, 0xFFFF, 0xFFFF,
  0xFFFF, 0xFFFF, 0xFFFF, 0xFFFF, 0xFFFF, 0xB5B5, 0x200A, 0x212A, 0xDEDF, 0xFFFF, 0xFFFF, 0xFFFF,
  0xFFFF, 0xFFFF, 0xFFFF, 0xFFFF, 0xFFFF, 0xFFFF, 0xFFFF, 0xFFFF, 0xFFFF, 0xFFFF, 0xFFFF, 0xFFFF,
  0xFFFF, 0xFEDF, 0xFFFF, 0xFFFF, 0xFFFF, 0x2120, 0x212A, 0x212A, 0xFEDF, 0xFEDF, 0xFEDF, 0xFEDF,
  0xFFFF, 0x6A4A, 0x212A, 0x212A, 0x212A, 0x212A, 0x212A, 0x212A, 0x6B75, 0x6B75, 0x6B75, 0x6B75,
  0x6B75, 0x6B75, 0x6B75, 0x6B75, 0x6B75, 0x6B75, 0x6B75, 0x6B75, 0x6B75, 0x6B75, 0x6B75, 0x6B75,
  0x6B75, 0x6B75, 0x6B75, 0x6B75, 0x6B75, 0x6B75, 0x6B75, 0x6B75, 0x6B75, 0x6B75, 0x6B75, 0x6B75,
  0x6B75, 0x6B75, 0x6B75, 0x6B75, 0x6B75, 0x6B75, 0x6B75, 0x6B75, 0x6B75, 0x6B75, 0x6B75, 0x6B75,
  0x6B75, 0x6B75, 0x4A4A, 0x4A4A, 0x4A4A, 0x4A4A, 0x4A4A, 0x4A4A, 0x6B75, 0x6B75, 0x6B75, 0x6B75,
  0x6B75, 0x6B75, 0x6B75, 0x6B75, 0x6B75, 0x6B75, 0x6B75, 0x6B75, 0x6B75, 0x6B75, 0x212A, 0x212A,
  0xFFFF, 0x4A4A, 0x212A, 0x212A, 0x212A, 0x212A, 0x6B75, 0x6B75, 0x6B75, 0x212A, 0x212A, 0x212A,
  0x212A, 0x212A, 0x212A, 0x212A, 0x212A, 0x212A, 0x212A, 0x6B75, 0x6B75, 0x6B75, 0x6B75, 0x6B75,
  0x6B75, 0x6B75, 0x6B75, 0x6B75, 0x6B75, 0x6B75, 0x6B75, 0x6B75, 0x6B75, 0x6B75, 0x6B75, 0x6B75,
  0x6B75, 0x6B75, 0x6B75, 0x6B75, 0x6B75, 0x6B75, 0x6B75, 0x6B75, 0x6B75, 0x6B75, 0x6B75, 0x6B75,
  0x6B75, 0x6B75, 0x6B75, 0x6B75, 0x6B75, 0x6B75, 0x6B75, 0x6B75, 0x200A, 0x212A, 0x212A, 0x212A,
  0x212A, 0x212A, 0x6B6A, 0xFFFF, 0xFEDF, 0xFEDF, 0xFFFF, 0x212A, 0x212A, 0x212A, 0x212A, 0xB5B5,
  0x2000, 0x212A, 0x212A, 0x212A, 0x212A, 0xFFFF, 0xFFFF, 0xFFFF, 0xFFFF, 0xFFFF, 0xFFFF, 0xFFFF,
  0xFFFF, 0xFFFF, 0xFFFF, 0xFFFF, 0xFFFF, 0xFFFF, 0xFFFF, 0xFFFF, 0xFFFF, 0xFFFF, 0xFFFF, 0xFFFF,
  0xFFFF, 0x2000, 0x212A, 0xFEDF, 0xFEDF, 0xFEDF, 0xFEDF, 0xFFFF, 0xFFFF, 0xFFFF, 0xFFFF, 0xFFFF,
  0xFFFF, 0xFFFF, 0xFFFF, 0xFFFF, 0xFFFF, 0xFFFF, 0xFFFF, 0xFFFF, 0xFFFF, 0xFFFF, 0xFFFF, 0xFFFF,
  0xFFFF, 0xFFFF, 0xFFFF, 0xFFFF, 0xFFFF, 0xFFFF, 0xFFFF, 0xFFFF, 0xFFFF, 0xFFFF, 0xFFFF, 0xFFFF,
  0xFFFF, 0xFFFF, 0xFFFF, 0xFFFF, 0xFFFF, 0xFFFF, 0x212A, 0x212A, 0x212A, 0xFFFF, 0xFFFF, 0xFFFF,
  0xFFFF, 0xFFFF, 0xFFFF, 0xFFFF, 0xFFFF, 0xFFFF, 0xFFFF, 0xFFFF, 0xFFFF, 0xFFFF, 0xFFFF, 0xFFFF,
  0xFFFF, 0xFEDF, 0xFEDF, 0xFFFF, 0xFFFF, 0x6B6A, 0x212A, 0x9375, 0xFEDF, 0xFEDF, 0xFEDF, 0xFFFF,
  0x2000, 0x212A, 0x0000, 0x212A, 0x212A, 0x212A, 0x212A, 0x6B75, 0x6B75, 0x6B75, 0x6B75, 0x6B75,
  0x6B75, 0x6B75, 0x6B75, 0x6B75, 0x6B75, 0x6B75, 0x6B75, 0x6B75, 0x6B75, 0x6B75, 0x6B75, 0x6B75,
  0x6B75, 0x6B75, 0x6B75, 0x6B75, 0x6B75, 0x6B75, 0x6B75, 0x6B75, 0x6B75, 0x6B75, 0x6B75, 0x6B75,
  0x6B75, 0x6B75, 0x6B75, 0x6B75, 0x6B75, 0x6B75, 0x6B75, 0x6B75, 0x6B75, 0x6B75, 0x6B75, 0x6B75,
  0x6B75, 0x6B75, 0x4A4A, 0x4A4A, 0x4A4A, 0x4A4A, 0x4A4A, 0x6B75, 0x6B75, 0x6B75, 0x6B75, 0x6B75,
  0x6B75, 0x6B75, 0x6B75, 0x6B75, 0x6B75, 0x6B75, 0x6B75, 0x6B75, 0x6B75, 0x4A4A, 0x212A, 0x212A,
  0xFFFF, 0xFFFF, 0x200A, 0x212A, 0x212A, 0x212A, 0x4A4A, 0x6B75, 0x6B75, 0x212A, 0x212A, 0x212A,
  0x212A, 0x9495, 0x000A, 0x212A, 0x212A, 0x212A, 0x212A, 0x212A, 0x212A, 0x6B6A, 0x6B75, 0x6B75,
  0x6B75, 0x6B75, 0x6B75, 0x6B75, 0x6B75, 0x6B75, 0x6B75, 0x6B75, 0x6B75, 0x6B75, 0x6B75, 0x6B75,
  0x6B75, 0x6B75, 0x6B75, 0x6B75, 0x6B75, 0x6B75, 0x6B75, 0x6B75, 0x6B75, 0x6B75, 0x6B75, 0x6B75,
  0x6B75, 0x6B75, 0x6B75, 0x6B75, 0x6B75, 0x6B75, 0x4A4A, 0x212A, 0x212A, 0x212A, 0x212A, 0x212A,
  0x212A, 0x200A, 0xFEDF, 0xFEDF, 0xFEDF, 0xFEDF, 0xFEDF, 0xFFFF, 0x2000, 0x212A, 0x212A, 0x212A,
  0x212A, 0x212A, 0x200A, 0x2000, 0xB5BF, 0xFFFF, 0xFFFF, 0xFFFF, 0xFFFF, 0xFFFF, 0xFFFF, 0xFFFF,
  0xFFFF, 0xFFFF, 0xFFFF, 0xFFFF, 0xFFFF, 0xFFFF, 0xFFFF, 0xFFFF, 0xFFFF, 0xFFFF, 0xFFFF, 0xFFFF,
  0xFFFF, 0x4A4A, 0x212A, 0xDDBF, 0xFEDF, 0xFFFF, 0xFFFF, 0xFFFF, 0xFFFF, 0xFFFF, 0xFFFF, 0xFFFF,
  0xFFFF, 0xFFFF, 0xFFFF, 0xFFFF, 0xFFFF, 0xFFFF, 0xFFFF, 0xFFFF, 0xFFFF, 0xFFFF, 0xFFFF, 0xFFFF,
  0xFFFF, 0xFFFF, 0xFFFF, 0xFFFF, 0xFFFF, 0xFFFF, 0xFFFF, 0xFFFF, 0xFFFF, 0xFFFF, 0xFFFF, 0xFFFF,
  0xFFFF, 0xFFFF, 0xFFFF, 0xFFFF, 0xFFFF, 0xFFFF, 0x2000, 0x212A, 0x212A, 0xFFFF, 0xFFFF, 0xFFFF,
  0xFFFF, 0xFFFF, 0xFFFF, 0xFFFF, 0xFFFF, 0xFFFF, 0xFFFF, 0xFFFF, 0xFEDF, 0xFEDF, 0xFFFF, 0xFFFF,
  0xFFFF, 0xFEDF, 0xFEDF, 0xFEDF, 0xFFFF, 0x2120, 0x212A, 0x212A, 0xFFFF, 0xFFFF, 0x9375, 0x2000,
  0x212A, 0x212A, 0x212A, 0x212A, 0x212A, 0x6B75, 0x6B75, 0x6B75, 0x6B75, 0x6B75, 0x6B75, 0x6B75,
  0x6B75, 0x6B75, 0x6B75, 0x6B75, 0x6B75, 0x6B75, 0x6B75, 0x6B75, 0x6B75, 0x6B75, 0x6B75, 0x6B75,
  0x6B75, 0x6B75, 0x6B75, 0x6B75, 0x6B75, 0x6B75, 0x6B75, 0x6B75, 0x6B75, 0x6B75, 0x6B75, 0x6B75,
  0x6B75, 0x6B75, 0x6B75, 0x6B75, 0x6B75, 0x6B75, 0x6B75, 0x6B75, 0x6B75, 0x6B75, 0x6B75, 0x6B75,
  0x6B75, 0x4A4A, 0x4A4A, 0x4A4A, 0x4A4A, 0x4A4A, 0x4A4A, 0x6B75, 0x6B75, 0x6B75, 0x6B75, 0x6B75,
  0x6B75, 0x6B75, 0x6B75, 0x6B75, 0x6B75, 0x6B75, 0x6B75, 0x6B75, 0x6B75, 0x4A4A, 0x212A, 0x212A,
  0xFFFF, 0xFFFF, 0x0000, 0x212A, 0x212A, 0x212A, 0x4A4A, 0x4A4A, 0x6B75, 0x6B6A, 0x212A, 0x212A,
  0x212A, 0x212A, 0xB5BF, 0x0000, 0x212A, 0x212A, 0x212A, 0x212A, 0x212A, 0x212A, 0x4A4A, 0x6B6A,
  0x6B6A, 0x6B75, 0x6B75, 0x6B75, 0x6B75, 0x6B75, 0x6B75, 0x6B75, 0x6B75, 0x6B75, 0x6B75, 0x6B75,
  0x6B75, 0x6B75, 0x6B75, 0x6B75, 0x6B75, 0x6B75, 0x6B75, 0x6B75, 0x6B75, 0x6B75, 0x6B75, 0x6B75,
  0x6B75, 0x6B75, 0x6B75, 0x6B75, 0x6B75, 0x4A4A, 0x212A, 0x212A, 0x212A, 0x212A, 0x212A, 0x212A,
  0x212A, 0x212A, 0xFFFF, 0xFEDF, 0xFEDF, 0xFEDF, 0xFEDF, 0xFEDF, 0xB495, 0x212A, 0x212A, 0x212A,
  0x212A, 0x212A, 0x200A, 0xDEDF, 0xFFFF, 0xFFFF, 0xFFFF, 0xFFFF, 0xFFFF, 0xFFFF, 0xFFFF, 0xFFFF,
  0xFFFF, 0xFFFF, 0xFFFF, 0xFFFF, 0xFFFF, 0xFFFF, 0xFFFF, 0xFFFF, 0xFFFF, 0xFFFF, 0xFFFF, 0xFFFF,
  0xFFFF, 0xB5BF, 0x212A, 0x2120, 0xFFFF, 0xFFFF, 0xFFFF, 0xFFFF, 0xFFFF, 0xFFFF, 0xFFFF, 0xFFFF,
  0xFFFF, 0xFFFF, 0xFFFF, 0xFFFF, 0xFFFF, 0xFFFF, 0xFFFF, 0xFFFF, 0xFFFF, 0xFFFF, 0xFFFF, 0xFFFF,
  0xFFFF, 0xFFFF, 0xFFFF, 0xFFFF, 0xFFFF, 0xFFFF, 0xFFFF, 0xFFFF, 0xFFFF, 0xFFFF, 0xFFFF, 0xFFFF,
  0xFFFF, 0xFFFF, 0xFFFF, 0xFFFF, 0xFFFF, 0xFFFF, 0x9375, 0x212A, 0x212A, 0xB5B5, 0xFFFF, 0xFFFF,
  0xFFFF, 0xFFFF, 0xFFFF, 0xFFFF, 0xFFFF, 0xFFFF, 0xFFFF, 0xFFFF, 0xFEDF, 0xFEDF, 0xFEDF, 0xFFFF,
  0xFFFF, 0xFEDF, 0xFEDF, 0xFEDF, 0xFFFF, 0x212A, 0x212A, 0x0000, 0xFEDF, 0x9495, 0x212A, 0x212A,
  0x212A, 0x212A, 0x212A, 0x212A, 0x4A4A, 0x6B75, 0x6B75, 0x6B75, 0x6B75, 0x6B75, 0x6B75, 0x6B75,
  0x6B75, 0x6B75, 0x6B75, 0x6B75, 0x6B75, 0x6B75, 0x6B75, 0x6B75, 0x6B75, 0x6B75, 0x6B75, 0x6B75,
  0x6B75, 0x6B75, 0x6B75, 0x6B75, 0x6B75, 0x6B75, 0x6B75, 0x6B75, 0x6B75, 0x6B75, 0x6B75, 0x6B75,
  0x6B75, 0x6B75, 0x6B75, 0x6B75, 0x6B75, 0x6B75, 0x6B75, 0x6B75, 0x6B75, 0x6B75, 0x6B75, 0x6B75,
  0x6B6A, 0x4A4A, 0x4A4A, 0x4A4A, 0x4A4A, 0x4A4A, 0x6B75, 0x6B75, 0x6B75, 0x6B75, 0x6B75, 0x6B75,
  0x6B75, 0x6B75, 0x6B75, 0x6B75, 0x6B75, 0x6B75, 0x6B75, 0x6B75, 0x6B75, 0x4A4A, 0x212A, 0x212A,
  0xFFFF, 0xFFFF, 0x212A, 0x212A, 0x212A, 0x212A, 0x4A4A, 0x4A4A, 0x6B75, 0x6B75, 0x212A, 0x212A,
  0x212A, 0x212A, 0xFFFF, 0xFFFF, 0x2120, 0x212A, 0x212A, 0x212A, 0x212A, 0x212A, 0x212A, 0x212A,
  0x212A, 0x212A, 0x212A, 0x4A4A, 0x4A55, 0x4A55, 0x4A4A, 0x4A4A, 0x6B75, 0x6B75, 0x6B75, 0x6B75,
  0x6B75, 0x6B75, 0x6B75, 0x6B75, 0x6B75, 0x6B75, 0x6B75, 0x6B75, 0x6B75, 0x6B75, 0x6B75, 0x6B75,
  0x6B75, 0x6B75, 0x6B75, 0x6B75, 0x212A, 0x212A, 0x212A, 0x212A, 0x212A, 0x212A, 0x212A, 0x212A,
  0x212A, 0xFFFF, 0xFFFF, 0xFEDF, 0xFEDF, 0xFEDF, 0xFEDF, 0xFEDF, 0xFEDF, 0x4A4A, 0x2000, 0x212A,
  0x212A, 0x0000, 0xFFFF, 0xFFFF, 0xFFFF, 0xFFFF, 0xFFFF, 0xFFFF, 0xFFFF, 0xFFFF, 0xFFFF, 0xFFFF,
  0xFFFF, 0xFFFF, 0xFFFF, 0xFFFF, 0xFFFF, 0xFFFF, 0xFFFF, 0xFFFF, 0xFFFF, 0xFFFF, 0xFFFF, 0xFFFF,
  0xFFFF, 0xFFFF, 0x2120, 0x212A, 0xFFFF, 0xFFFF, 0xFFFF, 0xFFFF, 0xFFFF, 0xFFFF, 0xFFFF, 0xFFFF,
  0xFFFF, 0xFFFF, 0xFFFF, 0xFFFF, 0xFFFF, 0xFFFF, 0xFFFF, 0xFFFF, 0xFFFF, 0xFFFF, 0xFFFF, 0xFFFF,
  0xFFFF, 0xFFFF, 0xFFFF, 0xFFFF, 0xFFFF, 0xFFFF, 0xFFFF, 0xFFFF, 0xFFFF, 0xFFFF, 0xFFFF, 0xFFFF,
  0xFFFF, 0xFFFF, 0xFFFF, 0xFFFF, 0xFFFF, 0xFFFF, 0xFEDF, 0x212A, 0x012A, 0x212A, 0xFFFF, 0xFFFF,
  0xFFFF, 0xFFFF, 0xFFFF, 0xFFFF, 0xFFFF, 0xFFFF, 0xFFFF, 0xFFFF, 0xFEDF, 0xFEDF, 0xFEDF, 0xFFFF,
  0xFFFF, 0xFFFF, 0xFEDF, 0xB495, 0xDEDF, 0x6B75, 0x212A, 0x212A, 0x212A, 0x212A, 0x212A, 0x212A,
  0x212A, 0x212A, 0x212A, 0x6B75, 0x6B75, 0x6B75, 0x6B75, 0x6B75, 0x6B75, 0x6B75, 0x6B75, 0x6B75,
  0x6B75, 0x6B75, 0x6B75, 0x6B75, 0x6B75, 0x6B75, 0x6B75, 0x6B75, 0x6B75, 0x6B75, 0x6B75, 0x6B75,
  0x6B75, 0x6B75, 0x6B75, 0x6B75, 0x6B75, 0x6B75, 0x6B75, 0x6B75, 0x6B75, 0x6B75, 0x6B75, 0x6B75,
  0x6B75, 0x6B75, 0x6B75, 0x6B75, 0x6B75, 0x6B75, 0x6B75, 0x6B75, 0x6B75, 0x6B75, 0x6B75, 0x6B75,
  0x4A4A, 0x4A4A, 0x4A4A, 0x4A4A, 0x4A4A, 0x6B6A, 0x6B75, 0x6B75, 0x6B75, 0x6B75, 0x6B75, 0x6B75,
  0x6B75, 0x6B75, 0x6B75, 0x6B75, 0x6B75, 0x6B75, 0x212A, 0x6B75, 0x6B75, 0x6B75, 0x212A, 0x212A,
  0xFFFF, 0xFFFF, 0xDEDF, 0x212A, 0x212A, 0x212A, 0x212A, 0x4A4A, 0x4A4A, 0x6B75, 0x6B75, 0x212A,
  0x212A, 0x212A, 0x212A, 0xFFFF, 0xFFFF, 0x9495, 0x0120, 0x212A, 0x212A, 0x212A, 0x212A, 0x212A,
  0x212A, 0x212A, 0x212A, 0x212A, 0x212A, 0x212A, 0x212A, 0x212A, 0x212A, 0x6B75, 0x6B75, 0x6B75,
  0x6B75, 0x6B75, 0x6B75, 0x6B75, 0x6B75, 0x6B75, 0x6B75, 0x6B75, 0x6B75, 0x6B75, 0x6B75, 0x6B75,
  0x6B75, 0x6B75, 0x212A, 0x212A, 0x212A, 0x212A, 0x212A, 0x212A, 0x212A, 0x212A, 0x212A, 0x212A,
  0xB5B5, 0xFEDF, 0xFFFF, 0xFFFF, 0xFEDF, 0xFEDF, 0xFEDF, 0xFEDF, 0xFFFF, 0xFEDF, 0xFEDF, 0xFFFF,
  0xFFFF, 0xFFFF, 0xFFFF, 0xFFFF, 0xFFFF, 0xFFFF, 0xFFFF, 0xFFFF, 0xFFFF, 0xFFFF, 0xFFFF, 0xFFFF,
  0xFFFF, 0xFFFF, 0xFFFF, 0xFFFF, 0xFFFF, 0xFFFF, 0xFFFF, 0xFFFF, 0xFFFF, 0xFFFF, 0xFFFF, 0xFFFF,
  0xFFFF, 0xFFFF, 0x6B75, 0x212A, 0xFEDF, 0xFFFF, 0xFFFF, 0xFFFF, 0xFFFF, 0xFFFF, 0xFFFF, 0xFFFF,
  0xFFFF, 0xFFFF, 0xFFFF, 0xFFFF, 0xFFFF, 0xFFFF, 0xFFFF, 0xFFFF, 0xFFFF, 0xFFFF, 0xFFFF, 0xFFFF,
  0xFFFF, 0xFFFF, 0xFFFF, 0xFFFF, 0xFFFF, 0xFFFF, 0xFFFF, 0xFFFF, 0xFFFF, 0xFFFF, 0xFFFF, 0xFFFF,
  0xFFFF, 0xFFFF, 0xFFFF, 0xFFFF, 0xFFFF, 0xFFFF, 0xFFFF, 0x212A, 0x212A, 0x212A, 0x9495, 0xFFFF,
  0xFFFF, 0xFFFF, 0xFFFF, 0xFFFF, 0xFFFF, 0xFFFF, 0xFEDF, 0x2000, 0x212A, 0xFEDF, 0xFEDF, 0xFEDF,
  0xFFFF, 0xFFFF, 0x492A, 0x212A, 0x212A, 0xDEDF, 0x212A, 0x212A, 0x212A, 0x212A, 0x212A, 0x212A,
  0x212A, 0x212A, 0x212A, 0x6B75, 0x6B75, 0x6B75, 0x6B75, 0x6B75, 0x6B75, 0x6B75, 0x6B75, 0x6B75,
  0x6B75, 0x6B75, 0x6B75, 0x6B75, 0x6B75, 0x6B75, 0x6B75, 0x6B75, 0x6B75, 0x6B75, 0x6B75, 0x6B75,
  0x6B75, 0x6B75, 0x6B75, 0x6B75, 0x6B75, 0x6B75, 0x6B75, 0x6B75, 0x6B75, 0x6B75, 0x6B75, 0x6B75,
  0x6B75, 0x6B75, 0x6B75, 0x6B75, 0x6B75, 0x6B75, 0x6B75, 0x6B75, 0x6B75, 0x6B75, 0x6B75, 0x4A4A,
  0x4A4A, 0x4A4A, 0x4A4A, 0x4A4A, 0x4A4A, 0x6B75, 0x6B75, 0x6B75, 0x6B75, 0x6B75, 0x6B75, 0x6B75,
  0x6B75, 0x6B75, 0x6B75, 0x6B75, 0x6B75, 0x4A4A, 0x212A, 0x6A4A, 0x6B75, 0x4A4A, 0x212A, 0x212A,
  0xFFFF, 0xFFFF, 0xFFFF, 0x212A, 0x212A, 0x212A, 0x212A, 0x4A4A, 0x4A4A, 0x4A4A, 0x6B75, 0x212A,
  0x212A, 0x212A, 0x212A, 0xDEDF, 0xFFFF, 0xFFFF, 0xFFFF, 0x212A, 0x0120, 0x212A, 0x212A, 0x212A,
  0x212A, 0x212A, 0x212A, 0x212A, 0x212A, 0x212A, 0x212A, 0x212A, 0x212A, 0x212A, 0x6B75, 0x6B75,
  0x6B75, 0x6B75, 0x6B75, 0x6B75, 0x6B75, 0x6B75, 0x6B75, 0x6B75, 0x6B75, 0x6B75, 0x6B75, 0x6B75,
  0x4A4A, 0x212A, 0x212A, 0x212A, 0x212A, 0x212A, 0x212A, 0x212A, 0x212A, 0x212A, 0x2000, 0xB5BF,
  0xFEDF, 0xFEDF, 0xFEDF, 0xFFFF, 0xFFFF, 0xFEDF, 0xFEDF, 0xFEDF, 0xFFFF, 0xFEDF, 0xFEDF, 0xFEDF,
  0xFFFF, 0xFFFF, 0xFFFF, 0xFFFF, 0xFFFF, 0xFFFF, 0xFFFF, 0xFFFF, 0xFFFF, 0xFFFF, 0xFFFF, 0xFFFF,
  0xFFFF, 0xFFFF, 0xFFFF, 0xFFFF, 0xFFFF, 0xFFFF, 0xFFFF, 0xFFFF, 0xFFFF, 0xFFFF, 0xFFFF, 0xFFFF,
  0xFFFF, 0xFFFF, 0xDEDF, 0x212A, 0x4A4A, 0xFFFF, 0xFFFF, 0xFFFF, 0xFFFF, 0xFFFF, 0xFFFF, 0xFFFF,
  0xFFFF, 0xFFFF, 0xFFFF, 0xFFFF, 0xFFFF, 0xFFFF, 0xFFFF, 0xFFFF, 0xFFFF, 0xFFFF, 0xFFFF, 0xFFFF,
  0xFFFF, 0xFFFF, 0xFFFF, 0xFFFF, 0xFFFF, 0xFFFF, 0xFFFF, 0xFFFF, 0xFFFF, 0xFFFF, 0xFFFF, 0xFFFF,
  0xFFFF, 0xFFFF, 0xFFFF, 0xFFFF, 0xFFFF, 0xFFFF, 0xFFFF, 0xFEDF, 0x212A, 0x212A, 0x2120, 0xFFFF,
  0xFFFF, 0xFFFF, 0xFFFF, 0xFFFF, 0xFFFF, 0xFFFF, 0x6A4A, 0x212A, 0x212A, 0xFFFF, 0xFEDF, 0xFEDF,
  0xFFFF, 0xDEDF, 0x2000, 0x212A, 0x212A, 0x212A, 0x212A, 0x212A, 0x212A, 0x212A, 0x212A, 0x212A,
  0x212A, 0x000A, 0x4B75, 0x6B75, 0x6B75, 0x6B75, 0x6B75, 0x6B75, 0x6B75, 0x6B75, 0x6B75, 0x6B75,
  0x6B75, 0x6B75, 0x6B75, 0x6B75, 0x6B75, 0x6B75, 0x6B75, 0x6B75, 0x6B75, 0x6B75, 0x6B75, 0x6B75,
  0x6B75, 0x6B75, 0x6B75, 0x6B75, 0x6B75, 0x6B75, 0x6B75, 0x6B75, 0x6B75, 0x6B75, 0x6B75, 0x6B75,
  0x6B75, 0x6B75, 0x6B75, 0x6B75, 0x6B75, 0x6B75, 0x6B75, 0x6B75, 0x6B75, 0x6B75, 0x6B6A, 0x4A4A,
  0x4A4A, 0x4A4A, 0x4A4A, 0x4A4A, 0x4A4A, 0x6B75, 0x6B75, 0x6B75, 0x6B75, 0x6B75, 0x6B75, 0x6B75,
  0x6B75, 0x6B75, 0x6B75, 0x6B75, 0x6B75, 0x212A, 0x212A, 0x6B75, 0x6B75, 0x212A, 0x212A, 0x212A,
  0xFFFF, 0xFFFF, 0xFFFF, 0x212A, 0x212A, 0x212A, 0x212A, 0x4A4A, 0x4A4A, 0x4A4A, 0x4A4A, 0x212A,
  0x212A, 0x212A, 0x212A, 0x0120, 0xFFFF, 0xFFFF, 0xFFFF, 0xFFFF, 0xFFFF, 0x212A, 0x0000, 0x212A,
  0x212A, 0x212A, 0x212A, 0x212A, 0x212A, 0x212A, 0x212A, 0x212A, 0x212A, 0x212A, 0x212A, 0x212A,
  0x6B75, 0x6B75, 0x6B75, 0x6B75, 0x6B75, 0x6B75, 0x6B75, 0x6B75, 0x6B75, 0x6B75, 0x4A4A, 0x212A,
  0x212A, 0x212A, 0x212A, 0x212A, 0x212A, 0x212A, 0x212A, 0x212A, 0x212A, 0x200A, 0xFFFF, 0xFFFF,
  0xFFFF, 0xFEDF, 0xFEDF, 0xFFFF, 0xFFFF, 0xFFFF, 0xFEDF, 0xFEDF, 0xFFFF, 0xFEDF, 0xFEDF, 0xFEDF,
  0xFFFF, 0xFFFF, 0xFFFF, 0xFFFF, 0xFFFF, 0xFFFF, 0xFFFF, 0xFFFF, 0xFFFF, 0xFFFF, 0xFFFF, 0xFFFF,
  0xFFFF, 0xFFFF, 0xFFFF, 0xFFFF, 0xFFFF, 0xFFFF, 0xFFFF, 0xFFFF, 0xFFFF, 0xFFFF, 0xFFFF, 0xFFFF,
  0xFFFF, 0xFFFF, 0xFFFF, 0x212A, 0x2000, 0xFFFF, 0xFFFF, 0xFFFF, 0xFFFF, 0xFFFF, 0xFFFF, 0xFFFF,
  0xFFFF, 0xFFFF, 0xFFFF, 0xFFFF, 0xFFFF, 0xFFFF, 0xFFFF, 0xFFFF, 0xFFFF, 0xFFFF, 0xFFFF, 0xFFFF,
  0xFFFF, 0xFFFF, 0xFFFF, 0xFFFF, 0xFFFF, 0xFFFF, 0xFFFF, 0xFFFF, 0xFFFF, 0xFFFF, 0xFFFF, 0xFFFF,
  0xFFFF, 0xFFFF, 0xFFFF, 0xFFFF, 0xFFFF, 0xFFFF, 0xFFFF, 0xFFFF, 0x2000, 0x212A, 0x212A, 0xFFFF,
  0xFFFF, 0xFFFF, 0xFFFF, 0xFFFF, 0xFFFF, 0xFFFF, 0x492A, 0x212A, 0x2000, 0xFFFF, 0xFEDF, 0xFEDF,
  0xFEDF, 0x492A, 0x212A, 0x212A, 0x212A, 0x212A, 0x212A, 0x212A, 0x212A, 0x212A, 0x212A, 0x212A,
  0x212A, 0x6B75, 0x6B75, 0x6B75, 0x6B75, 0x6B75, 0x6B75, 0x6B75, 0x6B75, 0x6B75, 0x6B75, 0x6B75,
  0x6B75, 0x6B75, 0x6B75, 0x6B75, 0x6B75, 0x6B75, 0x6B75, 0x6B75, 0x6B75, 0x6B75, 0x6B75, 0x6B75,
  0x6B75, 0x6B75, 0x6B75, 0x6B75, 0x6B75, 0x6B75, 0x6B75, 0x6B75, 0x6B75, 0x6B75, 0x6B75, 0x6B75,
  0x6B75, 0x6B75, 0x6B75, 0x6B75, 0x6B75, 0x6B75, 0x6B75, 0x6B75, 0x6B75, 0x6B75, 0x4A4A, 0x4A4A,
  0x4A4A, 0x4A4A, 0x4A4A, 0x4A4A, 0x6B75, 0x6B75, 0x6B75, 0x6B75, 0x6B75, 0x6B75, 0x6B75, 0x6B75,
  0x6B75, 0x6B75, 0x6B75, 0x6B75, 0x6B75, 0x212A, 0x212A, 0x6B75, 0x6B75, 0x212A, 0x212A, 0x212A,
  0xFFFF, 0xFFFF, 0xFFFF, 0x6B75, 0x212A, 0x212A, 0x212A, 0x212A, 0x4A4A, 0x4A4A, 0x4A4A, 0x4A4A,
  0x212A, 0x212A, 0x212A, 0x212A, 0x2120, 0xFFFF, 0xFFFF, 0xFFFF, 0xFFFF, 0xFFFF, 0xFFFF, 0x4A4A,
  0x212A, 0x212A, 0x212A, 0x4A4A, 0x212A, 0x4A4A, 0x4A4A, 0x4A4A, 0x212A, 0x212A, 0x212A, 0x212A,
  0x212A, 0x212A, 0x212A, 0x200A, 0x212A, 0x212A, 0x212A, 0x212A, 0x212A, 0x212A, 0x212A, 0x212A,
  0x212A, 0x212A, 0x212A, 0x212A, 0x212A, 0x212A, 0x212A, 0x212A, 0x212A, 0x212A, 0xFFFF, 0xFFFF,
  0xFFFF, 0xFEDF, 0xFEDF, 0xFFFF, 0xFFFF, 0xFFFF, 0xFEDF, 0xFEDF, 0xFEDF, 0xFFFF, 0xFEDF, 0xFEDF,
  0xFEDF, 0xFFFF, 0xFFFF, 0xFFFF, 0xFFFF, 0xFFFF, 0xFFFF, 0xFFFF, 0xFFFF, 0xFFFF, 0xFFFF, 0xFFFF,
  0xFFFF, 0xFFFF, 0xFFFF, 0xFFFF, 0xFFFF, 0xFFFF, 0xFFFF, 0xFFFF, 0xFFFF, 0xFFFF, 0xFFFF, 0xFFFF,
  0xFFFF, 0xFFFF, 0xFFFF, 0x0000, 0x212A, 0x492A, 0xFFFF, 0xFFFF, 0xFFFF, 0xFFFF, 0xFFFF, 0xFFFF,
  0xFFFF, 0xFFFF, 0xFFFF, 0xFFFF, 0xFFFF, 0xFFFF, 0xFFFF, 0xFFFF, 0xFFFF, 0xFFFF, 0xFFFF, 0xFFFF,
  0xFFFF, 0xFFFF, 0xFFFF, 0xFFFF, 0xFFFF, 0xFFFF, 0xFFFF, 0xFFFF, 0xFFFF, 0xFFFF, 0xFFFF, 0xFFFF,
  0xFFFF, 0xFFFF, 0xFFFF, 0xFFFF, 0xFFFF, 0xFFFF, 0xFFFF, 0xFFFF, 0xFFFF, 0x9495, 0xB5B5, 0xFFFF,
  0xFFFF, 0xFFFF, 0xFFFF, 0xFFFF, 0xFFFF, 0xFFFF, 0x4A4A, 0x212A, 0x212A, 0xDEDF, 0xFEDF, 0xFEDF,
  0xDEDF, 0x212A, 0x012A, 0x212A, 0x4A4A, 0x6B6A, 0x2000, 0x212A, 0x212A, 0x212A, 0x212A, 0x212A,
  0x212A, 0x4B75, 0x6B75, 0x6B75, 0x6B75, 0x6B75, 0x6B75, 0x6B75, 0x6B75, 0x6B75, 0x6B75, 0x6B75,
  0x6B75, 0x6B75, 0x6B75, 0x6B75, 0x6B75, 0x6B75, 0x6B75, 0x6B75, 0x6B75, 0x6B75, 0x6B75, 0x6B75,
  0x6B75, 0x6B75, 0x6B75, 0x6B75, 0x6B75, 0x6B75, 0x6B75, 0x6B75, 0x6B75, 0x6B75, 0x6B75, 0x6B75,
  0x6B75, 0x6B75, 0x6B75, 0x6B75, 0x6B75, 0x6B75, 0x6B75, 0x6B75, 0x6B75, 0x4A4A, 0x4A4A, 0x4A4A,
  0x4A4A, 0x4A4A, 0x4A4A, 0x4A4A, 0x6B75, 0x6B75, 0x6B75, 0x6B75, 0x6B75, 0x6B75, 0x6B75, 0x6B75,
  0x6B75, 0x6B75, 0x6B75, 0x6B75, 0x212A, 0x212A, 0x212A, 0x6B75, 0x6B75, 0x4A4A, 0x212A, 0x212A,
  0xFFFF, 0xFFFF, 0xFFFF, 0xFFFF, 0x212A, 0x212A, 0x212A, 0x212A, 0x4A4A, 0x4A4A, 0x4A4A, 0x4A4A,
  0x4A4A, 0x212A, 0x212A, 0x212A, 0x212A, 0xFFFF, 0xFFFF, 0xFFFF, 0xFFFF, 0xFFFF, 0xFFFF, 0x4A4A,
  0x212A, 0x212A, 0x212A, 0x6B75, 0x6B75, 0x6B75, 0x6B75, 0x6B75, 0x6B75, 0x212A, 0x212A, 0x212A,
  0x212A, 0x212A, 0x212A, 0x212A, 0x212A, 0x212A, 0x212A, 0x212A, 0x212A, 0x212A, 0x212A, 0x212A,
  0x212A, 0x212A, 0x212A, 0x212A, 0x212A, 0x212A, 0x212A, 0x212A, 0x212A, 0x212A, 0xFFFF, 0xFFFF,
  0xFFFF, 0xFEDF, 0xFEDF, 0xFFFF, 0xFFFF, 0xFFFF, 0xFFFF, 0xFEDF, 0xFEDF, 0xFFFF, 0xFEDF, 0xFEDF,
  0xFEDF, 0xFFFF, 0xFFFF, 0xFFFF, 0xFFFF, 0xFFFF, 0xFFFF, 0xFFFF, 0xFFFF, 0xFFFF, 0xFFFF, 0xFFFF,
  0xFFFF, 0xFFFF, 0xFFFF, 0xFFFF, 0xFFFF, 0xFFFF, 0xFFFF, 0xFFFF, 0xFFFF, 0xFFFF, 0xFFFF, 0xFFFF,
  0xFFFF, 0xFFFF, 0xFFFF, 0xFFFF, 0x012A, 0x212A, 0xFFFF, 0xFFFF, 0xFFFF, 0xFFFF, 0xFFFF, 0xFFFF,
  0xFFFF, 0xFFFF, 0xFFFF, 0xFFFF, 0xFFFF, 0xFFFF, 0xFFFF, 0xFFFF, 0xFFFF, 0xFFFF, 0xFFFF, 0xFFFF,
  0xFFFF, 0xFFFF, 0xFFFF, 0xFFFF, 0xFFFF, 0xFFFF, 0xFFFF, 0xFFFF, 0xFFFF, 0xFFFF, 0xFFFF, 0xFFFF,
  0xFFFF, 0xFFFF, 0xFFFF, 0xFFFF, 0xFFFF, 0xFFFF, 0xDDBF, 0xB495, 0xFFFF, 0xFFFF, 0xFFFF, 0xFFFF,
  0xFFFF, 0xFFFF, 0xFFFF, 0xFFFF, 0xFFFF, 0xFFFF, 0x6B75, 0x212A, 0x212A, 0x4A4A, 0xFFFF, 0xB495,
  0x2120, 0x212A, 0x212A, 0x212A, 0xFEDF, 0xFEDF, 0x6B75, 0x212A, 0x212A, 0x212A, 0x212A, 0x212A,
  0x212A, 0x212A, 0x212A, 0x6B75, 0x6B75, 0x6B75, 0x6B75, 0x6B75, 0x6B75, 0x6B75, 0x6B75, 0x6B75,
  0x6B75, 0x6B75, 0x6B75, 0x6B75, 0x6B75, 0x6B75, 0x6B75, 0x6B75, 0x6B75, 0x6B75, 0x6B75, 0x6B75,
  0x6B75, 0x6B75, 0x6B75, 0x6B75, 0x6B75, 0x6B75, 0x6B75, 0x6B75, 0x6B75, 0x6B75, 0x6B75, 0x6B75,
  0x6B75, 0x6B75, 0x6B75, 0x4A4A, 0x4A4A, 0x212A, 0x6B75, 0x6B75, 0x4A4A, 0x4A4A, 0x4A4A, 0x4A4A,
  0x4A4A, 0x4A4A, 0x4A4A, 0x4A4A, 0x6B75, 0x6B75, 0x6B75, 0x6B75, 0x6B75, 0x6B75, 0x6B75, 0x6B75,
  0x6B75, 0x6B75, 0x6B75, 0x6B75, 0x212A, 0x212A, 0x212A, 0x6B75, 0x6B75, 0x212A, 0x212A, 0x212A,
  0xFFFF, 0xFFFF, 0xFFFF, 0xFFFF, 0x6B75, 0x212A, 0x212A, 0x212A, 0x212A, 0x4A4A, 0x4A4A, 0x4A4A,
  0x4A4A, 0x4A4A, 0x212A, 0x212A, 0x212A, 0x212A, 0xDEDF, 0xFFFF, 0xFFFF, 0xFFFF, 0xFFFF, 0x4A4A,
  0x212A, 0x212A, 0x212A, 0x6B75, 0x6B75, 0x6B75, 0x6B75, 0x6B75, 0x6B75, 0x6B6A, 0x4A4A, 0x212A,
  0x212A, 0x212A, 0x212A, 0x212A, 0x212A, 0x212A, 0x212A, 0x212A, 0x212A, 0x212A, 0x212A, 0x212A,
  0x212A, 0x212A, 0x212A, 0x212A, 0x212A, 0x212A, 0x212A, 0x212A, 0x212A, 0x212A, 0x4A4A, 0xFFFF,
  0xFFFF, 0xFFFF, 0xFEDF, 0xFEDF, 0xFFFF, 0xFFFF, 0xFFFF, 0xFEDF, 0xFEDF, 0xFEDF, 0xFFFF, 0xFEDF,
  0xFEDF, 0xFEDF, 0xFFFF, 0xFFFF, 0xFFFF, 0xFFFF, 0xFFFF, 0xFFFF, 0xFFFF, 0xFFFF, 0xFFFF, 0xFFFF,
  0xFFFF, 0xFFFF, 0xFFFF, 0xFFFF, 0xFFFF, 0xFFFF, 0xFFFF, 0xFFFF, 0xFFFF, 0xFFFF, 0xFFFF, 0xFFFF,
  0xFFFF, 0xFFFF, 0xFFFF, 0xFFFF, 0x6B75, 0x212A, 0xB495, 0xFFFF, 0xFFFF, 0xFFFF, 0xFFFF, 0xFFFF,
  0xFFFF, 0xFFFF, 0xFFFF, 0xFFFF, 0xFFFF, 0xFFFF, 0xFFFF, 0xFFFF, 0xFFFF, 0xFFFF, 0xFFFF, 0xFFFF,
  0xFFFF, 0xFFFF, 0xFFFF, 0xFFFF, 0xFFFF, 0xFFFF, 0xFFFF, 0xFFFF, 0xFFFF, 0xFFFF, 0xFFFF, 0xFFFF,
  0xFFFF, 0xFFFF, 0xFFFF, 0xFFFF, 0xFFFF, 0xFFFF, 0x212A, 0x212A, 0x9375, 0xFFFF, 0xFFFF, 0xFFFF,
  0xFFFF, 0xFFFF, 0xFFFF, 0xFFFF, 0xFFFF, 0xFFFF, 0xFFFF, 0x2000, 0x212A, 0x212A, 0x212A, 0x212A,
  0x212A, 0x212A, 0x212A, 0x4A4A, 0xFEDF, 0xFEDF, 0xFEDF, 0x9375, 0x200A, 0x212A, 0x212A, 0x212A,
  0x212A, 0x212A, 0x212A, 0x212A, 0x212A, 0x212A, 0x6B75, 0x6B6A, 0x6B75, 0x6B75, 0x6B75, 0x6B75,
  0x6B75, 0x6B75, 0x6B75, 0x6B75, 0x6B75, 0x6B75, 0x6B75, 0x6B75, 0x6B75, 0x6B75, 0x6B75, 0x6B75,
  0x6B75, 0x6B75, 0x6B75, 0x6B75, 0x6B75, 0x6B75, 0x6B75, 0x6B75, 0x6B75, 0x6B75, 0x6B75, 0x6B75,
  0x4A4A, 0x212A, 0x212A, 0x212A, 0x212A, 0x4A4A, 0x6B75, 0x6B75, 0x4A4A, 0x4A4A, 0x4A4A, 0x4A4A,
  0x4A4A, 0x4A4A, 0x4A4A, 0x6B75, 0x6B75, 0x6B75, 0x6B75, 0x6B75, 0x6B75, 0x6B75, 0x6B75, 0x6B75,
  0x6B75, 0x6B75, 0x6B75, 0x212A, 0x212A, 0x212A, 0x6B75, 0x6B75, 0x6B75, 0x212A, 0x212A, 0x212A,
  0xFFFF, 0xFFFF, 0xFFFF, 0xFFFF, 0xFFFF, 0x0000, 0x212A, 0x212A, 0x212A, 0x212A, 0x4A4A, 0x4A4A,
  0x4A4A, 0x4A4A, 0x212A, 0x212A, 0x212A, 0x212A, 0x200A, 0xFFFF, 0xFFFF, 0xFFFF, 0xFFFF, 0x4A4A,
  0x212A, 0x212A, 0x212A, 0x6B75, 0x6B75, 0x6B75, 0x6B75, 0x6B75, 0x6B75, 0x6B75, 0x6B75, 0x6B75,
  0x4A4A, 0x212A, 0x212A, 0x212A, 0x212A, 0x212A, 0x212A, 0x212A, 0x212A, 0x212A, 0x212A, 0x212A,
  0x212A, 0x212A, 0x212A, 0x212A, 0x212A, 0x212A, 0x212A, 0x212A, 0x212A, 0x212A, 0x200A, 0x6B6A,
  0xFEDF, 0xFFFF, 0xFEDF, 0xFEDF, 0xFFFF, 0xFFFF, 0xFFFF, 0xFFFF, 0xFEDF, 0xFEDF, 0xFFFF, 0xFFFF,
  0xFEDF, 0xFEDF, 0xFFFF, 0xFFFF, 0xFFFF, 0xFFFF, 0xFFFF, 0xFFFF, 0xFFFF, 0xFFFF, 0xFFFF, 0xFFFF,
  0xFFFF, 0xFFFF, 0xFFFF, 0xFFFF, 0xFFFF, 0xFFFF, 0xFFFF, 0xFFFF, 0xFFFF, 0xFFFF, 0xFFFF, 0xFFFF,
  0xFFFF, 0xFFFF, 0xFFFF, 0xFFFF, 0xFFFF, 0x4A4A, 0x9495, 0xFEDF, 0xFEDF, 0xFFFF, 0xFFFF, 0xFFFF,
  0xFFFF, 0xFFFF, 0xFFFF, 0xFFFF, 0xFFFF, 0xFFFF, 0xFFFF, 0xFFFF, 0xFFFF, 0xFFFF, 0xFFFF, 0xFFFF,
  0xFFFF, 0xFFFF, 0xFFFF, 0xFFFF, 0xFFFF, 0xFFFF, 0xFFFF, 0xFFFF, 0xFFFF, 0xFFFF, 0xFFFF, 0xFFFF,
  0xFFFF, 0xFFFF, 0xFFFF, 0xFFFF, 0xFFFF, 0x6A4A, 0x212A, 0x200A, 0xB5B5, 0xFFFF, 0xFFFF, 0xFFFF,
  0xFFFF, 0xFFFF, 0xFFFF, 0xFFFF, 0xFFFF, 0xFFFF, 0xFFFF, 0x212A, 0x212A, 0x212A, 0x212A, 0x212A,
  0x212A, 0x212A, 0x4A4A, 0xFFFF, 0xFFFF, 0xFFFF, 0xFEDF, 0xFFFF, 0xB5B5, 0x212A, 0x212A, 0x212A,
  0x212A, 0x212A, 0x212A, 0x212A, 0x212A, 0x212A, 0x212A, 0x4A4A, 0x6B75, 0x6B75, 0x6B75, 0x6B75,
  0x6B75, 0x6B75, 0x6B75, 0x6B75, 0x6B75, 0x6B75, 0x6B75, 0x6B75, 0x6B75, 0x6B75, 0x6B75, 0x6B75,
  0x6B75, 0x6B75, 0x6B75, 0x6B75, 0x6B75, 0x6B75, 0x6B75, 0x6B75, 0x6B75, 0x6B75, 0x4A4A, 0x212A,
  0x212A, 0x212A, 0x212A, 0x212A, 0x212A, 0x6B75, 0x6B75, 0x4A4A, 0x4A4A, 0x4A4A, 0x4A4A, 0x4A4A,
  0x4A4A, 0x4A4A, 0x4A4A, 0x6B6A, 0x6B75, 0x6B75, 0x6B75, 0x6B75, 0x6B75, 0x6B75, 0x6B75, 0x6B75,
  0x6B75, 0x6B75, 0x4A4A, 0x212A, 0x212A, 0x212A, 0x6B75, 0x6B75, 0x6B75, 0x212A, 0x212A, 0x212A,
  0xFFFF, 0xFFFF, 0xFFFF, 0xFFFF, 0xFFFF, 0xFFFF, 0x212A, 0x212A, 0x212A, 0x212A, 0x4A4A, 0x4A4A,
  0x4A4A, 0x4A4A, 0x4A4A, 0x212A, 0x212A, 0x212A, 0x212A, 0xB5BF, 0xFFFF, 0xFFFF, 0xFFFF, 0x212A,
  0x200A, 0x212A, 0x212A, 0x6B75, 0x6B75, 0x6B75, 0x6B75, 0x6B75, 0x6B75, 0x6B75, 0x6B75, 0x6B75,
  0x6B75, 0x6B75, 0x4A4A, 0x212A, 0x212A, 0x212A, 0x212A, 0x212A, 0x212A, 0x212A, 0x212A, 0x212A,
  0x212A, 0x212A, 0x212A, 0x212A, 0x212A, 0x212A, 0x212A, 0x212A, 0x212A, 0x212A, 0x212A, 0x212A,
  0x212A, 0x6B75, 0xFEDF, 0xFEDF, 0xFEDF, 0xFFFF, 0xFFFF, 0xFFFF, 0xFEDF, 0xFEDF, 0xFEDF, 0xFFFF,
  0xFEDF, 0xFEDF, 0xFEDF, 0xFFFF, 0xFFFF, 0xFFFF, 0xFFFF, 0xFFFF, 0xFFFF, 0xFFFF, 0xFFFF, 0xFFFF,
  0xFFFF, 0xFFFF, 0xFFFF, 0xFFFF, 0xFFFF, 0xFFFF, 0xFFFF, 0xFFFF, 0xFFFF, 0xFFFF, 0xFFFF, 0xFFFF,
  0xFFFF, 0xFFFF, 0xFFFF, 0xFFFF, 0xFFFF, 0xFFFF, 0xFFFF, 0x2000, 0x6A4A, 0xFFFF, 0xFFFF, 0xFFFF,
  0xFFFF, 0xFFFF, 0xFFFF, 0xFFFF, 0xFFFF, 0xFFFF, 0xFFFF, 0xFFFF, 0xDEDF, 0x9375, 0xDDBF, 0xFFFF,
  0xFFFF, 0xFFFF, 0xFFFF, 0xFFFF, 0xFFFF, 0xFFFF, 0xFFFF, 0xFFFF, 0xFFFF, 0xFFFF, 0xFFFF, 0xFFFF,
  0xFFFF, 0xFFFF, 0xFFFF, 0xFFFF, 0x6B6A, 0x2000, 0x212A, 0x212A, 0xFFFF, 0xFFFF, 0xFFFF, 0xFFFF,
  0xFFFF, 0xFFFF, 0xFFFF, 0xFFFF, 0xFFFF, 0xFFFF, 0xFFFF, 0xFFFF, 0x0000, 0x212A, 0x212A, 0x212A,
  0x212A, 0xB5B5, 0xFEDF, 0xFFFF, 0xFFFF, 0xFFFF, 0xFFFF, 0xFFFF, 0xFFFF, 0xFFFF, 0x0000, 0x212A,
  0x212A, 0x212A, 0x212A, 0x212A, 0x212A, 0x212A, 0x212A, 0x212A, 0x212A, 0x4A4A, 0x6B75, 0x6B75,
  0x6B75, 0x6B75, 0x6B75, 0x6B75, 0x6B75, 0x6B75, 0x6B75, 0x6B75, 0x6B75, 0x6B75, 0x6B75, 0x6B75,
  0x6B75, 0x6B75, 0x6B75, 0x6B75, 0x6B75, 0x6B75, 0x6B75, 0x6B75, 0x4A4A, 0x212A, 0x212A, 0x212A,
  0x212A, 0x212A, 0x212A, 0x212A, 0x6B75, 0x6B75, 0x6B75, 0x4A4A, 0x4A4A, 0x4A4A, 0x4A4A, 0x4A4A,
  0x4A4A, 0x4A4A, 0x4A4A, 0x6B75, 0x6B75, 0x6B75, 0x6B75, 0x6B75, 0x6B75, 0x6B75, 0x6B75, 0x6B75,
  0x6B75, 0x6B75, 0x212A, 0x212A, 0x212A, 0x212A, 0x6B75, 0x6B75, 0x6B75, 0x212A, 0x212A, 0x212A,
  0xFFFF, 0xFFFF, 0xFFFF, 0xFFFF, 0xFFFF, 0xFFFF, 0x212A, 0x212A, 0x212A, 0x212A, 0x212A, 0x4A4A,
  0x4A4A, 0x4A4A, 0x4A4A, 0x4A4A, 0x212A, 0x212A, 0x212A, 0x212A, 0x212A, 0xFFFF, 0xFFFF, 0x200A,
  0x212A, 0x212A, 0x212A, 0x4A4A, 0x6B75, 0x6B75, 0x6B75, 0x6B75, 0x6B75, 0x6B75, 0x6B75, 0x6B75,
  0x6B6A, 0x9495, 0xDEDF, 0xB5B5, 0x212A, 0x212A, 0x212A, 0x4A4A, 0x212A, 0x212A, 0x212A, 0x212A,
  0x212A, 0x212A, 0x212A, 0x212A, 0x212A, 0x212A, 0x212A, 0x212A, 0x212A, 0x212A, 0x212A, 0x212A,
  0x212A, 0x212A, 0x212A, 0x212A, 0x9375, 0xFEDF, 0xFFFF, 0xFFFF, 0xFFFF, 0xFEDF, 0xFEDF, 0xFEDF,
  0xFEDF, 0xFEDF, 0xFEDF, 0xFFFF, 0xFFFF, 0xFFFF, 0xFFFF, 0xFFFF, 0xFFFF, 0xFFFF, 0xFFFF, 0xFFFF,
  0xFFFF, 0xFFFF, 0xFFFF, 0xFFFF, 0xFFFF, 0xFFFF, 0xFFFF, 0xFFFF, 0xFFFF, 0xFFFF, 0xFFFF, 0xFFFF,
  0xFFFF, 0xFFFF, 0xFFFF, 0xFFFF, 0xFFFF, 0xFFFF, 0xFFFF, 0x212A, 0x212A, 0x2000, 0xFFFF, 0xFFFF,
  0xFFFF, 0xFFFF, 0xFFFF, 0xFFFF, 0xFFFF, 0xFFFF, 0x212A, 0x2120, 0x212A, 0x200A, 0x212A, 0x2000,
  0xB5B5, 0xFFFF, 0xFFFF, 0xFFFF, 0xFFFF, 0xFFFF, 0xFFFF, 0xFFFF, 0xFFFF, 0xFFFF, 0xFFFF, 0xFFFF,
  0xB495, 0x212A, 0x2000, 0x212A, 0x212A, 0x212A, 0x9495, 0xFFFF, 0xFFFF, 0xFFFF, 0xFFFF, 0xFFFF,
  0xFFFF, 0xFFFF, 0xFFFF, 0xFFFF, 0xFFFF, 0xFFFF, 0xFFFF, 0xFEDF, 0xFFFF, 0xFFFF, 0xDDBF, 0xFEDF,
  0xFFFF, 0xFEDF, 0xFEDF, 0xFFFF, 0xFFFF, 0xFFFF, 0xFFFF, 0xFFFF, 0xFFFF, 0xFFFF, 0x4A4A, 0x212A,
  0x212A, 0x212A, 0x212A, 0x212A, 0x212A, 0x212A, 0x212A, 0x212A, 0x212A, 0x212A, 0x200A, 0x212A,
  0x212A, 0x4A4A, 0x6B75, 0x6B75, 0x6B75, 0x6B75, 0x6B75, 0x6B75, 0x6B75, 0x6B75, 0x6B75, 0x6B75,
  0x6B75, 0x6B75, 0x6B75, 0x212A, 0x212A, 0x212A, 0x212A, 0x212A, 0x212A, 0x212A, 0x212A, 0x212A,
  0x212A, 0x212A, 0x212A, 0x4A4A, 0x6B75, 0x6B75, 0x4A4A, 0x4A4A, 0x4A4A, 0x4A4A, 0x4A4A, 0x4A4A,
  0x4A4A, 0x4A4A, 0x6B75, 0x6B75, 0x6B75, 0x6B75, 0x6B75, 0x6B75, 0x6B75, 0x6B75, 0x6B75, 0x6B75,
  0x6B75, 0x212A, 0x212A, 0x212A, 0x212A, 0x4A4A, 0x6B75, 0x6B75, 0x6B75, 0x212A, 0x212A, 0x212A,
  0xFFFF, 0xFFFF, 0xFFFF, 0xFFFF, 0xFFFF, 0xFFFF, 0xFEDF, 0x2120, 0x212A, 0x212A, 0x212A, 0x212A,
  0x4A4A, 0x4A4A, 0x4A4A, 0x4A4A, 0x4A4A, 0x212A, 0x212A, 0x212A, 0x212A, 0x212A, 0xFFFF, 0x212A,
  0x212A, 0x212A, 0x212A, 0x4A4A, 0x6B75, 0x6B75, 0x6B75, 0x6B75, 0x6B75, 0x6B75, 0x6B75, 0x6B75,
  0xB5B5, 0xFFFF, 0xDEDF, 0xFFFF, 0x4A4A, 0x212A, 0x212A, 0x212A, 0x212A, 0x212A, 0x212A, 0x212A,
  0x212A, 0x212A, 0x212A, 0x212A, 0x212A, 0x212A, 0x212A, 0x212A, 0x212A, 0x212A, 0x212A, 0x212A,
  0x212A, 0x212A, 0x212A, 0x212A, 0x212A, 0x000A, 0x9495, 0xFFFF, 0xFFFF, 0xFEDF, 0xFEDF, 0xFEDF,
  0xFFFF, 0xFEDF, 0xFEDF, 0xFFFF, 0xFFFF, 0xFFFF, 0xFFFF, 0xFFFF, 0xFFFF, 0xFFFF, 0xFFFF, 0xFFFF,
  0xFFFF, 0xFFFF, 0xFFFF, 0xFFFF, 0xFFFF, 0xFFFF, 0xFFFF, 0xFFFF, 0xFFFF, 0xFFFF, 0xFFFF, 0xFFFF,
  0xFFFF, 0xFFFF, 0xFFFF, 0xFFFF, 0xFFFF, 0xFFFF, 0xFFFF, 0xFFFF, 0x212A, 0x212A, 0x212A, 0x9375,
  0xFFFF, 0xFFFF, 0xFFFF, 0xFFFF, 0xDEDF, 0x212A, 0x212A, 0x212A, 0x4A4A, 0x4A4A, 0x000A, 0x212A,
  0x212A, 0x6B6A, 0xDEDF, 0xDDB5, 0xDDBF, 0xDDBF, 0xDEDF, 0xB5B5, 0xFFFF, 0x6A4A, 0x212A, 0x200A,
  0x212A, 0x212A, 0x212A, 0x200A, 0x0000, 0xB5B5, 0xFFFF, 0xFFFF, 0xFFFF, 0xFFFF, 0xFFFF, 0xFFFF,
  0xFFFF, 0xFFFF, 0xFFFF, 0xFFFF, 0xFFFF, 0xFFFF, 0xFFFF, 0xFFFF, 0xFFFF, 0xFFFF, 0xFFFF, 0xFFFF,
  0xFFFF, 0xFFFF, 0xFFFF, 0xFFFF, 0xFFFF, 0xFFFF, 0xFFFF, 0xFFFF, 0xDDBF, 0x212A, 0x212A, 0x212A,
  0x212A, 0x212A, 0x212A, 0x212A, 0x212A, 0x212A, 0x212A, 0x212A, 0x212A, 0x212A, 0x212A, 0x212A,
  0x212A, 0x212A, 0x212A, 0x212A, 0x212A, 0x492A, 0x212A, 0x4A4A, 0x212A, 0x4A4A, 0x212A, 0x4A4A,
  0x212A, 0x212A, 0x212A, 0x212A, 0x212A, 0x212A, 0x212A, 0x212A, 0x212A, 0x212A, 0x212A, 0x212A,
  0x212A, 0x212A, 0x212A, 0x6B75, 0x6B75, 0x6B75, 0x4A4A, 0x4A4A, 0x4A4A, 0x4A4A, 0x4A4A, 0x4A4A,
  0x4A4A, 0x4A4A, 0x6B75, 0x6B75, 0x6B75, 0x6B75, 0x6B75, 0x6B75, 0x6B75, 0x6B75, 0x6B75, 0x6B75,
  0x6B75, 0x212A, 0x212A, 0x212A, 0x212A, 0x6B75, 0x6B75, 0x6B75, 0x6B75, 0x212A, 0x212A, 0x212A,
  0xFFFF, 0xFFFF, 0xFFFF, 0xFFFF, 0xFFFF, 0xFFFF, 0xFFFF, 0xB5BF, 0x212A, 0x212A, 0x212A, 0x212A,
  0x212A, 0x4A4A, 0x4A4A, 0x4A4A, 0x4A4A, 0x212A, 0x212A, 0x212A, 0x212A, 0x212A, 0x212A, 0x212A,
  0x212A, 0x212A, 0x212A, 0x4A4A, 0x6B75, 0x6B75, 0x6B75, 0x6B75, 0x6B75, 0x6B75, 0x6B75, 0x6B75,
  0xFFFF, 0xB495, 0x936A, 0xFEDF, 0xB5B5, 0x212A, 0x212A, 0x212A, 0x212A, 0x212A, 0x212A, 0x212A,
  0x212A, 0x212A, 0x212A, 0x212A, 0x212A, 0x212A, 0x212A, 0x212A, 0x212A, 0x212A, 0x212A, 0x212A,
  0x212A, 0x212A, 0x212A, 0x212A, 0x212A, 0x212A, 0x212A, 0x2000, 0x212A, 0xFFFF, 0xFFFF, 0xFEDF,
  0xFFFF, 0xFFFF, 0xFEDF, 0xFEDF, 0xFFFF, 0xFFFF, 0xFFFF, 0xFFFF, 0xFFFF, 0xFFFF, 0xFFFF, 0xFFFF,
  0xFFFF, 0xFFFF, 0xFFFF, 0xFFFF, 0xFFFF, 0xFFFF, 0xFFFF, 0xFFFF, 0xFFFF, 0xFFFF, 0xFFFF, 0xFFFF,
  0xFFFF, 0xFFFF, 0xFFFF, 0xFFFF, 0xFFFF, 0xFFFF, 0xFFFF, 0xFFFF, 0xFFFF, 0x0000, 0x200A, 0x212A,
  0x2000, 0x6A4A, 0x2000, 0x2000, 0x200A, 0x212A, 0x212A, 0x4A4A, 0xFFFF, 0xFFFF, 0xFFFF, 0x0000,
  0x212A, 0x212A, 0x200A, 0x212A, 0x212A, 0x200A, 0x200A, 0x212A, 0x200A, 0x212A, 0x212A, 0x212A,
  0x212A, 0x2000, 0x212A, 0xFFFF, 0xFFFF, 0xFFFF, 0xFFFF, 0xFFFF, 0xFFFF, 0xFFFF, 0xFFFF, 0xFFFF,
  0xFFFF, 0xFFFF, 0xFFFF, 0xFFFF, 0xFFFF, 0xFFFF, 0xFFFF, 0xFFFF, 0xFFFF, 0xFFFF, 0xFFFF, 0xFFFF,
  0xFFFF, 0xFFFF, 0xFFFF, 0xFFFF, 0xFFFF, 0xB5B5, 0x492A, 0x200A, 0x200A, 0x212A, 0x212A, 0x212A,
  0x212A, 0x212A, 0x212A, 0x212A, 0x212A, 0x212A, 0x212A, 0x212A, 0x212A, 0x212A, 0x212A, 0x212A,
  0x212A, 0x212A, 0x212A, 0x212A, 0x212A, 0x212A, 0x212A, 0x212A, 0x212A, 0x212A, 0x212A, 0x212A,
  0x212A, 0x212A, 0x212A, 0x212A, 0x212A, 0x212A, 0x212A, 0x212A, 0x212A, 0x212A, 0x212A, 0x212A,
  0x212A, 0x000A, 0x6B75, 0x6B75, 0x6B75, 0x6B75, 0x4A4A, 0x4A4A, 0x4A4A, 0x4A4A, 0x4A4A, 0x4A4A,
  0x4A4A, 0x4A4A, 0x6B75, 0x6B75, 0x6B75, 0x6B75, 0x6B75, 0x6B75, 0x6B75, 0x6B75, 0x6B75, 0x6B75,
  0x212A, 0x212A, 0x212A, 0x212A, 0x6B75, 0x6B75, 0x6B75, 0x6B75, 0x6B75, 0x212A, 0x212A, 0x212A,
  0xFFFF, 0xFFFF, 0xFFFF, 0xFFFF, 0xFFFF, 0xFFFF, 0xFFFF, 0xFFFF, 0x6B75, 0x2120, 0x212A, 0x212A,
  0x212A, 0x212A, 0x212A, 0x4A4A, 0x4A4A, 0x4A4A, 0x4A4A, 0x212A, 0x212A, 0x212A, 0x212A, 0x212A,
  0x212A, 0x212A, 0x212A, 0x6B75, 0x6B75, 0x6B75, 0x6B75, 0x6B75, 0x6B75, 0x6B75, 0x6B75, 0x6B75,
  0xFFFF, 0xB36A, 0xB36A, 0xFFFF, 0x4A4A, 0x212A, 0x212A, 0x212A, 0x212A, 0x212A, 0x212A, 0x212A,
  0x212A, 0x212A, 0x212A, 0x212A, 0x212A, 0x212A, 0x212A, 0x212A, 0x212A, 0x212A, 0x212A, 0x212A,
  0x212A, 0x212A, 0x212A, 0x212A, 0x212A, 0x212A, 0x212A, 0x212A, 0x212A, 0x212A, 0x200A, 0x212A,
  0xDDBF, 0xFFFF, 0xFFFF, 0xFEDF, 0xFEDF, 0xFFFF, 0xFFFF, 0xFFFF, 0xFFFF, 0xFFFF, 0xFFFF, 0xFFFF,
  0xFFFF, 0xFFFF, 0xFFFF, 0xFFFF, 0xFFFF, 0xFFFF, 0xFFFF, 0xFFFF, 0xFFFF, 0xFFFF, 0xFFFF, 0xFFFF,
  0xFFFF, 0xFFFF, 0xFFFF, 0xFFFF, 0xFFFF, 0xFFFF, 0xFFFF, 0xFFFF, 0xFFFF, 0xFFFF, 0xDEDF, 0x0000,
  0x212A, 0x212A, 0x212A, 0x212A, 0x0000, 0xB495, 0xFFFF, 0xFFFF, 0xFFFF, 0xFFFF, 0xFFFF, 0xFFFF,
  0xFFFF, 0x4A4A, 0x212A, 0x212A, 0x212A, 0x212A, 0x2000, 0x212A, 0x2120, 0x212A, 0xB5B5, 0xFFFF,
  0xFFFF, 0xFFFF, 0xFFFF, 0xFFFF, 0xFFFF, 0xFFFF, 0xFFFF, 0xFFFF, 0xFFFF, 0xFFFF, 0xFFFF, 0xFFFF,
  0xFFFF, 0xFFFF, 0xFFFF, 0xFFFF, 0xFFFF, 0xFFFF, 0xFFFF, 0xFFFF, 0xFFFF, 0xFFFF, 0xFFFF, 0xFFFF,
  0xFFFF, 0xFEDF, 0x2000, 0x2000, 0x212A, 0x212A, 0x212A, 0x212A, 0x212A, 0x212A, 0x212A, 0x212A,
  0x212A, 0x212A, 0x212A, 0x212A, 0x212A, 0x212A, 0x212A, 0x212A, 0x212A, 0x212A, 0x212A, 0x212A,
  0x212A, 0x212A, 0x212A, 0x212A, 0x212A, 0x212A, 0x212A, 0x212A, 0x212A, 0x212A, 0x212A, 0x212A,
  0x212A, 0x212A, 0x212A, 0x212A, 0x212A, 0x212A, 0x212A, 0x212A, 0x212A, 0x212A, 0x212A, 0x212A,
  0x6B75, 0x6B75, 0x6B75, 0x6B75, 0x6B75, 0x4A4A, 0x4A4A, 0x4A4A, 0x4A4A, 0x4A4A, 0x4A4A, 0x4A4A,
  0x4A4A, 0x4A4A, 0x6B75, 0x6B75, 0x6B75, 0x6B75, 0x6B75, 0x6B75, 0x6B75, 0x6B75, 0x4A4A, 0x212A,
  0x212A, 0x212A, 0x212A, 0x212A, 0x6B75, 0x6B75, 0x6B75, 0x6B75, 0x4A4A, 0x212A, 0x212A, 0x212A,
  0xFFFF, 0xFFFF, 0xFFFF, 0xFFFF, 0xFFFF, 0xFFFF, 0xFFFF, 0xFFFF, 0xFFFF, 0x6B6A, 0x212A, 0x212A,
  0x212A, 0x212A, 0x212A, 0x212A, 0x212A, 0x4A4A, 0x4A4A, 0x4A4A, 0x212A, 0x212A, 0x212A, 0x212A,
  0x212A, 0x212A, 0x212A, 0x6B75, 0x6B75, 0x6B75, 0x6B75, 0x6B75, 0x6B75, 0x6B75, 0x6B75, 0x6B75,
  0xDDB5, 0x936A, 0xB36A, 0xFFFF, 0x6B6A, 0x212A, 0x212A, 0x212A, 0x212A, 0x212A, 0x212A, 0x212A,
  0x212A, 0x212A, 0x212A, 0x212A, 0x212A, 0x212A, 0x212A, 0x212A, 0x212A, 0x212A, 0x212A, 0x212A,
  0x212A, 0x212A, 0x212A, 0x212A, 0x212A, 0x212A, 0x212A, 0x212A, 0x212A, 0x212A, 0x212A, 0x212A,
  0x200A, 0x212A, 0x4A4A, 0xDEDF, 0xFFFF, 0xFFFF, 0xFFFF, 0xFFFF, 0xFFFF, 0xFFFF, 0xFFFF, 0xFFFF,
  0xFFFF, 0xFFFF, 0xFFFF, 0xFFFF, 0xFFFF, 0xFFFF, 0xFFFF, 0xFFFF, 0xFFFF, 0xFFFF, 0xFFFF, 0xFFFF,
  0xFFFF, 0xFFFF, 0xFFFF, 0xFFFF, 0xFFFF, 0xFFFF, 0xFFFF, 0xFFFF, 0xFFFF, 0xFFFF, 0xFFFF, 0xFFFF,
  0xDEDF, 0xB5BF, 0xDEDF, 0xFFFF, 0xFFFF, 0xFFFF, 0xFFFF, 0xFFFF, 0xFFFF, 0xFFFF, 0xFFFF, 0xFFFF,
  0xFFFF, 0xFFFF, 0xFFFF, 0xFFFF, 0xFFFF, 0xFFFF, 0xFFFF, 0xFFFF, 0xFFFF, 0xFFFF, 0xFFFF, 0xFFFF,
  0xFFFF, 0xFFFF, 0xFFFF, 0xFFFF, 0xFFFF, 0xFFFF, 0xFFFF, 0xFFFF, 0xFFFF, 0xFFFF, 0xFFFF, 0xFFFF,
  0xFFFF, 0xFFFF, 0xFFFF, 0xFFFF, 0xFFFF, 0xFFFF, 0xFFFF, 0xFFFF, 0xFFFF, 0xFFFF, 0xFFFF, 0x9375,
  0x6A4A, 0x212A, 0x212A, 0x212A, 0x212A, 0x212A, 0x212A, 0x212A, 0x212A, 0x212A, 0x212A, 0x212A,
  0x212A, 0x212A, 0x212A, 0x212A, 0x212A, 0x212A, 0x212A, 0x212A, 0x212A, 0x212A, 0x212A, 0x212A,
  0x212A, 0x212A, 0x212A, 0x212A, 0x212A, 0x212A, 0x212A, 0x212A, 0x212A, 0x212A, 0x212A, 0x212A,
  0x212A, 0x212A, 0x212A, 0x212A, 0x212A, 0x212A, 0x212A, 0x212A, 0x212A, 0x4A4A, 0x6B75, 0x6B75,
  0x6B75, 0x6B75, 0x6B75, 0x6B75, 0x6B6A, 0x4A4A, 0x4A4A, 0x4A4A, 0x4A4A, 0x4A4A, 0x4A4A, 0x4A4A,
  0x4A4A, 0x4A4A, 0x6B75, 0x6B75, 0x6B75, 0x6B75, 0x6B75, 0x6B75, 0x6B75, 0x6B75, 0x212A, 0x212A,
  0x212A, 0x212A, 0x212A, 0x6B75, 0x6B75, 0x6B75, 0x6B75, 0x6B75, 0x212A, 0x212A, 0x212A, 0x212A,
  0xFFFF, 0xFFFF, 0xFFFF, 0xFFFF, 0xFFFF, 0xFFFF, 0xFFFF, 0xFFFF, 0xFFFF, 0xFFFF, 0xFFFF, 0x212A,
  0x212A, 0x212A, 0x212A, 0x212A, 0x212A, 0x212A, 0x212A, 0x4A4A, 0x4A4A, 0x4A4A, 0x212A, 0x212A,
  0x212A, 0x212A, 0x212A, 0x6B75, 0x6B75, 0x6B75, 0x6B75, 0x6B75, 0x6B75, 0x6B75, 0x6B75, 0x6B75,
  0xDDB5, 0x936A, 0xB36A, 0xB495, 0xFFFF, 0x212A, 0x212A, 0x492A, 0x212A, 0x212A, 0x212A, 0x492A,
  0x212A, 0x212A, 0x212A, 0x212A, 0x212A, 0x212A, 0x212A, 0x212A, 0x212A, 0x212A, 0x212A, 0x212A,
  0x212A, 0x212A, 0x212A, 0x212A, 0x212A, 0x212A, 0x212A, 0x212A, 0x212A, 0x212A, 0x212A, 0x212A,
  0x212A, 0x212A, 0x212A, 0x212A, 0x212A, 0x200A, 0x4A4A, 0xFFFF, 0xFFFF, 0xFFFF, 0xFFFF, 0xFFFF,
  0xFFFF, 0xFFFF, 0xFFFF, 0xFFFF, 0xFFFF, 0xFFFF, 0xFFFF, 0xFFFF, 0xFFFF, 0xFFFF, 0xFFFF, 0xFFFF,
  0xFFFF, 0xFFFF, 0xFFFF, 0xFFFF, 0xFFFF, 0xFFFF, 0xFFFF, 0xFFFF, 0xFFFF, 0xFFFF, 0xFFFF, 0xFFFF,
  0xFFFF, 0xFFFF, 0xFFFF, 0xFFFF, 0xFFFF, 0xFFFF, 0xFFFF, 0xFFFF, 0xFFFF, 0xFFFF, 0xFFFF, 0xFFFF,
  0xFFFF, 0xFFFF, 0xFFFF, 0xFFFF, 0xFFFF, 0xFFFF, 0xFFFF, 0xFFFF, 0xFFFF, 0xFFFF, 0xFFFF, 0xFFFF,
  0xFFFF, 0xFFFF, 0xFFFF, 0xFFFF, 0xFFFF, 0xFFFF, 0xFFFF, 0xFFFF, 0xFFFF, 0xFFFF, 0xFFFF, 0xFFFF,
  0xFFFF, 0xFFFF, 0xFFFF, 0xFFFF, 0xFFFF, 0xFFFF, 0xFFFF, 0xFFFF, 0x6A4A, 0x212A, 0x212A, 0x212A,
  0x212A, 0x212A, 0x212A, 0x212A, 0x212A, 0x212A, 0x212A, 0x212A, 0x212A, 0x212A, 0x212A, 0x212A,
  0x212A, 0x212A, 0x212A, 0x212A, 0x212A, 0x212A, 0x212A, 0x212A, 0x212A, 0x212A, 0x212A, 0x212A,
  0x212A, 0x212A, 0x212A, 0x212A, 0x212A, 0x212A, 0x212A, 0x212A, 0x212A, 0x212A, 0x212A, 0x212A,
  0x212A, 0x212A, 0x212A, 0x212A, 0x212A, 0x4A55, 0x6B75, 0x6B75, 0x6B75, 0x6B75, 0x6B75, 0x6B75,
  0x6B75, 0x6B75, 0x6B75, 0x6B75, 0x4A4A, 0x212A, 0x212A, 0x212A, 0x4A4A, 0x4A4A, 0x4A4A, 0x4A4A,
  0x4A4A, 0x4A4A, 0x6B6A, 0x6B75, 0x6B75, 0x6B75, 0x6B75, 0x6B75, 0x212A, 0x212A, 0x212A, 0x212A,
  0x212A, 0x212A, 0x6B75, 0x6B75, 0x6B75, 0x6B75, 0x6B75, 0x212A, 0x212A, 0x212A, 0x212A, 0x212A,
  0xFFFF, 0xFFFF, 0xFFFF, 0xFFFF, 0xFFFF, 0xFFFF, 0xFFFF, 0xFFFF, 0xFFFF, 0xFFFF, 0xFFFF, 0xFFFF,
  0x6B75, 0x2000, 0x212A, 0x212A, 0x212A, 0x212A, 0x212A, 0x212A, 0x212A, 0x212A, 0x212A, 0x212A,
  0x212A, 0x212A, 0x212A, 0x6B75, 0x6B75, 0x6B75, 0x6B75, 0x6B75, 0x6B75, 0x6B75, 0x6B75, 0x6B6A,
  0xFFFF, 0x936A, 0xB36A, 0x936A, 0xFFFF, 0x4A4A, 0x212A, 0x492A, 0x492A, 0x212A, 0x212A, 0x492A,
  0x492A, 0x492A, 0x212A, 0x212A, 0x212A, 0x212A, 0x212A, 0x212A, 0x212A, 0x212A, 0x212A, 0x212A,
  0x212A, 0x212A, 0x212A, 0x212A, 0x212A, 0x212A, 0x212A, 0x212A, 0x212A, 0x212A, 0x212A, 0x212A,
  0x212A, 0x212A, 0x212A, 0x212A, 0x212A, 0x212A, 0x212A, 0x0000, 0x0000, 0x2120, 0x6B6A, 0xFFFF,
  0xFFFF, 0xFFFF, 0xFFFF, 0xFFFF, 0xFFFF, 0xFFFF, 0xFFFF, 0xFFFF, 0xFFFF, 0xFFFF, 0xFFFF, 0xFFFF,
  0xFFFF, 0xFFFF, 0xFFFF, 0xFFFF, 0xFFFF, 0xFFFF, 0xFFFF, 0xFFFF, 0xFFFF, 0xFFFF, 0xFFFF, 0xFFFF,
  0xFFFF, 0xFFFF, 0xFFFF, 0xFFFF, 0xFFFF, 0xFFFF, 0xFFFF, 0xFFFF, 0xFFFF, 0xFFFF, 0xFFFF, 0xFFFF,
  0xFFFF, 0xFFFF, 0xFFFF, 0xFFFF, 0xFFFF, 0xFFFF, 0xFFFF, 0xFFFF, 0xFFFF, 0xFFFF, 0xFFFF, 0xFFFF,
  0xFFFF, 0xFFFF, 0xFFFF, 0xFFFF, 0xFFFF, 0xFFFF, 0xFFFF, 0xFFFF, 0xFFFF, 0xFFFF, 0xFFFF, 0xFFFF,
  0xFFFF, 0xFFFF, 0xFFFF, 0xFFFF, 0xFFFF, 0x212A, 0x212A, 0x2000, 0x212A, 0x212A, 0x212A, 0x212A,
  0x212A, 0x212A, 0x212A, 0x212A, 0x212A, 0x212A, 0x212A, 0x212A, 0x212A, 0x212A, 0x212A, 0x212A,
  0x212A, 0x212A, 0x212A, 0x212A, 0x212A, 0x212A, 0x212A, 0x212A, 0x212A, 0x212A, 0x212A, 0x212A,
  0x492A, 0x6B75, 0x4A4A, 0x212A, 0x4A4A, 0x4A4A, 0x4A4A, 0x212A, 0x212A, 0x212A, 0x212A, 0x212A,
  0x6B75, 0x6B75, 0x6B75, 0x6B75, 0x6B75, 0x6B75, 0x6B75, 0x6B75, 0x6B75, 0x6B75, 0x6B75, 0x6B75,
  0x6B75, 0x6B75, 0x6B75, 0x6B6A, 0x212A, 0x212A, 0x212A, 0x212A, 0x4A4A, 0x4A4A, 0x4A4A, 0x4A4A,
  0x4A4A, 0x4A4A, 0x4A4A, 0x6B75, 0x6B75, 0x6B75, 0x6B75, 0x212A, 0x212A, 0x212A, 0x212A, 0x212A,
  0x212A, 0x6B75, 0x6B75, 0x6B75, 0x6B75, 0x6B75, 0x4A4A, 0x212A, 0x212A, 0x212A, 0x212A, 0x212A,
  0xFFFF, 0xFFFF, 0xFFFF, 0xFFFF, 0xFFFF, 0xFFFF, 0xFFFF, 0xFFFF, 0xFFFF, 0xFFFF, 0xFFFF, 0xFFFF,
  0xFFFF, 0xFFFF, 0x2120, 0x0000, 0x200A, 0x212A, 0x212A, 0x212A, 0x212A, 0x212A, 0x212A, 0x212A,
  0x212A, 0x212A, 0x4A4A, 0x6B75, 0x6B75, 0x6B75, 0x6B75, 0x6B75, 0x6B75, 0x6B75, 0x6B75, 0x212A,
  0xFFFF, 0x936A, 0xB36A, 0xB36A, 0x936A, 0xFFFF, 0x9495, 0x4A4A, 0x212A, 0x212A, 0x212A, 0x212A,
  0x492A, 0x212A, 0x212A, 0x212A, 0x212A, 0x212A, 0x212A, 0x212A, 0x212A, 0x212A, 0x212A, 0x212A,
  0x212A, 0x212A, 0x212A, 0x212A, 0x212A, 0x212A, 0x212A, 0x212A, 0x212A, 0x212A, 0x212A, 0x212A,
  0x212A, 0x212A, 0x212A, 0x212A, 0x212A, 0x212A, 0x212A, 0x212A, 0x212A, 0x212A, 0x212A, 0x212A,
  0x212A, 0x6A4A, 0xDEDF, 0xFFFF, 0xFFFF, 0xFFFF, 0xFFFF, 0xFFFF, 0xFFFF, 0xFFFF, 0xFFFF, 0xFFFF,
  0xFFFF, 0xFFFF, 0xFFFF, 0xFFFF, 0xFFFF, 0xFFFF, 0xFFFF, 0xFFFF, 0xFFFF, 0xFFFF, 0xFFFF, 0xFFFF,
  0xFFFF, 0xFFFF, 0xFFFF, 0xFFFF, 0xFFFF, 0xFFFF, 0xFFFF, 0xFFFF, 0xFFFF, 0xFFFF, 0xFFFF, 0xFFFF,
  0xFFFF, 0xFFFF, 0xFFFF, 0xFFFF, 0xFFFF, 0xFFFF, 0xFFFF, 0xFFFF, 0xFFFF, 0xFFFF, 0xFFFF, 0xFFFF,
  0xFFFF, 0xFFFF, 0xFFFF, 0xFFFF, 0xFFFF, 0xFFFF, 0xFFFF, 0xFFFF, 0xFFFF, 0xFFFF, 0xFFFF, 0xFFFF,
  0xFFFF, 0xB5B5, 0x9495, 0x212A, 0x2120, 0x212A, 0x212A, 0x212A, 0x212A, 0x212A, 0x212A, 0x212A,
  0x212A, 0x212A, 0x212A, 0x212A, 0x212A, 0x212A, 0x212A, 0x212A, 0x212A, 0x212A, 0x212A, 0x212A,
  0x212A, 0x212A, 0x212A, 0x212A, 0x4A4A, 0x212A, 0x212A, 0x212A, 0x212A, 0x212A, 0x212A, 0x212A,
  0x4A4A, 0x6B75, 0x6B75, 0x6B75, 0x6B75, 0x6B75, 0x6B75, 0x6B75, 0x6B75, 0x6B75, 0x6B75, 0x6B75,
  0x6B75, 0x6B75, 0x6B75, 0x6B75, 0x6B75, 0x6B75, 0x6B75, 0x6B75, 0x6B75, 0x6B75, 0x6B75, 0x6B75,
  0x6B75, 0x6B75, 0x6B75, 0x4A4A, 0x212A, 0x212A, 0x212A, 0x212A, 0x4A4A, 0x4A4A, 0x4A4A, 0x4A4A,
  0x4A4A, 0x4A4A, 0x4A4A, 0x6B75, 0x6B75, 0x4A4A, 0x212A, 0x212A, 0x212A, 0x212A, 0x212A, 0x212A,
  0x4A4A, 0x6B75, 0x6B75, 0x6B75, 0x6B75, 0x6B75, 0x212A, 0x212A, 0x212A, 0x212A, 0x212A, 0x212A,
  0xFFFF, 0xFFFF, 0xFFFF, 0xFFFF, 0xFFFF, 0xFFFF, 0xFFFF, 0xFFFF, 0xFFFF, 0xFFFF, 0xFFFF, 0xFFFF,
  0xFFFF, 0xFFFF, 0xFFFF, 0xFFFF, 0xFFFF, 0xB495, 0x6B6A, 0x4A4A, 0x4A4A, 0x6B75, 0x212A, 0x212A,
  0x212A, 0x212A, 0x6B75, 0x6B75, 0x6B75, 0x6B75, 0x6B75, 0x6B75, 0x6B75, 0x6B75, 0x4A4A, 0x212A,
  0xDEDF, 0xFEDF, 0x936A, 0xB36A, 0xB36A, 0x936A, 0xB495, 0xB495, 0xFFFF, 0xDEDF, 0xFFFF, 0x4A4A,
  0x212A, 0x212A, 0x212A, 0x212A, 0x212A, 0x212A, 0x212A, 0x212A, 0x212A, 0x212A, 0x212A, 0x212A,
  0x212A, 0x212A, 0x212A, 0x212A, 0x212A, 0x212A, 0x212A, 0x212A, 0x212A, 0x212A, 0x212A, 0x212A,
  0x212A, 0x212A, 0x212A, 0x212A, 0x212A, 0x212A, 0x212A, 0x212A, 0x212A, 0x212A, 0x212A, 0x212A,
  0x212A, 0x212A, 0x212A, 0x212A, 0x212A, 0x2000, 0x4A4A, 0x9495, 0xB5BF, 0xB5B5, 0xFFFF, 0xFFFF,
  0xFFFF, 0xFFFF, 0xFFFF, 0xFFFF, 0xFFFF, 0xFFFF, 0xFFFF, 0xFFFF, 0xFFFF, 0xFFFF, 0xFFFF, 0xFFFF,
  0xFFFF, 0xFFFF, 0xFFFF, 0xFFFF, 0xFFFF, 0xFFFF, 0xFFFF, 0xFFFF, 0xFFFF, 0xFFFF, 0xFFFF, 0xFFFF,
  0xFFFF, 0xFFFF, 0xFFFF, 0xFFFF, 0xFFFF, 0xFFFF, 0xFFFF, 0xFFFF, 0xFFFF, 0xFFFF, 0xFFFF, 0xFFFF,
  0xFFFF, 0xFFFF, 0xFFFF, 0xFFFF, 0xFFFF, 0xFFFF, 0xFFFF, 0xDDBF, 0xDEDF, 0x4A4A, 0x212A, 0x212A,
  0x212A, 0x212A, 0x212A, 0x212A, 0x212A, 0x212A, 0x212A, 0x212A, 0x212A, 0x212A, 0x212A, 0x212A,
  0x212A, 0x212A, 0x212A, 0x212A, 0x212A, 0x212A, 0x212A, 0x212A, 0x212A, 0x212A, 0x212A, 0x212A,
  0x212A, 0x212A, 0x212A, 0x212A, 0x212A, 0x212A, 0x212A, 0x212A, 0x212A, 0x212A, 0x212A, 0x212A,
  0x4A4A, 0x6B75, 0x6B75, 0x6B75, 0x6B75, 0x6B75, 0x6B75, 0x6B75, 0x6B75, 0x6B75, 0x6B75, 0x6B75,
  0x6B75, 0x6B75, 0x6B75, 0x6B75, 0x6B75, 0x6B75, 0x6B75, 0x6B75, 0x6B75, 0x6B75, 0x6B75, 0x6B75,
  0x6B75, 0x6B75, 0x6B75, 0x212A, 0x212A, 0x212A, 0x212A, 0x212A, 0x4A4A, 0x4A4A, 0x4A4A, 0x4A4A,
  0x4A4A, 0x4A4A, 0x212A, 0x212A, 0x212A, 0x212A, 0x212A, 0x212A, 0x212A, 0x212A, 0x4A4A, 0x6B75,
  0x6B75, 0x6B75, 0x6B75, 0x6B75, 0x6B75, 0x4A4A, 0x212A, 0x212A, 0x212A, 0x212A, 0x212A, 0x200A,
  0xFFFF, 0xFFFF, 0xFFFF, 0xFFFF, 0xFFFF, 0xFFFF, 0xFFFF, 0xFFFF, 0xFFFF, 0xFFFF, 0xFFFF, 0xFFFF,
  0xFFFF, 0xFFFF, 0xFFFF, 0xFFFF, 0xFFFF, 0xFFFF, 0xFFFF, 0xFFFF, 0xFFFF, 0x6A4A, 0x212A, 0x212A,
  0x212A, 0x200A, 0x6B75, 0x6B75, 0x6B75, 0x6B75, 0x6B75, 0x6B75, 0x6B75, 0x6B6A, 0x212A, 0x212A,
  0x212A, 0xFFFF, 0xB5B5, 0x936A, 0xB36A, 0x936A, 0x936A, 0x936A, 0x936A, 0x936A, 0xB5B5, 0x9495,
  0x212A, 0x212A, 0x212A, 0x212A, 0x212A, 0x212A, 0x212A, 0x212A, 0x212A, 0x212A, 0x212A, 0x212A,
  0x212A, 0x492A, 0x212A, 0x212A, 0x212A, 0x212A, 0x212A, 0x212A, 0x212A, 0x212A, 0x212A, 0x212A,
  0x212A, 0x212A, 0x212A, 0x212A, 0x212A, 0x212A, 0x212A, 0x212A, 0x212A, 0x212A, 0x212A, 0x212A,
  0x212A, 0x212A, 0x212A, 0x212A, 0x212A, 0x212A, 0x212A, 0x212A, 0x212A, 0x212A, 0x200A, 0x212A,
  0x9495, 0x6B6A, 0xFFFF, 0xFFFF, 0xFFFF, 0xFFFF, 0xFFFF, 0xFFFF, 0xFFFF, 0xFFFF, 0xFFFF, 0xFFFF,
  0xFFFF, 0xFFFF, 0xFFFF, 0xFFFF, 0xFFFF, 0xFFFF, 0xFFFF, 0xFFFF, 0xFFFF, 0xFFFF, 0xFFFF, 0xFFFF,
  0xFFFF, 0xFFFF, 0xFFFF, 0xFFFF, 0xFFFF, 0xFFFF, 0xFFFF, 0xFFFF, 0xFFFF, 0xFFFF, 0xFFFF, 0xFFFF,
  0xFFFF, 0xFFFF, 0xFFFF, 0xFFFF, 0x9495, 0x2120, 0x4A4A, 0x212A, 0x200A, 0x212A, 0x212A, 0x212A,
  0x212A, 0x212A, 0x212A, 0x212A, 0x212A, 0x212A, 0x212A, 0x212A, 0x212A, 0x212A, 0x212A, 0x212A,
  0x212A, 0x212A, 0x212A, 0x212A, 0x212A, 0x212A, 0x212A, 0x212A, 0x212A, 0x212A, 0x212A, 0x212A,
  0x212A, 0x212A, 0x212A, 0x212A, 0x212A, 0x212A, 0x212A, 0x212A, 0x212A, 0x212A, 0x212A, 0x212A,
  0x4A4A, 0x6B75, 0x6B75, 0x6B75, 0x6B75, 0x6B75, 0x6B75, 0x6B75, 0x6B75, 0x6B75, 0x6B75, 0x6B75,
  0x6B75, 0x6B75, 0x6B75, 0x6B75, 0x6B75, 0x6B75, 0x6B75, 0x6B75, 0x6B75, 0x6B75, 0x6B75, 0x6B75,
  0x6B75, 0x6B75, 0x6B75, 0x212A, 0x212A, 0x212A, 0x212A, 0x4A4A, 0x4A4A, 0x4A4A, 0x4A4A, 0x4A4A,
  0x212A, 0x212A, 0x212A, 0x212A, 0x212A, 0x212A, 0x212A, 0x212A, 0x212A, 0x4A4A, 0x6B75, 0x6B75,
  0x6B75, 0x6B75, 0x6B75, 0x6B75, 0x4A4A, 0x212A, 0x212A, 0x212A, 0x212A, 0x212A, 0x212A, 0x6B75,
  0xFFFF, 0xFFFF, 0xFFFF, 0xFFFF, 0xFFFF, 0xFFFF, 0xFFFF, 0xFFFF, 0xFFFF, 0xFFFF, 0xFFFF, 0xFFFF,
  0xFFFF, 0xFFFF, 0xFFFF, 0xFFFF, 0xFFFF, 0xFFFF, 0xFFFF, 0xFFFF, 0xFFFF, 0x2000, 0x212A, 0x212A,
  0x212A, 0x212A, 0x6B75, 0x6B75, 0x6B75, 0x6B75, 0x6B75, 0x6B75, 0x6B75, 0x212A, 0x212A, 0x212A,
  0x212A, 0x4A4A, 0xFFFF, 0x936A, 0xB36A, 0xB36A, 0xB36A, 0xB36A, 0x936A, 0x936A, 0xDEDF, 0x9495,
  0x492A, 0x212A, 0x212A, 0x212A, 0x212A, 0x212A, 0x492A, 0x212A, 0x212A, 0x212A, 0x212A, 0x212A,
  0x212A, 0x212A, 0x212A, 0x212A, 0x212A, 0x212A, 0x212A, 0x212A, 0x212A, 0x212A, 0x212A, 0x212A,
  0x212A, 0x212A, 0x212A, 0x212A, 0x212A, 0x212A, 0x212A, 0x212A, 0x212A, 0x212A, 0x212A, 0x212A,
  0x212A, 0x212A, 0x212A, 0x212A, 0x212A, 0x212A, 0x212A, 0x212A, 0x212A, 0x212A, 0x212A, 0x212A,
  0x212A, 0x212A, 0x212A, 0x0000, 0x212A, 0x212A, 0x9495, 0x9495, 0x4A4A, 0xDEDF, 0xB5BF, 0xDEDF,
  0xFFFF, 0xFFFF, 0xFFFF, 0xFFFF, 0xFFFF, 0xFFFF, 0xFFFF, 0xFFFF, 0xFFFF, 0xFFFF, 0xFFFF, 0xFFFF,
  0xFFFF, 0xFFFF, 0xFFFF, 0xDEDF, 0xFFFF, 0xFFFF, 0xB5B5, 0xFFFF, 0x4A4A, 0x9495, 0x2120, 0x9495,
  0x0000, 0x0000, 0x0000, 0x200A, 0x212A, 0x212A, 0x212A, 0x212A, 0x212A, 0x212A, 0x212A, 0x212A,
  0x212A, 0x212A, 0x212A, 0x212A, 0x212A, 0x212A, 0x212A, 0x212A, 0x212A, 0x212A, 0x212A, 0x212A,
  0x212A, 0x212A, 0x212A, 0x212A, 0x212A, 0x212A, 0x212A, 0x212A, 0x212A, 0x212A, 0x212A, 0x212A,
  0x212A, 0x212A, 0x212A, 0x212A, 0x212A, 0x212A, 0x212A, 0x212A, 0x212A, 0x212A, 0x212A, 0x212A,
  0x6B6A, 0x6B75, 0x6B75, 0x6B75, 0x6B75, 0x6B75, 0x6B75, 0x6B75, 0x6B75, 0x6B75, 0x6B75, 0x6B75,
  0x6B75, 0x6B75, 0x6B75, 0x6B75, 0x6B75, 0x6B75, 0x6B75, 0x6B75, 0x6B75, 0x6B75, 0x6B75, 0x6B75,
  0x6B75, 0x6B75, 0x212A, 0x212A, 0x212A, 0x212A, 0x4A4A, 0x4A4A, 0x4A4A, 0x4A4A, 0x4A4A, 0x2000,
  0x212A, 0x212A, 0x212A, 0x212A, 0x212A, 0x212A, 0x212A, 0x212A, 0x6B75, 0x6B75, 0x6B75, 0x6B75,
  0x6B75, 0x4A4A, 0x4A4A, 0x4A4A, 0x212A, 0x212A, 0x212A, 0x212A, 0x212A, 0x212A, 0x4A4A, 0xFFFF,
  0xFFFF, 0xFFFF, 0xFFFF, 0xFFFF, 0xFFFF, 0xFFFF, 0xFFFF, 0xFFFF, 0xFFFF, 0xFFFF, 0xFFFF, 0xFFFF,
  0xFFFF, 0xFFFF, 0xFFFF, 0xFFFF, 0xFFFF, 0xFFFF, 0xFFFF, 0xFFFF, 0xB495, 0x212A, 0x212A, 0x212A,
  0x212A, 0x6B75, 0x6B75, 0x6B75, 0x6B75, 0x6B75, 0x6B75, 0x6B75, 0x4A4A, 0x212A, 0x212A, 0x212A,
  0x212A, 0x492A, 0x212A, 0xFFFF, 0xFFFF, 0xFFFF, 0xB495, 0xB5B5, 0xFFFF, 0xFFFF, 0x9495, 0x212A,
  0x212A, 0x212A, 0x212A, 0x212A, 0x492A, 0x212A, 0x492A, 0x4A4A, 0x212A, 0x212A, 0x212A, 0x212A,
  0x212A, 0x212A, 0x212A, 0x212A, 0x212A, 0x212A, 0x212A, 0x212A, 0x212A, 0x212A, 0x212A, 0x212A,
  0x212A, 0x212A, 0x212A, 0x212A, 0x212A, 0x212A, 0x212A, 0x212A, 0x212A, 0x212A, 0x212A, 0x212A,
  0x212A, 0x212A, 0x212A, 0x212A, 0x212A, 0x212A, 0x212A, 0x212A, 0x212A, 0x212A, 0x212A, 0x212A,
  0x212A, 0x212A, 0x212A, 0x212A, 0x212A, 0x212A, 0x212A, 0x212A, 0x212A, 0x212A, 0x212A, 0x212A,
  0x212A, 0x212A, 0x212A, 0x212A, 0x212A, 0x212A, 0x200A, 0x212A, 0x212A, 0x212A, 0x200A, 0x212A,
  0x212A, 0x212A, 0x212A, 0x212A, 0x212A, 0x212A, 0x212A, 0x212A, 0x212A, 0x212A, 0x212A, 0x212A,
  0x212A, 0x212A, 0x212A, 0x212A, 0x212A, 0x212A, 0x212A, 0x212A, 0x212A, 0x212A, 0x212A, 0x212A,
  0x212A, 0x212A, 0x212A, 0x212A, 0x212A, 0x212A, 0x212A, 0x212A, 0x212A, 0x212A, 0x212A, 0x212A,
  0x212A, 0x212A, 0x212A, 0x212A, 0x212A, 0x212A, 0x212A, 0x212A, 0x212A, 0x212A, 0x212A, 0x212A,
  0x212A, 0x212A, 0x212A, 0x212A, 0x212A, 0x212A, 0x212A, 0x212A, 0x212A, 0x212A, 0x212A, 0x212A,
  0x6B6A, 0x6B75, 0x6B75, 0x6B75, 0x6B75, 0x6B75, 0x6B75, 0x6B75, 0x6B75, 0x6B75, 0x6B75, 0x6B75,
  0x6B75, 0x6B75, 0x6B75, 0x6B75, 0x6B75, 0x6B75, 0x6B75, 0x6B75, 0x6B6A, 0x6B75, 0x6B75, 0x6B75,
  0x6B75, 0x4A4A, 0x212A, 0x212A, 0x212A, 0x212A, 0x212A, 0x212A, 0x212A, 0x212A, 0x212A, 0x212A,
  0x212A, 0x212A, 0x212A, 0x212A, 0x212A, 0x212A, 0x4A4A, 0x4A4A, 0x4A4A, 0x4A4A, 0x4A4A, 0x4A4A,
  0x4A4A, 0x4A4A, 0x212A, 0x212A, 0x212A, 0x212A, 0x212A, 0x212A, 0x212A, 0x9495, 0xFFFF, 0xFFFF,
  0xFFFF, 0xFFFF, 0xFFFF, 0xFFFF, 0xFFFF, 0xFFFF, 0xFFFF, 0xFFFF, 0xFFFF, 0xFFFF, 0xFFFF, 0xFFFF,
  0xFFFF, 0xFFFF, 0xFFFF, 0xFFFF, 0xFFFF, 0xFFFF, 0xFFFF, 0xFFFF, 0x2000, 0x212A, 0x212A, 0x212A,
  0x212A, 0x6B75, 0x6B75, 0x6B75, 0x6B75, 0x6B75, 0x6B75, 0x4A4A, 0x212A, 0x212A, 0x212A, 0x212A,
  0x212A, 0x212A, 0x212A, 0x212A, 0x4A4A, 0xB5B5, 0xFFFF, 0xFEDF, 0x6B6A, 0x4A4A, 0x224A, 0x212A,
  0x212A, 0x212A, 0x9495, 0xFFFF, 0x9495, 0x212A, 0x212A, 0x4A4A, 0xDEDF, 0xFFFF, 0xFFFF, 0x9495,
  0x212A, 0x212A, 0x212A, 0x212A, 0x212A, 0x212A, 0x212A, 0x212A, 0x212A, 0x212A, 0x212A, 0x212A,
  0x212A, 0x212A, 0x212A, 0x212A, 0x212A, 0x212A, 0x212A, 0x212A, 0x212A, 0x212A, 0x212A, 0x212A,
  0x212A, 0x212A, 0x212A, 0x212A, 0x212A, 0x212A, 0x212A, 0x212A, 0x212A, 0x212A, 0x212A, 0x212A,
  0x212A, 0x212A, 0x212A, 0x212A, 0x212A, 0x212A, 0x212A, 0x212A, 0x212A, 0x212A, 0x212A, 0x212A,
  0x212A, 0x212A, 0x212A, 0x212A, 0x212A, 0x212A, 0x212A, 0x212A, 0x212A, 0x212A, 0x212A, 0x212A,
  0x212A, 0x212A, 0x212A, 0x212A, 0x212A, 0x212A, 0x212A, 0x212A, 0x212A, 0x212A, 0x212A, 0x212A,
  0x212A, 0x212A, 0x212A, 0x212A, 0x212A, 0x212A, 0x212A, 0x212A, 0x212A, 0x212A, 0x212A, 0x212A,
  0x212A, 0x212A, 0x212A, 0x212A, 0x212A, 0x212A, 0x212A, 0x212A, 0x212A, 0x212A, 0x212A, 0x212A,
  0x212A, 0x212A, 0x212A, 0x212A, 0x212A, 0x212A, 0x212A, 0x212A, 0x212A, 0x212A, 0x212A, 0x212A,
  0x212A, 0x212A, 0x212A, 0x212A, 0x212A, 0x212A, 0x212A, 0x212A, 0x212A, 0x212A, 0x212A, 0x212A,
  0x6B75, 0x6B75, 0x6B75, 0x6B75, 0x6B75, 0x6B75, 0x6B75, 0x6B75, 0x6B75, 0x6B75, 0x6B75, 0x6B75,
  0x6B75, 0x6B75, 0x6B75, 0x6B75, 0x6B75, 0x6B75, 0x6B75, 0x6B75, 0x6B75, 0x6B75, 0x6B75, 0x6B75,
  0x6B75, 0x212A, 0x212A, 0x212A, 0x212A, 0x212A, 0x212A, 0x212A, 0x212A, 0x212A, 0x212A, 0x212A,
  0x212A, 0x212A, 0x212A, 0x212A, 0x4A4A, 0x4A4A, 0x4A4A, 0x4A4A, 0x4A4A, 0x4A4A, 0x4A4A, 0x4A4A,
  0x4A4A, 0x212A, 0x212A, 0x212A, 0x212A, 0x212A, 0x212A, 0x212A, 0x2120, 0xFFFF, 0xFFFF, 0xFFFF,
  0xFFFF, 0xFFFF, 0xFFFF, 0xFFFF, 0xFFFF, 0xFFFF, 0xFFFF, 0xFFFF, 0xFFFF, 0xFFFF, 0xFFFF, 0xFFFF,
  0xFFFF, 0xFFFF, 0xFFFF, 0xFFFF, 0xFFFF, 0xFFFF, 0xFFFF, 0xFFFF, 0x212A, 0x212A, 0x212A, 0x212A,
  0x212A, 0x6B75, 0x6B6A, 0x6B75, 0x6B75, 0x6B75, 0x6B6A, 0x212A, 0x212A, 0x212A, 0x212A, 0x212A,
  0x212A, 0x212A, 0x212A, 0x212A, 0x492A, 0x4A4A, 0x212A, 0x212A, 0x492A, 0x212A, 0x212A, 0x212A,
  0x212A, 0x212A, 0xFFFF, 0xDED5, 0xFFFF, 0x9495, 0xDDBF, 0xFFFF, 0xDEDF, 0xB495, 0xDDB5, 0xFFFF,
  0x4A4A, 0x492A, 0x212A, 0x212A, 0x212A, 0x212A, 0x212A, 0x492A, 0x212A, 0x212A, 0x212A, 0x212A,
  0x212A, 0x212A, 0x212A, 0x212A, 0x212A, 0x212A, 0x212A, 0x212A, 0x212A, 0x212A, 0x212A, 0x212A,
  0x212A, 0x212A, 0x212A, 0x212A, 0x212A, 0x212A, 0x212A, 0x212A, 0x212A, 0x212A, 0x212A, 0x212A,
  0x212A, 0x212A, 0x212A, 0x212A, 0x212A, 0x212A, 0x212A, 0x212A, 0x212A, 0x212A, 0x212A, 0x212A,
  0x212A, 0x212A, 0x212A, 0x212A, 0x212A, 0x212A, 0x212A, 0x212A, 0x212A, 0x212A, 0x212A, 0x212A,
  0x212A, 0x212A, 0x212A, 0x212A, 0x212A, 0x212A, 0x212A, 0x212A, 0x212A, 0x212A, 0x212A, 0x212A,
  0x212A, 0x212A, 0x212A, 0x212A, 0x212A, 0x212A, 0x212A, 0x212A, 0x212A, 0x212A, 0x212A, 0x212A,
  0x212A, 0x212A, 0x212A, 0x212A, 0x212A, 0x212A, 0x4A4A, 0x212A, 0x212A, 0x212A, 0x212A, 0x212A,
  0x212A, 0x212A, 0x212A, 0x212A, 0x212A, 0x212A, 0x212A, 0x212A, 0x212A, 0x212A, 0x212A, 0x212A,
  0x212A, 0x212A, 0x212A, 0x212A, 0x212A, 0x212A, 0x212A, 0x212A, 0x212A, 0x212A, 0x212A, 0x212A,
  0x6B75, 0x6B75, 0x6B75, 0x6B75, 0x6B75, 0x6B75, 0x6B75, 0x6B75, 0x6B75, 0x6B75, 0x6B75, 0x6B75,
  0x6B75, 0x6B75, 0x6B75, 0x6B75, 0x6B75, 0x6B75, 0x6B75, 0x6B75, 0x6B75, 0x6B75, 0x6B75, 0x6B75,
  0x6B75, 0x212A, 0x212A, 0x212A, 0x212A, 0x212A, 0x212A, 0x212A, 0x212A, 0x212A, 0x212A, 0x212A,
  0x212A, 0x4A4A, 0x4A4A, 0x4A4A, 0x4A4A, 0x4A4A, 0x4A4A, 0x4A4A, 0x4A4A, 0x4A4A, 0x4A4A, 0x492A,
  0x212A, 0x212A, 0x212A, 0x212A, 0x212A, 0x212A, 0x212A, 0x212A, 0xDEDF, 0xFFFF, 0xFFFF, 0xFFFF,
  0xFFFF, 0xFFFF, 0xFFFF, 0xFFFF, 0xFFFF, 0xFFFF, 0xFFFF, 0xFFFF, 0xFFFF, 0xFFFF, 0xFFFF, 0xFFFF,
  0xFFFF, 0xFFFF, 0xFFFF, 0xFFFF, 0xFFFF, 0xFFFF, 0xFFFF, 0x212A, 0x212A, 0x212A, 0x212A, 0x212A,
  0x212A, 0x6B75, 0x6B75, 0x6B75, 0x6B75, 0x6B6A, 0x212A, 0x212A, 0x212A, 0x212A, 0x212A, 0x212A,
  0x212A, 0x212A, 0x212A, 0x212A, 0x212A, 0x212A, 0x212A, 0x212A, 0x212A, 0x212A, 0x212A, 0x212A,
  0x212A, 0x4A4A, 0xDDB5, 0x936A, 0xB495, 0x948A, 0x936A, 0xB36A, 0x936A, 0x936A, 0xDEDF, 0xDEDF,
  0x212A, 0x212A, 0x492A, 0x492A, 0x492A, 0x492A, 0x212A, 0x212A, 0x212A, 0x212A, 0x212A, 0x212A,
  0x212A, 0x212A, 0x212A, 0x212A, 0x212A, 0x212A, 0x212A, 0x212A, 0x212A, 0x212A, 0x212A, 0x212A,
  0x212A, 0x212A, 0x212A, 0x212A, 0x212A, 0x212A, 0x212A, 0x212A, 0x212A, 0x212A, 0x212A, 0x212A,
  0x212A, 0x212A, 0x212A, 0x212A, 0x212A, 0x212A, 0x212A, 0x212A, 0x212A, 0x212A, 0x212A, 0x212A,
  0x212A, 0x212A, 0x212A, 0x212A, 0x212A, 0x212A, 0x212A, 0x212A, 0x212A, 0x212A, 0x212A, 0x212A,
  0x212A, 0x212A, 0x212A, 0x212A, 0x212A, 0x212A, 0x212A, 0x212A, 0x212A, 0x212A, 0x212A, 0x212A,
  0x212A, 0x212A, 0x212A, 0x212A, 0x212A, 0x212A, 0x212A, 0x212A, 0x212A, 0x212A, 0x212A, 0x212A,
  0x212A, 0x212A, 0x212A, 0x212A, 0x212A, 0x212A, 0x212A, 0x212A, 0x212A, 0x212A, 0x212A, 0x212A,
  0x212A, 0x212A, 0x212A, 0x212A, 0x212A, 0x212A, 0x212A, 0x212A, 0x212A, 0x212A, 0x212A, 0x212A,
  0x212A, 0x212A, 0x212A, 0x212A, 0x212A, 0x212A, 0x212A, 0x212A, 0x212A, 0x212A, 0x212A, 0x224A,
  0x6B75, 0x6B75, 0x6B75, 0x6B75, 0x6B75, 0x6B75, 0x6B75, 0x6B75, 0x6B75, 0x6B75, 0x6B75, 0x6B75,
  0x6B75, 0x6B75, 0x6B75, 0x6B75, 0x6B75, 0x6B75, 0x6B75, 0x6B75, 0x6B75, 0x6B75, 0x6B75, 0x6B75,
  0x212A, 0x212A, 0x212A, 0x212A, 0x212A, 0x212A, 0x212A, 0x212A, 0x212A, 0x212A, 0x212A, 0x212A,
  0x4A4A, 0x4A4A, 0x4A4A, 0x4A4A, 0x4A4A, 0x4A4A, 0x4A4A, 0x4A4A, 0x4A4A, 0x212A, 0x212A, 0x212A,
  0x212A, 0x212A, 0x212A, 0x212A, 0x212A, 0x212A, 0xB5BF, 0xFFFF, 0xFFFF, 0xFFFF, 0xFFFF, 0xFFFF,
  0xFFFF, 0xFFFF, 0xFFFF, 0xFFFF, 0xFFFF, 0xFFFF, 0xFFFF, 0xFFFF, 0xFFFF, 0xFFFF, 0xFFFF, 0xFFFF,
  0xFFFF, 0xFFFF, 0xFFFF, 0xFFFF, 0xFFFF, 0xFFFF, 0xFFFF, 0x212A, 0x212A, 0x212A, 0x212A, 0x212A,
  0x6B75, 0x6B75, 0x6B75, 0x6B75, 0x6B75, 0x212A, 0x212A, 0x212A, 0x212A, 0x212A, 0x212A, 0x212A,
  0x212A, 0x212A, 0x212A, 0x212A, 0x212A, 0x212A, 0x212A, 0x212A, 0x212A, 0x212A, 0x212A, 0x212A,
  0x212A, 0x4A4A, 0xDDB5, 0xB36A, 0xB36A, 0xB36A, 0xB36A, 0xB36A, 0xB36A, 0x936A, 0xFFFF, 0x6B6A,
  0x212A, 0x212A, 0x212A, 0x212A, 0x492A, 0x492A, 0x212A, 0x212A, 0x212A, 0x212A, 0x212A, 0x212A,
  0x212A, 0x212A, 0x212A, 0x212A, 0x212A, 0x212A, 0x212A, 0x212A, 0x212A, 0x212A, 0x212A, 0x212A,
  0x212A, 0x212A, 0x212A, 0x212A, 0x212A, 0x212A, 0x212A, 0x212A, 0x212A, 0x212A, 0x212A, 0x212A,
  0x212A, 0x212A, 0x212A, 0x212A, 0x212A, 0x212A, 0x212A, 0x212A, 0x212A, 0x212A, 0x212A, 0x212A,
  0x212A, 0x212A, 0x212A, 0x212A, 0x212A, 0x212A, 0x212A, 0x212A, 0x212A, 0x212A, 0x212A, 0x212A,
  0x212A, 0x212A, 0x212A, 0x212A, 0x212A, 0x212A, 0x212A, 0x212A, 0x212A, 0x212A, 0x212A, 0x212A,
  0x212A, 0x212A, 0x212A, 0x212A, 0x212A, 0x212A, 0x212A, 0x212A, 0x212A, 0x212A, 0x212A, 0x212A,
  0x212A, 0x212A, 0x212A, 0x212A, 0x212A, 0x212A, 0x212A, 0x212A, 0x212A, 0x212A, 0x212A, 0x212A,
  0x212A, 0x212A, 0x212A, 0x212A, 0x212A, 0x212A, 0x212A, 0x212A, 0x212A, 0x212A, 0x212A, 0x212A,
  0x212A, 0x212A, 0x212A, 0x212A, 0x212A, 0x212A, 0x212A, 0x212A, 0x212A, 0x212A, 0x212A, 0x4A4A,
  0x6B75, 0x6B75, 0x6B75, 0x6B75, 0x6B75, 0x6B75, 0x6B75, 0x6B75, 0x6B75, 0x6B75, 0x6B75, 0x6B75,
  0x6B75, 0x6B75, 0x6B75, 0x6B75, 0x6B75, 0x6B75, 0x6B75, 0x6B75, 0x6B75, 0x6B75, 0x6B75, 0x6B75,
  0x212A, 0x212A, 0x212A, 0x212A, 0x212A, 0x212A, 0x212A, 0x212A, 0x212A, 0x212A, 0x212A, 0x4A4A,
  0x4A4A, 0x4A4A, 0x4A4A, 0x4A4A, 0x4A4A, 0x4A4A, 0x212A, 0x212A, 0x212A, 0x212A, 0x212A, 0x212A,
  0x212A, 0x212A, 0x212A, 0x212A, 0x212A, 0x4A4A, 0xFFFF, 0xFFFF, 0xFFFF, 0xFFFF, 0xFFFF, 0xFFFF,
  0xFFFF, 0xFFFF, 0xFFFF, 0xFFFF, 0xFFFF, 0xFFFF, 0xFFFF, 0xFFFF, 0xFFFF, 0xFFFF, 0xFFFF, 0xFFFF,
  0xFFFF, 0xFFFF, 0xFFFF, 0xFFFF, 0xFFFF, 0xFFFF, 0x2120, 0x212A, 0x212A, 0x212A, 0x212A, 0x212A,
  0x6B75, 0x6B75, 0x6B75, 0x6B75, 0x6B75, 0x4A4A, 0x212A, 0x212A, 0x212A, 0x212A, 0x212A, 0x212A,
  0x212A, 0x212A, 0x212A, 0x212A, 0x212A, 0x212A, 0x212A, 0x212A, 0x212A, 0x212A, 0x212A, 0x212A,
  0x212A, 0x212A, 0xFFFF, 0xDEDF, 0x936A, 0x936A, 0x936A, 0x9495, 0xFFFF, 0xFFFF, 0x212A, 0x212A,
  0x212A, 0x212A, 0x492A, 0x492A, 0x492A, 0x492A, 0x212A, 0x212A, 0x212A, 0x212A, 0x212A, 0x212A,
  0x212A, 0x212A, 0x212A, 0x212A, 0x212A, 0x212A, 0x212A, 0x212A, 0x212A, 0x212A, 0x212A, 0x212A,
  0x212A, 0x212A, 0x212A, 0x212A, 0x212A, 0x212A, 0x212A, 0x212A, 0x212A, 0x212A, 0x212A, 0x212A,
  0x212A, 0x212A, 0x212A, 0x212A, 0x212A, 0x212A, 0x212A, 0x212A, 0x212A, 0x212A, 0x212A, 0x212A,
  0x212A, 0x212A, 0x212A, 0x212A, 0x212A, 0x212A, 0x212A, 0x212A, 0x212A, 0x212A, 0x212A, 0x212A,
  0x212A, 0x212A, 0x212A, 0x212A, 0x212A, 0x212A, 0x212A, 0x212A, 0x212A, 0x212A, 0x212A, 0x212A,
  0x212A, 0x212A, 0x6B75, 0x212A, 0x212A, 0x212A, 0x212A, 0x212A, 0x212A, 0x212A, 0x212A, 0x212A,
  0x212A, 0x212A, 0x212A, 0x212A, 0x212A, 0x212A, 0x212A, 0x212A, 0x212A, 0x212A, 0x212A, 0x212A,
  0x212A, 0x212A, 0x212A, 0x212A, 0x212A, 0x212A, 0x212A, 0x212A, 0x212A, 0x212A, 0x212A, 0x212A,
  0x212A, 0x212A, 0x212A, 0x212A, 0x212A, 0x212A, 0x212A, 0x212A, 0x212A, 0x212A, 0x212A, 0x4A4A,
  0x6B75, 0x6B75, 0x6B75, 0x6B75, 0x6B75, 0x6B75, 0x6B75, 0x6B75, 0x6B75, 0x6B75, 0x6B75, 0x6B75,
  0x6B75, 0x6B75, 0x6B6A, 0x6B75, 0x6B75, 0x6B75, 0x6B75, 0x6B75, 0x6B75, 0x6B75, 0x6B75, 0x6B75,
  0x212A, 0x212A, 0x212A, 0x212A, 0x212A, 0x212A, 0x212A, 0x212A, 0x212A, 0x212A, 0x212A, 0x212A,
  0x212A, 0x212A, 0x212A, 0x212A, 0x212A, 0x212A, 0x212A, 0x212A, 0x212A, 0x212A, 0x212A, 0x212A,
  0x212A, 0x212A, 0x212A, 0x212A, 0xFFFF, 0xFFFF, 0xFFFF, 0xFFFF, 0xFFFF, 0xFFFF, 0xFFFF, 0xFFFF,
  0xFFFF, 0xFFFF, 0xFFFF, 0xFFFF, 0xFFFF, 0xFFFF, 0xFFFF, 0xFFFF, 0xFFFF, 0xFFFF, 0xFFFF, 0xFFFF,
  0xFFFF, 0xFFFF, 0xFFFF, 0xFFFF, 0xFFFF, 0x6B6A, 0x212A, 0x212A, 0x212A, 0x212A, 0x212A, 0x6B75,
  0x6B75, 0x6B75, 0x6B75, 0x6B75, 0x6B75, 0x6B75, 0x4A4A, 0x212A, 0x212A, 0x212A, 0x212A, 0x212A,
  0x212A, 0x212A, 0x212A, 0x212A, 0x212A, 0x212A, 0x212A, 0x212A, 0x492A, 0x212A, 0x212A, 0x212A,
  0x212A, 0x212A, 0x4A4A, 0xFFFF, 0xFFFF, 0xFFFF, 0xFFFF, 0xFFFF, 0xDEDF, 0x492A, 0x212A, 0x212A,
  0x212A, 0x212A, 0x212A, 0x492A, 0x212A, 0x492A, 0x212A, 0x212A, 0x212A, 0x212A, 0x212A, 0x212A,
  0x212A, 0x212A, 0x212A, 0x212A, 0x212A, 0x212A, 0x212A, 0x212A, 0x212A, 0x212A, 0x212A, 0x212A,
  0x212A, 0x212A, 0x212A, 0x212A, 0x212A, 0x212A, 0x212A, 0x212A, 0x212A, 0x212A, 0x212A, 0x212A,
  0x212A, 0x212A, 0x212A, 0x212A, 0x212A, 0x212A, 0x212A, 0x212A, 0x212A, 0x212A, 0x212A, 0x212A,
  0x212A, 0x212A, 0x212A, 0x212A, 0x212A, 0x212A, 0x212A, 0x212A, 0x212A, 0x212A, 0x212A, 0x212A,
  0x212A, 0x212A, 0xB5BF, 0x4A4A, 0x212A, 0x212A, 0x212A, 0x212A, 0x212A, 0x212A, 0x212A, 0x212A,
  0x212A, 0x492A, 0xDEDF, 0x212A, 0x212A, 0x212A, 0x212A, 0x212A, 0x212A, 0x212A, 0x212A, 0x212A,
  0x212A, 0x212A, 0x212A, 0x212A, 0x212A, 0x212A, 0x212A, 0x212A, 0x212A, 0x212A, 0x212A, 0x212A,
  0x212A, 0x212A, 0x212A, 0x212A, 0x212A, 0x212A, 0x212A, 0x212A, 0x212A, 0x212A, 0x212A, 0x212A,
  0x212A, 0x212A, 0x212A, 0x212A, 0x212A, 0x212A, 0x212A, 0x212A, 0x212A, 0x212A, 0x212A, 0x4A4A,
  0x6B75, 0x6B75, 0x6B75, 0x6B75, 0x6B75, 0x6B75, 0x6B75, 0x6B75, 0x6B75, 0x6B75, 0x6B75, 0x6B75,
  0x6B75, 0x6B75, 0x6B75, 0x6B75, 0x6B75, 0x6B75, 0x6B75, 0x6B75, 0x6B75, 0x6B75, 0x6B75, 0x4A4A,
  0x212A, 0x212A, 0x212A, 0x212A, 0x212A, 0x212A, 0x212A, 0x212A, 0x212A, 0x212A, 0x212A, 0x212A,
  0x212A, 0x212A, 0x212A, 0x212A, 0x212A, 0x212A, 0x212A, 0x212A, 0x212A, 0x212A, 0x212A, 0x212A,
  0x212A, 0x212A, 0x212A, 0xFFFF, 0xFFFF, 0xFFFF, 0xFFFF, 0xFFFF, 0xFFFF, 0xFFFF, 0xFFFF, 0xFFFF,
  0xFFFF, 0xFFFF, 0xFFFF, 0xFFFF, 0xFFFF, 0xFFFF, 0xFFFF, 0xFFFF, 0xFFFF, 0xFFFF, 0xFFFF, 0xFFFF,
  0xFFFF, 0xFFFF, 0xFFFF, 0xFFFF, 0xFFFF, 0x2000, 0x212A, 0x212A, 0x212A, 0x212A, 0x492A, 0x6B75,
  0x6B75, 0x6B75, 0x6B75, 0x6B75, 0x6B75, 0x6B75, 0x6B75, 0x6B6A, 0x4A4A, 0x212A, 0x212A, 0x212A,
  0x212A, 0x492A, 0x212A, 0x212A, 0x212A, 0x212A, 0x212A, 0x212A, 0x492A, 0x212A, 0x212A, 0x212A,
  0x212A, 0x212A, 0x212A, 0x212A, 0x9495, 0x4A4A, 0x4A4A, 0x212A, 0x212A, 0x212A, 0x212A, 0x212A,
  0x212A, 0x212A, 0x212A, 0x492A, 0x212A, 0x492A, 0x212A, 0x212A, 0x212A, 0x212A, 0x212A, 0x212A,
  0x212A, 0x212A, 0x212A, 0x212A, 0x212A, 0x212A, 0x212A, 0x212A, 0x212A, 0x212A, 0x212A, 0x212A,
  0x212A, 0x212A, 0x212A, 0x212A, 0x212A, 0x212A, 0x212A, 0x212A, 0x212A, 0x212A, 0x212A, 0x212A,
  0x212A, 0x212A, 0x212A, 0x212A, 0x212A, 0x212A, 0x212A, 0x212A, 0x212A, 0x212A, 0x212A, 0x212A,
  0x212A, 0x212A, 0x212A, 0x212A, 0x212A, 0x212A, 0x212A, 0x212A, 0x212A, 0x212A, 0x212A, 0x212A,
  0x212A, 0x200A, 0xB5BF, 0x6B75, 0x212A, 0x212A, 0x212A, 0x212A, 0x212A, 0x212A, 0x212A, 0x212A,
  0x212A, 0x9495, 0x9495, 0x212A, 0x212A, 0x212A, 0x212A, 0x212A, 0x212A, 0x212A, 0x212A, 0x212A,
  0x212A, 0x212A, 0x212A, 0x212A, 0x212A, 0x212A, 0x212A, 0x212A, 0x212A, 0x212A, 0x212A, 0x212A,
  0x212A, 0x212A, 0x212A, 0x212A, 0x212A, 0x212A, 0x212A, 0x212A, 0x212A, 0x212A, 0x212A, 0x212A,
  0x212A, 0x212A, 0x212A, 0x212A, 0x212A, 0x212A, 0x212A, 0x212A, 0x212A, 0x212A, 0x212A, 0x4A4A,
  0x6B75, 0x6B75, 0x6B75, 0x6B75, 0x6B75, 0x6B75, 0x6B75, 0x6B75, 0x6B75, 0x6B75, 0x6B75, 0x6B75,
  0x6B75, 0x6B75, 0x6B75, 0x6B75, 0x6B75, 0x6B75, 0x6B75, 0x6B75, 0x6B75, 0x6B75, 0x6B75, 0x212A,
  0x212A, 0x212A, 0x212A, 0x212A, 0x212A, 0x212A, 0x212A, 0x212A, 0x212A, 0x212A, 0x212A, 0x212A,
  0x212A, 0x212A, 0x212A, 0x212A, 0x212A, 0x212A, 0x212A, 0x212A, 0x212A, 0x212A, 0x212A, 0x212A,
  0x212A, 0x212A, 0x4A4A, 0xFFFF, 0xFFFF, 0xFFFF, 0xFFFF, 0xFFFF, 0xFFFF, 0xFFFF, 0xFFFF, 0xFFFF,
  0xFFFF, 0xFFFF, 0xFFFF, 0xFFFF, 0xFFFF, 0xFFFF, 0xFFFF, 0xFFFF, 0xFFFF, 0xFFFF, 0xFFFF, 0xFFFF,
  0xFFFF, 0xFFFF, 0xFFFF, 0xFFFF, 0x212A, 0x212A, 0x212A, 0x212A, 0x212A, 0x212A, 0x6B75, 0x6B75,
  0x6B75, 0x6B75, 0x6B75, 0x6B75, 0x6B75, 0x6B75, 0x6B75, 0x6B75, 0x6B75, 0x6B75, 0x6B75, 0x6B75,
  0x6B6A, 0x4A4A, 0x4A4A, 0x4A4A, 0x4A4A, 0x4A4A, 0x4A4A, 0x6A4A, 0x492A, 0x212A, 0x212A, 0x212A,
  0x212A, 0x212A, 0x212A, 0x212A, 0x212A, 0x212A, 0x212A, 0x212A, 0x212A, 0x212A, 0x212A, 0x212A,
  0x212A, 0x212A, 0x212A, 0x492A, 0x492A, 0x492A, 0x212A, 0x492A, 0x212A, 0x212A, 0x212A, 0x212A,
  0x212A, 0x212A, 0x212A, 0x212A, 0x212A, 0x212A, 0x212A, 0x212A, 0x212A, 0x212A, 0x212A, 0x212A,
  0x212A, 0x212A, 0x212A, 0x212A, 0x212A, 0x212A, 0x212A, 0x212A, 0x212A, 0x212A, 0x212A, 0x212A,
  0x212A, 0x212A, 0x212A, 0x212A, 0x212A, 0x212A, 0x212A, 0x212A, 0x212A, 0x212A, 0x212A, 0x212A,
  0x212A, 0x212A, 0x212A, 0x212A, 0x212A, 0x212A, 0x212A, 0x212A, 0x212A, 0x212A, 0x212A, 0x212A,
  0x212A, 0x212A, 0x212A, 0xB5B5, 0x212A, 0x212A, 0x212A, 0x212A, 0x212A, 0x212A, 0x212A, 0x212A,
  0xDDBF, 0xDEDF, 0x200A, 0x212A, 0x212A, 0x212A, 0x212A, 0x212A, 0x212A, 0x212A, 0x212A, 0x212A,
  0x212A, 0x212A, 0x212A, 0x212A, 0x212A, 0x212A, 0x212A, 0x212A, 0x200A, 0x212A, 0x212A, 0x212A,
  0x212A, 0x212A, 0x212A, 0x212A, 0x212A, 0x212A, 0x212A, 0x212A, 0x212A, 0x212A, 0x212A, 0x212A,
  0x212A, 0x212A, 0x212A, 0x212A, 0x212A, 0x212A, 0x212A, 0x212A, 0x212A, 0x212A, 0x212A, 0x4B6A,
  0x6B75, 0x6B75, 0x6B75, 0x6B75, 0x6B75, 0x6B75, 0x6B75, 0x6B75, 0x6B75, 0x6B75, 0x6B75, 0x6B75,
  0x6B75, 0x6B75, 0x6B75, 0x6B75, 0x6B75, 0x6B75, 0x6B75, 0x6B75, 0x6B75, 0x6B75, 0x6B75, 0x212A,
  0x212A, 0x212A, 0x212A, 0x212A, 0x212A, 0x212A, 0x212A, 0x212A, 0x212A, 0x212A, 0x212A, 0x212A,
  0x212A, 0x212A, 0x212A, 0x212A, 0x212A, 0x212A, 0x212A, 0x212A, 0x212A, 0x212A, 0x212A, 0x212A,
  0x212A, 0x212A, 0x4A4A, 0xFFFF, 0xFFFF, 0xFFFF, 0xFFFF, 0xFFFF, 0xFFFF, 0xFFFF, 0xFFFF, 0xFFFF,
  0xFFFF, 0xFFFF, 0xFFFF, 0xFFFF, 0xFFFF, 0xFFFF, 0xFFFF, 0xFFFF, 0xFFFF, 0xFFFF, 0xFFFF, 0xFFFF,
  0xFFFF, 0xFFFF, 0xFFFF, 0x212A, 0x212A, 0x212A, 0x212A, 0x212A, 0x212A, 0x212A, 0x6B75, 0x6B75,
  0x6B75, 0x6B75, 0x6B75, 0x6B75, 0x6B75, 0x6B75, 0x6B75, 0x6B75, 0x6B75, 0x6B75, 0x6B75, 0x6B75,
  0x6B75, 0x6B75, 0x6B75, 0x6B75, 0x6B75, 0x6B6A, 0x6B6A, 0x4A4A, 0x212A, 0x212A, 0x212A, 0x212A,
  0x212A, 0x212A, 0x212A, 0x212A, 0x212A, 0x212A, 0x212A, 0x212A, 0x212A, 0x212A, 0x212A, 0x212A,
  0x212A, 0x212A, 0x212A, 0x212A, 0x492A, 0x492A, 0x212A, 0x492A, 0x212A, 0x212A, 0x212A, 0x212A,
  0x212A, 0x212A, 0x212A, 0x212A, 0x212A, 0x212A, 0x212A, 0x212A, 0x212A, 0x212A, 0x212A, 0x212A,
  0x212A, 0x212A, 0x212A, 0x212A, 0x212A, 0x212A, 0x212A, 0x212A, 0x212A, 0x212A, 0x212A, 0x212A,
  0x212A, 0x212A, 0x212A, 0x212A, 0x212A, 0x212A, 0x212A, 0x212A, 0x212A, 0x492A, 0x212A, 0x212A,
  0x212A, 0x212A, 0x212A, 0x212A, 0x000A, 0x212A, 0x212A, 0x212A, 0x212A, 0x212A, 0x212A, 0x212A,
  0x212A, 0x212A, 0x212A, 0xDEDF, 0x212A, 0x212A, 0x212A, 0x212A, 0x212A, 0x212A, 0x212A, 0x2120,
  0xDEDF, 0x4A4A, 0x212A, 0x212A, 0x212A, 0x212A, 0x212A, 0x212A, 0x212A, 0x212A, 0x212A, 0x212A,
  0x212A, 0x212A, 0x212A, 0x212A, 0x212A, 0x212A, 0x212A, 0x212A, 0xDEDF, 0x212A, 0x212A, 0x212A,
  0x212A, 0x212A, 0x212A, 0x212A, 0x212A, 0x212A, 0x212A, 0x212A, 0x212A, 0x212A, 0x212A, 0x212A,
  0x212A, 0x212A, 0x212A, 0x212A, 0x212A, 0x212A, 0x212A, 0x212A, 0x212A, 0x212A, 0x212A, 0x6B6A,
  0x6B75, 0x6B75, 0x6B75, 0x6B75, 0x6B75, 0x6B75, 0x6B75, 0x6B75, 0x6B75, 0x6B75, 0x6B75, 0x6B75,
  0x6B75, 0x6B75, 0x6B75, 0x6B75, 0x6B75, 0x6B75, 0x6B75, 0x6B75, 0x6B75, 0x6B75, 0x4A4A, 0x212A,
  0x212A, 0x212A, 0x212A, 0x212A, 0x212A, 0x212A, 0x212A, 0x212A, 0x212A, 0x212A, 0x212A, 0x212A,
  0x212A, 0x212A, 0x212A, 0x212A, 0x212A, 0x212A, 0x212A, 0x212A, 0x4A4A, 0x6B75, 0x212A, 0x212A,
  0x212A, 0x200A, 0x0000, 0xFFFF, 0xFFFF, 0xFFFF, 0xFFFF, 0xFFFF, 0xFFFF, 0xFFFF, 0xFFFF, 0xFFFF,
  0xFFFF, 0xFFFF, 0xFFFF, 0xFFFF, 0xFFFF, 0xFFFF, 0xFFFF, 0xFFFF, 0xFFFF, 0xFFFF, 0xFFFF, 0xFFFF,
  0xFFFF, 0xFFFF, 0x6B75, 0x212A, 0x212A, 0x212A, 0x212A, 0x212A, 0x212A, 0x4A4A, 0x6B75, 0x6B75,
  0x6B75, 0x6B75, 0x6B75, 0x6B75, 0x6B75, 0x6B75, 0x6B75, 0x6B75, 0x6B75, 0x6B75, 0x6B75, 0x6B75,
  0x6B75, 0x6B75, 0x6B75, 0x6B75, 0x6B75, 0x6B75, 0x6B6A, 0x4A4A, 0x212A, 0x212A, 0x212A, 0x212A,
  0x212A, 0x212A, 0x212A, 0x212A, 0x212A, 0x212A, 0x212A, 0x212A, 0x212A, 0x212A, 0x212A, 0x212A,
  0x212A, 0x212A, 0x212A, 0x212A, 0x212A, 0x212A, 0x212A, 0x492A, 0x212A, 0x212A, 0x212A, 0x212A,
  0x212A, 0x212A, 0x212A, 0x212A, 0x212A, 0x212A, 0x212A, 0x212A, 0x212A, 0x212A, 0x212A, 0x212A,
  0x212A, 0x212A, 0x212A, 0x212A, 0x212A, 0x212A, 0x212A, 0x212A, 0x212A, 0x212A, 0x212A, 0x212A,
  0x212A, 0x212A, 0x212A, 0x212A, 0x212A, 0x212A, 0x212A, 0x212A, 0x212A, 0x212A, 0x212A, 0x212A,
  0x212A, 0x212A, 0x212A, 0x4A4A, 0xFFFF, 0x212A, 0x212A, 0x212A, 0x212A, 0x212A, 0x212A, 0x212A,
  0x212A, 0x212A, 0x212A, 0xDEDF, 0x2000, 0x212A, 0x212A, 0x212A, 0x212A, 0x212A, 0x212A, 0x212A,
  0xDEDF, 0x2000, 0x212A, 0x212A, 0x212A, 0x212A, 0x212A, 0x212A, 0x212A, 0x212A, 0x212A, 0x212A,
  0x212A, 0x212A, 0x212A, 0x212A, 0x212A, 0x212A, 0x212A, 0x212A, 0xFFFF, 0xFFFF, 0x4A4A, 0x212A,
  0x212A, 0x212A, 0x212A, 0x212A, 0x212A, 0x212A, 0x212A, 0x212A, 0x212A, 0x212A, 0x212A, 0x4A4A,
  0x212A, 0x212A, 0x212A, 0x212A, 0x212A, 0x212A, 0x212A, 0x212A, 0x212A, 0x212A, 0x212A, 0x6B6A,
  0x6B75, 0x6B75, 0x6B75, 0x6B75, 0x6B75, 0x6B75, 0x6B75, 0x6B75, 0x6B75, 0x6B75, 0x6B75, 0x6B75,
  0x6B75, 0x6B75, 0x6B75, 0x6B75, 0x6B75, 0x6B75, 0x6B75, 0x6B75, 0x6B75, 0x6B75, 0x212A, 0x212A,
  0x212A, 0x212A, 0x212A, 0x212A, 0x212A, 0x212A, 0x212A, 0x212A, 0x000A, 0x212A, 0x212A, 0x212A,
  0x212A, 0x212A, 0x4A4A, 0x4A4A, 0x6A55, 0x6B75, 0x6B75, 0x6B75, 0x6B75, 0x6B75, 0x212A, 0x212A,
  0x212A, 0x212A, 0x2000, 0xFFFF, 0xFFFF, 0xFFFF, 0xFFFF, 0xFFFF, 0xFFFF, 0xFFFF, 0xFFFF, 0xFFFF,
  0xFFFF, 0xFFFF, 0xFFFF, 0xFFFF, 0xFFFF, 0xFFFF, 0xFFFF, 0xFFFF, 0xFFFF, 0xFFFF, 0xFFFF, 0xFFFF,
  0xB5B5, 0x212A, 0x212A, 0x212A, 0x212A, 0x212A, 0x212A, 0x212A, 0x6B75, 0x6B75, 0x6B75, 0x6B75,
  0x6B75, 0x6B75, 0x6B75, 0x6B75, 0x6B75, 0x6B75, 0x6B75, 0x6B75, 0x6B75, 0x6B75, 0x6B75, 0x6B6A,
  0x6B75, 0x6B75, 0x6B75, 0x6B75, 0x6B75, 0x6B75, 0x6B75, 0x4A4A, 0x212A, 0x212A, 0x212A, 0x212A,
  0x212A, 0x212A, 0x212A, 0x212A, 0x212A, 0x212A, 0x212A, 0x212A, 0x212A, 0x212A, 0x212A, 0x212A,
  0x212A, 0x212A, 0x212A, 0x212A, 0x212A, 0x212A, 0x212A, 0x212A, 0x212A, 0x212A, 0x212A, 0x212A,
  0x212A, 0x212A, 0x212A, 0x212A, 0x212A, 0x212A, 0x212A, 0x212A, 0x212A, 0x212A, 0x212A, 0x212A,
  0x212A, 0x212A, 0x212A, 0x212A, 0x212A, 0x212A, 0x212A, 0x212A, 0x212A, 0x212A, 0x212A, 0x212A,
  0x212A, 0x212A, 0x212A, 0x212A, 0x212A, 0x212A, 0x212A, 0x212A, 0x212A, 0x212A, 0x212A, 0x212A,
  0x212A, 0x000A, 0xFFFF, 0xFFFF, 0xDEDF, 0x212A, 0x212A, 0x212A, 0x212A, 0x212A, 0x212A, 0x212A,
  0x212A, 0x212A, 0x212A, 0x6A4A, 0x2000, 0x212A, 0x212A, 0x212A, 0x212A, 0x212A, 0x212A, 0xDEDF,
  0x6A4A, 0x212A, 0x212A, 0x212A, 0x212A, 0x212A, 0x212A, 0x212A, 0x212A, 0x212A, 0x212A, 0x212A,
  0x212A, 0x212A, 0x212A, 0x212A, 0x6B75, 0xDEDF, 0xFFFF, 0xFFFF, 0xFFFF, 0xFFFF, 0xFFFF, 0xFFFF,
  0x6B75, 0x212A, 0x212A, 0x212A, 0x212A, 0x212A, 0x212A, 0x212A, 0x212A, 0x212A, 0x212A, 0x6B75,
  0x212A, 0x212A, 0x212A, 0x212A, 0x212A, 0x212A, 0x212A, 0x212A, 0x212A, 0x212A, 0x212A, 0x4A4A,
  0x6B75, 0x6B75, 0x6B75, 0x6B75, 0x6B75, 0x6B75, 0x6B75, 0x6B75, 0x6B75, 0x6B75, 0x6B75, 0x6B75,
  0x6B75, 0x6B75, 0x6B75, 0x6B75, 0x6B75, 0x6B75, 0x6B75, 0x6B75, 0x6B75, 0x6B75, 0x212A, 0x212A,
  0x212A, 0x212A, 0x212A, 0x212A, 0x212A, 0x212A, 0x212A, 0x6B75, 0x6B75, 0x6B75, 0x6B75, 0x6B75,
  0x6B75, 0x6B75, 0x6B75, 0x6B75, 0x6B75, 0x6B75, 0x6B75, 0x6B75, 0x6B75, 0x6B75, 0x212A, 0x212A,
  0x212A, 0x212A, 0x212A, 0xDEDF, 0xFFFF, 0xFFFF, 0xFFFF, 0xFFFF, 0xFFFF, 0xFFFF, 0xFFFF, 0xFFFF,
  0xFFFF, 0xFFFF, 0xFFFF, 0xFFFF, 0xFFFF, 0xFFFF, 0xFFFF, 0xFFFF, 0xFFFF, 0xFFFF, 0xFFFF, 0xFFFF,
  0x4A4A, 0x212A, 0x212A, 0x212A, 0x212A, 0x212A, 0x212A, 0x212A, 0x212A, 0x212A, 0x4A4A, 0x212A,
  0x4A4A, 0x4A4A, 0x6B75, 0x4A4A, 0x212A, 0x212A, 0x212A, 0x212A, 0x6B75, 0x6B75, 0x6B75, 0x6B75,
  0x6B75, 0x6B75, 0x6B75, 0x6B75, 0x6B75, 0x6B75, 0x6B75, 0x212A, 0x212A, 0x212A, 0x212A, 0x212A,
  0x212A, 0x212A, 0x212A, 0x212A, 0x212A, 0x212A, 0x212A, 0x212A, 0x212A, 0x212A, 0x212A, 0x212A,
  0x212A, 0x212A, 0x212A, 0x212A, 0x212A, 0x212A, 0x212A, 0x212A, 0x212A, 0x212A, 0x212A, 0x212A,
  0x212A, 0x212A, 0x212A, 0x212A, 0x212A, 0x212A, 0x212A, 0x212A, 0x212A, 0x212A, 0x212A, 0x492A,
  0x212A, 0x212A, 0x212A, 0x212A, 0x212A, 0x212A, 0x212A, 0x212A, 0x212A, 0x212A, 0x212A, 0x212A,
  0x212A, 0x212A, 0x212A, 0x212A, 0x212A, 0x212A, 0x212A, 0x212A, 0x212A, 0x212A, 0x212A, 0x212A,
  0x212A, 0xFFFF, 0xFFFF, 0xFFFF, 0xFFFF, 0x212A, 0x212A, 0x212A, 0x212A, 0x212A, 0x212A, 0x212A,
  0x212A, 0x212A, 0x212A, 0x4A4A, 0x4A4A, 0x212A, 0x212A, 0x212A, 0x212A, 0x212A, 0x9495, 0xDEDF,
  0x212A, 0x212A, 0x212A, 0x212A, 0x212A, 0x212A, 0x212A, 0x212A, 0x212A, 0x212A, 0x212A, 0x212A,
  0x212A, 0x212A, 0x212A, 0x4A4A, 0x9495, 0xFFFF, 0xFFFF, 0xFFFF, 0xFFFF, 0xFFFF, 0xFFFF, 0xFFFF,
  0xFFFF, 0x4A4A, 0x200A, 0x212A, 0x212A, 0x212A, 0x212A, 0x212A, 0x212A, 0x212A, 0x212A, 0x6B75,
  0x212A, 0x212A, 0x212A, 0x212A, 0x212A, 0x212A, 0x212A, 0x212A, 0x212A, 0x212A, 0x212A, 0x4A4A,
  0x6B75, 0x6B75, 0x6B75, 0x6B75, 0x6B75, 0x6B75, 0x6B75, 0x6B75, 0x6B75, 0x6B75, 0x6B75, 0x6B75,
  0x6B75, 0x6B75, 0x6B75, 0x6B75, 0x6B6A, 0x6B75, 0x6B75, 0x6B75, 0x6B75, 0x6B75, 0x212A, 0x212A,
  0x212A, 0x212A, 0x212A, 0x212A, 0x212A, 0x212A, 0x212A, 0x6B6A, 0x6B75, 0x6B75, 0x6B75, 0x6B75,
  0x6B75, 0x6B75, 0x6B75, 0x6B75, 0x6B75, 0x6B75, 0x6B75, 0x6B75, 0x6B75, 0x6B75, 0x4A4A, 0x212A,
  0x212A, 0x212A, 0x212A, 0x6B75, 0xFFFF, 0xFFFF, 0xFFFF, 0xFFFF, 0xFFFF, 0xFFFF, 0xFFFF, 0xFFFF,
  0xFFFF, 0xFFFF, 0xFFFF, 0xFFFF, 0xFFFF, 0xFFFF, 0xFFFF, 0xFFFF, 0xFFFF, 0xFFFF, 0xFFFF, 0xDEDF,
  0x212A, 0x212A, 0x212A, 0x212A, 0x212A, 0x212A, 0x212A, 0x212A, 0x212A, 0x212A, 0x212A, 0x212A,
  0x212A, 0x212A, 0x212A, 0x212A, 0x212A, 0x212A, 0x212A, 0x212A, 0x4A4A, 0x6B75, 0x6B75, 0x6B75,
  0x6B75, 0x6B75, 0x6B75, 0x6B75, 0x6B75, 0x6B75, 0x6B75, 0x212A, 0x212A, 0x212A, 0x212A, 0x212A,
  0x212A, 0x212A, 0x212A, 0x212A, 0x212A, 0x212A, 0x212A, 0x212A, 0x212A, 0x212A, 0x212A, 0x212A,
  0x212A, 0x212A, 0x212A, 0x212A, 0x212A, 0x212A, 0x212A, 0x212A, 0x212A, 0x212A, 0x212A, 0x212A,
  0x212A, 0x212A, 0x212A, 0x212A, 0x212A, 0x212A, 0x212A, 0x212A, 0x212A, 0x212A, 0x212A, 0x212A,
  0x212A, 0x212A, 0x212A, 0x212A, 0x212A, 0x212A, 0x212A, 0x212A, 0x212A, 0x212A, 0x212A, 0x212A,
  0x212A, 0x212A, 0x212A, 0x212A, 0x212A, 0x212A, 0x212A, 0x212A, 0x212A, 0x212A, 0x212A, 0x212A,
  0xFFFF, 0xFFFF, 0xFFFF, 0xFFFF, 0xFFFF, 0x212A, 0x212A, 0x212A, 0x212A, 0x212A, 0x212A, 0x212A,
  0x212A, 0x212A, 0x212A, 0x212A, 0x4A4A, 0x212A, 0x212A, 0x212A, 0x212A, 0x212A, 0x200A, 0x212A,
  0x212A, 0x212A, 0x212A, 0x212A, 0x212A, 0x212A, 0x212A, 0x212A, 0x212A, 0x212A, 0x212A, 0x212A,
  0x212A, 0x212A, 0x212A, 0x212A, 0x212A, 0x2120, 0xB5BF, 0xFFFF, 0xFFFF, 0xFFFF, 0xFFFF, 0xFFFF,
  0xFFFF, 0xFFFF, 0xDEDF, 0x212A, 0x212A, 0x212A, 0x212A, 0x212A, 0x212A, 0x212A, 0x212A, 0x6B75,
  0x212A, 0x212A, 0x212A, 0x212A, 0x212A, 0x212A, 0x212A, 0x212A, 0x212A, 0x212A, 0x212A, 0x4A4A,
  0x6B6A, 0x6B75, 0x6B75, 0x6B75, 0x6B75, 0x6B75, 0x6B75, 0x6B75, 0x6B75, 0x6B75, 0x6B75, 0x6B75,
  0x6B75, 0x6B75, 0x6B75, 0x6B75, 0x6B75, 0x6B75, 0x6B75, 0x6B75, 0x6B75, 0x4A4A, 0x212A, 0x212A,
  0x212A, 0x212A, 0x212A, 0x212A, 0x212A, 0x212A, 0x212A, 0x6B75, 0x6B6A, 0x6B75, 0x6B75, 0x6B75,
  0x6B75, 0x6B75, 0x6B75, 0x6B75, 0x6B75, 0x6B75, 0x6B75, 0x6B75, 0x6B75, 0x6B75, 0x212A, 0x212A,
  0x212A, 0x212A, 0x212A, 0x212A, 0xFFFF, 0xFFFF, 0xFFFF, 0xFFFF, 0xFFFF, 0xFFFF, 0xFFFF, 0xFFFF,
  0xFFFF, 0xFFFF, 0xFFFF, 0xFFFF, 0xFFFF, 0xFFFF, 0xFFFF, 0xFFFF, 0xFFFF, 0xFFFF, 0xFFFF, 0xFFFF,
  0x9495, 0x200A, 0x212A, 0x212A, 0x212A, 0x212A, 0x212A, 0x212A, 0x212A, 0x212A, 0x212A, 0x212A,
  0x212A, 0x212A, 0x212A, 0x212A, 0x212A, 0x212A, 0x212A, 0x212A, 0x212A, 0x6B75, 0x6B75, 0x6B75,
  0x6B75, 0x6B75, 0x6B75, 0x6B75, 0x6B75, 0x6B75, 0x4A4A, 0x212A, 0x212A, 0x212A, 0x212A, 0x212A,
  0x212A, 0x212A, 0x212A, 0x212A, 0x212A, 0x212A, 0x212A, 0x212A, 0x212A, 0x212A, 0x212A, 0x212A,
  0x212A, 0x212A, 0x212A, 0x212A, 0x212A, 0x212A, 0x212A, 0x212A, 0x212A, 0x212A, 0x212A, 0x212A,
  0x212A, 0x212A, 0x212A, 0x212A, 0x212A, 0x212A, 0x212A, 0x212A, 0x212A, 0x212A, 0x212A, 0x212A,
  0x212A, 0x212A, 0x212A, 0x212A, 0x212A, 0x212A, 0x212A, 0x212A, 0x212A, 0x212A, 0x212A, 0x212A,
  0x212A, 0x212A, 0x212A, 0x212A, 0x212A, 0x212A, 0x212A, 0x212A, 0x212A, 0x212A, 0x212A, 0xFFFF,
  0xFFFF, 0xFFFF, 0xFFFF, 0xFFFF, 0xFFFF, 0x200A, 0x212A, 0x212A, 0x212A, 0x212A, 0x212A, 0x212A,
  0x212A, 0x212A, 0x212A, 0x212A, 0x212A, 0x212A, 0x200A, 0x200A, 0x6B75, 0x212A, 0x012A, 0x212A,
  0x212A, 0x212A, 0x212A, 0x212A, 0x212A, 0x212A, 0x212A, 0x212A, 0x212A, 0x212A, 0x212A, 0x212A,
  0x212A, 0x212A, 0x212A, 0x212A, 0x212A, 0x212A, 0x212A, 0x2120, 0xFFFF, 0xFFFF, 0xFFFF, 0xFFFF,
  0xFFFF, 0xDEDF, 0xFFFF, 0xDEDF, 0xFFFF, 0x212A, 0x212A, 0x212A, 0x212A, 0x212A, 0x212A, 0x6B75,
  0x4A4A, 0x212A, 0x212A, 0x212A, 0x212A, 0x212A, 0x212A, 0x212A, 0x212A, 0x212A, 0x212A, 0x6B6A,
  0x6B75, 0x6B6A, 0x6B75, 0x6B75, 0x6B75, 0x6B75, 0x6B75, 0x6B75, 0x6B75, 0x6B75, 0x6B75, 0x6B75,
  0x6B75, 0x6B75, 0x6B75, 0x6B75, 0x6B75, 0x6B6A, 0x6B6A, 0x6B75, 0x6B75, 0x4A4A, 0x212A, 0x212A,
  0x212A, 0x212A, 0x212A, 0x212A, 0x212A, 0x212A, 0x212A, 0x6B6A, 0x6B75, 0x6B75, 0x6B75, 0x6B75,
  0x6B75, 0x6B75, 0x6B75, 0x6B75, 0x6B75, 0x6B75, 0x6B75, 0x6B75, 0x6B75, 0x6B75, 0x4A4A, 0x212A,
  0x212A, 0x212A, 0x212A, 0x212A, 0xFFFF, 0xFFFF, 0xFFFF, 0xFFFF, 0xFFFF, 0xFFFF, 0xFFFF, 0xFFFF,
  0xFFFF, 0xFFFF, 0xFFFF, 0xFFFF, 0xFFFF, 0xFFFF, 0xFFFF, 0xFFFF, 0xFFFF, 0xFFFF, 0xFFFF, 0xFFFF,
  0xFFFF, 0xB5B5, 0x000A, 0x212A, 0x212A, 0x212A, 0x212A, 0x212A, 0x212A, 0x212A, 0x212A, 0x212A,
  0x212A, 0x212A, 0x212A, 0x212A, 0x212A, 0x212A, 0x212A, 0x212A, 0x212A, 0x6B75, 0x6B75, 0x6B75,
  0x6B75, 0x6B75, 0x6B75, 0x6B75, 0x6B75, 0x6B75, 0x4A4A, 0x212A, 0x212A, 0x212A, 0x212A, 0x212A,
  0x212A, 0x212A, 0x212A, 0x212A, 0x212A, 0x212A, 0x212A, 0x212A, 0x212A, 0x212A, 0x212A, 0x212A,
  0x212A, 0x212A, 0x212A, 0x212A, 0x212A, 0x212A, 0x212A, 0x212A, 0x212A, 0x212A, 0x212A, 0x212A,
  0x212A, 0x212A, 0x212A, 0x212A, 0x212A, 0x212A, 0x212A, 0x212A, 0x212A, 0x212A, 0x212A, 0x212A,
  0x212A, 0x212A, 0x212A, 0x212A, 0x212A, 0x212A, 0x212A, 0x212A, 0x212A, 0x212A, 0x212A, 0x212A,
  0x212A, 0x212A, 0x212A, 0x212A, 0x212A, 0x212A, 0x212A, 0x212A, 0x212A, 0x212A, 0xFEDF, 0xFFFF,
  0xFFFF, 0xFFFF, 0xFFFF, 0xFFFF, 0xFFFF, 0x212A, 0x212A, 0x212A, 0x212A, 0x212A, 0x212A, 0x212A,
  0x212A, 0x4A4A, 0x212A, 0x200A, 0x4A4A, 0x9495, 0xDEDF, 0xFFFF, 0xFEDF, 0xFFFF, 0xFEDF, 0x4A4A,
  0x212A, 0x012A, 0x212A, 0x212A, 0x212A, 0x212A, 0x212A, 0xFFFF, 0xFFFF, 0x6B6A, 0x212A, 0x212A,
  0x212A, 0x212A, 0x212A, 0x212A, 0x212A, 0x212A, 0x212A, 0x212A, 0xFFFF, 0xFFFF, 0xFFFF, 0xFFFF,
  0xFFFF, 0xFFFF, 0xFFFF, 0xDFFF, 0xDEDF, 0xFFFF, 0x212A, 0x212A, 0x212A, 0x212A, 0x212A, 0x6B75,
  0x4A4A, 0x212A, 0x212A, 0x212A, 0x212A, 0x212A, 0x212A, 0x212A, 0x212A, 0x212A, 0x212A, 0x4A4A,
  0x6B75, 0x6B75, 0x6B75, 0x6B75, 0x6B75, 0x6B75, 0x6B75, 0x6B75, 0x6B75, 0x6B75, 0x6B75, 0x6B75,
  0x6B75, 0x6B75, 0x6B75, 0x6B75, 0x6B75, 0x6B75, 0x6B75, 0x6B75, 0x6B75, 0x212A, 0x212A, 0x212A,
  0x212A, 0x212A, 0x212A, 0x212A, 0x212A, 0x212A, 0x212A, 0x4A4A, 0x6B75, 0x6B6A, 0x6B6A, 0x6B75,
  0x6B75, 0x6B75, 0x6B75, 0x6B75, 0x6B75, 0x6B75, 0x6B75, 0x6B75, 0x6B75, 0x6B75, 0x4A4A, 0x212A,
  0x212A, 0x212A, 0x212A, 0x212A, 0xFFFF, 0xFFFF, 0xFFFF, 0xFFFF, 0xFFFF, 0xFFFF, 0xFFFF, 0xFFFF,
  0xFFFF, 0xFFFF, 0xFFFF, 0xFFFF, 0xFFFF, 0xFFFF, 0xFFFF, 0xFFFF, 0xFFFF, 0xFFFF, 0xFFFF, 0xFFFF,
  0xFFFF, 0xFFFF, 0xFFFF, 0xFFFF, 0xFFFF, 0xDEDF, 0x9495, 0x4A4A, 0x212A, 0x212A, 0x212A, 0x212A,
  0x212A, 0x212A, 0x212A, 0x212A, 0x212A, 0x212A, 0x212A, 0x212A, 0x212A, 0x6B75, 0x6B75, 0x6B75,
  0x6B75, 0x6B75, 0x6B75, 0x6B75, 0x6B75, 0x6B75, 0x212A, 0x212A, 0x212A, 0x212A, 0x212A, 0x212A,
  0x212A, 0x212A, 0x212A, 0x212A, 0x212A, 0x212A, 0x212A, 0x212A, 0x212A, 0x212A, 0x212A, 0x212A,
  0x212A, 0x212A, 0x212A, 0x212A, 0x212A, 0x212A, 0x212A, 0x212A, 0x212A, 0x212A, 0x212A, 0x212A,
  0x212A, 0x212A, 0x212A, 0x212A, 0x212A, 0x212A, 0x212A, 0x212A, 0x212A, 0x212A, 0x212A, 0x212A,
  0x212A, 0x212A, 0x212A, 0x212A, 0x212A, 0x212A, 0x212A, 0x212A, 0x212A, 0x212A, 0x212A, 0x212A,
  0x212A, 0x212A, 0x212A, 0x212A, 0x212A, 0x212A, 0x212A, 0x212A, 0x212A, 0xFFFF, 0xFFFF, 0xFFFF,
  0xFFFF, 0xFFFF, 0xFFFF, 0xFFFF, 0xFFFF, 0x212A, 0x212A, 0x212A, 0x212A, 0x212A, 0x212A, 0x212A,
  0x212A, 0xDEDF, 0xDEDF, 0xFEDF, 0xFEDF, 0xFEDF, 0xFEDF, 0xFEDF, 0xFEDF, 0xFEDF, 0xFFFF, 0xFEDF,
  0x212A, 0x212A, 0x212A, 0x212A, 0x212A, 0x212A, 0xFFFF, 0xFFFF, 0xFFFF, 0xFFFF, 0x9495, 0x212A,
  0x212A, 0x212A, 0x6B75, 0xFFFF, 0x6B75, 0x212A, 0x212A, 0x212A, 0x4A4A, 0xFFFF, 0xB5B5, 0x4A4A,
  0x0000, 0x212A, 0x212A, 0x212A, 0x212A, 0x212A, 0x212A, 0x212A, 0x212A, 0x212A, 0x212A, 0x6B75,
  0x6B75, 0x212A, 0x212A, 0x212A, 0x212A, 0x212A, 0x212A, 0x212A, 0x212A, 0x212A, 0x212A, 0x4A4A,
  0x6B75, 0x6B75, 0x6B75, 0x6B75, 0x6B75, 0x6B75, 0x6B75, 0x6B75, 0x6B75, 0x6B75, 0x6B75, 0x6B75,
  0x6B75, 0x6B75, 0x6B75, 0x6B75, 0x6B75, 0x6B75, 0x6B75, 0x6B75, 0x6B75, 0x212A, 0x212A, 0x212A,
  0x212A, 0x212A, 0x212A, 0x212A, 0x212A, 0x212A, 0x212A, 0x4A4A, 0x6B75, 0x6B75, 0x6B75, 0x6B75,
  0x6B75, 0x6B75, 0x6B75, 0x6B75, 0x6B75, 0x6B75, 0x6B75, 0x6B75, 0x6B75, 0x6B75, 0x4A4A, 0x212A,
  0x212A, 0x212A, 0x212A, 0x2000, 0xFFFF, 0xFFFF, 0xFFFF, 0xFFFF, 0xFFFF, 0xFFFF, 0xFFFF, 0xFFFF,
  0xFFFF, 0xFFFF, 0xFFFF, 0xFFFF, 0xFFFF, 0xFFFF, 0xFFFF, 0xFFFF, 0xFFFF, 0xFFFF, 0xFFFF, 0xFFFF,
  0xFFFF, 0xFFFF, 0xFFFF, 0xFFFF, 0xFFFF, 0xFFFF, 0xFFFF, 0xFFFF, 0xFFFF, 0xFFFF, 0xDEDF, 0xDEDF,
  0xDEDF, 0x6B6A, 0x9495, 0xDEDF, 0xB5BF, 0x212A, 0x212A, 0x212A, 0x212A, 0x6B75, 0x6B75, 0x6B75,
  0x6B75, 0x6B75, 0x6B75, 0x6B75, 0x6B75, 0x4A4A, 0x212A, 0x212A, 0x212A, 0x212A, 0x212A, 0x212A,
  0x212A, 0x212A, 0x212A, 0x212A, 0x212A, 0x212A, 0x212A, 0x212A, 0x212A, 0x212A, 0x212A, 0x212A,
  0x212A, 0x212A, 0x212A, 0x212A, 0x212A, 0x212A, 0x212A, 0x212A, 0x212A, 0x212A, 0x212A, 0x212A,
  0x212A, 0x212A, 0x212A, 0x212A, 0x212A, 0x212A, 0x212A, 0x212A, 0x212A, 0x212A, 0x212A, 0x212A,
  0x212A, 0x212A, 0x212A, 0x212A, 0x212A, 0x212A, 0x212A, 0x212A, 0x212A, 0x212A, 0x212A, 0x212A,
  0x212A, 0x212A, 0x212A, 0x212A, 0x212A, 0x212A, 0x212A, 0x212A, 0xDEDF, 0xFFFF, 0xFFFF, 0xFFFF,
  0xFFFF, 0xFFFF, 0xFFFF, 0xFFFF, 0xFFFF, 0x4A4A, 0x212A, 0x212A, 0x212A, 0x212A, 0x212A, 0x212A,
  0x212A, 0xDEDF, 0xDED5, 0xFEDF, 0xFEDF, 0xFEDF, 0xFEDF, 0xFEDF, 0xFEDF, 0xFEDF, 0xFEDF, 0xFEDF,
  0xB5B5, 0x212A, 0x012A, 0x212A, 0x212A, 0x4A4A, 0xFFFF, 0xFFFF, 0xFFFF, 0xFFFF, 0xFFFF, 0x9495,
  0x0000, 0x212A, 0xFFFF, 0xFFFF, 0xFFFF, 0x212A, 0x212A, 0x212A, 0x212A, 0x212A, 0x212A, 0x212A,
  0x212A, 0x212A, 0x212A, 0x212A, 0x212A, 0x212A, 0x212A, 0x212A, 0x212A, 0x212A, 0x212A, 0x6B75,
  0x6B6A, 0x4A4A, 0x212A, 0x212A, 0x212A, 0x212A, 0x212A, 0x212A, 0x212A, 0x212A, 0x212A, 0x4A4A,
  0x6B75, 0x6B75, 0x6B75, 0x6B75, 0x6B75, 0x6B6A, 0x6B75, 0x6B75, 0x6B75, 0x6B75, 0x6B75, 0x6B75,
  0x6B75, 0x6B75, 0x6B6A, 0x6B75, 0x6B75, 0x6B75, 0x6B75, 0x6B75, 0x6B75, 0x212A, 0x212A, 0x212A,
  0x212A, 0x212A, 0x212A, 0x212A, 0x212A, 0x212A, 0x212A, 0x212A, 0x6B75, 0x6B75, 0x6B75, 0x6B75,
  0x6B75, 0x6B75, 0x6B75, 0x6B75, 0x6B75, 0x6B75, 0x6B75, 0x6B75, 0x6B75, 0x6B75, 0x6B75, 0x212A,
  0x212A, 0x212A, 0x212A, 0x212A, 0xFFFF, 0xFFFF, 0xFFFF, 0xFFFF, 0xFFFF, 0xFFFF, 0xFFFF, 0xFFFF,
  0xFFFF, 0xFFFF, 0xFFFF, 0xFFFF, 0xFFFF, 0xFFFF, 0xFFFF, 0xFFFF, 0xFFFF, 0xFFFF, 0xFFFF, 0xFFFF,
  0xFFFF, 0xFFFF, 0xFFFF, 0xFFFF, 0xFFFF, 0xFFFF, 0xFFFF, 0xFFFF, 0xFFFF, 0xFFFF, 0xFFFF, 0xFFFF,
  0xFFFF, 0xFFFF, 0xFFFF, 0xFFFF, 0xFFFF, 0x2120, 0x212A, 0x212A, 0x212A, 0x6B75, 0x6B75, 0x6B75,
  0x6B75, 0x6B75, 0x6B75, 0x6B75, 0x6B75, 0x212A, 0x212A, 0x212A, 0x212A, 0x492A, 0x212A, 0x212A,
  0x212A, 0x212A, 0x212A, 0x212A, 0x212A, 0x212A, 0x212A, 0x212A, 0x212A, 0x212A, 0x212A, 0x212A,
  0x212A, 0x212A, 0x212A, 0x212A, 0x212A, 0x212A, 0x212A, 0x212A, 0x212A, 0x212A, 0x212A, 0x212A,
  0x212A, 0x212A, 0x212A, 0x212A, 0x212A, 0x212A, 0x212A, 0x212A, 0x212A, 0x212A, 0x212A, 0x212A,
  0x212A, 0x212A, 0x212A, 0x212A, 0x492A, 0x212A, 0x212A, 0x212A, 0x212A, 0x212A, 0x000A, 0x212A,
  0x212A, 0x212A, 0x212A, 0x212A, 0x212A, 0x212A, 0x200A, 0xFFFF, 0xFFFF, 0xFFFF, 0xFFFF, 0xFFFF,
  0xFFFF, 0xFFFF, 0xFFFF, 0xFFFF, 0xFFFF, 0x4A4A, 0x212A, 0x212A, 0x212A, 0x212A, 0x212A, 0x212A,
  0x212A, 0xDEDF, 0xDED5, 0xFEDF, 0xFEDF, 0xFEDF, 0xFEDF, 0xFEDF, 0xFEDF, 0xFEDF, 0xFEDF, 0xFEDF,
  0xDEDF, 0x0000, 0x212A, 0x212A, 0x0000, 0xFFFF, 0xFFFF, 0xFFFF, 0xFFFF, 0xFFFF, 0xFFFF, 0xFFFF,
  0xFFFF, 0xFFFF, 0xFFFF, 0xFFFF, 0xFFFF, 0x2120, 0x212A, 0x212A, 0x212A, 0x212A, 0x212A, 0x212A,
  0x212A, 0x212A, 0x212A, 0x212A, 0x212A, 0x212A, 0x212A, 0x212A, 0x212A, 0x212A, 0x212A, 0x6B75,
  0x6B75, 0x4A4A, 0x212A, 0x212A, 0x212A, 0x212A, 0x212A, 0x212A, 0x212A, 0x212A, 0x212A, 0x212A,
  0x6B75, 0x6B75, 0x6B75, 0x6B6A, 0x6B75, 0x6B75, 0x6B75, 0x6B75, 0x6B75, 0x6B75, 0x6B75, 0x6B75,
  0x6B75, 0x6B75, 0x6B75, 0x6B75, 0x6B75, 0x6B75, 0x6B75, 0x6B75, 0x6B75, 0x212A, 0x212A, 0x212A,
  0x212A, 0x212A, 0x212A, 0x212A, 0x212A, 0x212A, 0x212A, 0x212A, 0x6B75, 0x6B75, 0x6B75, 0x6B75,
  0x6B75, 0x6B75, 0x6B75, 0x6B75, 0x6B75, 0x6B75, 0x6B75, 0x6B75, 0x6B75, 0x6B75, 0x6B75, 0x212A,
  0x212A, 0x212A, 0x212A, 0x212A, 0xFFFF, 0xFFFF, 0xFFFF, 0xFFFF, 0xFFFF, 0xFFFF, 0xFFFF, 0xFFFF,
  0xFFFF, 0xFFFF, 0xFFFF, 0xFFFF, 0xFFFF, 0xFFFF, 0xFFFF, 0xFFFF, 0xFFFF, 0xFFFF, 0xFFFF, 0xFFFF,
  0xFFFF, 0xFFFF, 0xFFFF, 0xFFFF, 0xFFFF, 0xFFFF, 0xFFFF, 0xFFFF, 0xFFFF, 0xFFFF, 0xFFFF, 0xFFFF,
  0xFFFF, 0xFFFF, 0xFFFF, 0xFFFF, 0xDEDF, 0x212A, 0x212A, 0x212A, 0x212A, 0x6B75, 0x6B75, 0x6B75,
  0x6B75, 0x6B75, 0x6B75, 0x6B6A, 0x6B75, 0x212A, 0x212A, 0x212A, 0x212A, 0x212A, 0x212A, 0x212A,
  0x212A, 0x212A, 0x212A, 0x212A, 0x212A, 0x212A, 0x212A, 0x212A, 0x212A, 0x212A, 0x212A, 0x212A,
  0x212A, 0x212A, 0x212A, 0x212A, 0x212A, 0x212A, 0x212A, 0x212A, 0x212A, 0x212A, 0x212A, 0x212A,
  0x212A, 0x212A, 0x212A, 0x212A, 0x212A, 0x212A, 0x212A, 0x212A, 0x212A, 0x212A, 0x212A, 0x212A,
  0x212A, 0x212A, 0x212A, 0x212A, 0x212A, 0x212A, 0x212A, 0x212A, 0x212A, 0xFFFF, 0xFFFF, 0xFFFF,
  0xB5BF, 0x212A, 0x212A, 0x212A, 0x212A, 0x4A4A, 0xDEDF, 0xFFFF, 0xDEDF, 0xFFFF, 0xFFFF, 0xFFFF,
  0xFFFF, 0xFFFF, 0xFFFF, 0xFFFF, 0xFFFF, 0xFFFF, 0x212A, 0x212A, 0x212A, 0x212A, 0x212A, 0x212A,
  0x212A, 0xDEDF, 0xDED5, 0xDEDF, 0xFEDF, 0xFEDF, 0xFEDF, 0xFEDF, 0xFEDF, 0xFEDF, 0xFEDF, 0xFEDF,
  0x9495, 0x212A, 0x212A, 0x212A, 0x6B6A, 0xFFFF, 0xFFFF, 0xFFFF, 0xFFFF, 0xFFFF, 0xFFFF, 0xFFFF,
  0xFFFF, 0xFFFF, 0xFFFF, 0xFFFF, 0xFFFF, 0x9495, 0x212A, 0x212A, 0x212A, 0x212A, 0x212A, 0x200A,
  0x000A, 0x6B75, 0x6B75, 0x9495, 0x9495, 0x0000, 0x212A, 0x212A, 0x212A, 0x212A, 0x212A, 0x6B75,
  0x6B75, 0x6B75, 0x212A, 0x212A, 0x212A, 0x212A, 0x212A, 0x212A, 0x212A, 0x212A, 0x212A, 0x212A,
  0x6B6A, 0x6B75, 0x6B75, 0x6B75, 0x6B75, 0x6B75, 0x6B75, 0x6B75, 0x6B75, 0x6B75, 0x6B75, 0x6B6A,
  0x6B75, 0x6B75, 0x6B75, 0x6B75, 0x6B6A, 0x6B75, 0x6B75, 0x6B75, 0x6B75, 0x212A, 0x212A, 0x212A,
  0x212A, 0x212A, 0x212A, 0x212A, 0x212A, 0x212A, 0x212A, 0x212A, 0x6B75, 0x6B75, 0x6B75, 0x6B75,
  0x6B75, 0x6B75, 0x6B75, 0x6B75, 0x6B75, 0x6B75, 0x6B75, 0x6B75, 0x6B6A, 0x6B75, 0x6B75, 0x212A,
  0x212A, 0x212A, 0x212A, 0x212A, 0xB5B5, 0xFFFF, 0xFFFF, 0xFFFF, 0xFFFF, 0xFFFF, 0xFFFF, 0xFFFF,
  0xFFFF, 0xFFFF, 0xFFFF, 0xFFFF, 0xFFFF, 0xFFFF, 0xFFFF, 0xFFFF, 0xFFFF, 0xFFFF, 0xFFFF, 0xFFFF,
  0xFFFF, 0xFFFF, 0xFFFF, 0xFFFF, 0xFFFF, 0xFFFF, 0xFFFF, 0xFFFF, 0xFFFF, 0xFFFF, 0xFFFF, 0xFFFF,
  0xFFFF, 0xFFFF, 0xFFFF, 0xFFFF, 0xDEDF, 0x212A, 0x212A, 0x212A, 0x212A, 0x6B75, 0x6B75, 0x6B75,
  0x6B75, 0x6B75, 0x6B75, 0x6B75, 0x6B6A, 0x212A, 0x212A, 0x212A, 0x212A, 0x212A, 0x212A, 0x212A,
  0x212A, 0x212A, 0x212A, 0x212A, 0x212A, 0x212A, 0x212A, 0x212A, 0x212A, 0x212A, 0x212A, 0x212A,
  0x212A, 0x212A, 0x212A, 0x212A, 0x212A, 0x212A, 0x212A, 0x212A, 0x212A, 0x212A, 0x212A, 0x212A,
  0x212A, 0x212A, 0x212A, 0x212A, 0x212A, 0x212A, 0x212A, 0x212A, 0x212A, 0x212A, 0x212A, 0x212A,
  0x212A, 0x212A, 0x212A, 0x212A, 0x212A, 0x212A, 0x212A, 0x212A, 0x212A, 0xFFFF, 0xFFFF, 0xFFFF,
  0xFFFF, 0x2000, 0x212A, 0x212A, 0x6B75, 0xDEDF, 0xFFFF, 0xDEDF, 0xFFFF, 0xFEDF, 0xFFFF, 0xFFFF,
  0xFFFF, 0xFFFF, 0xFFFF, 0xFFFF, 0xFFFF, 0xFFFF, 0x0120, 0x212A, 0x212A, 0x212A, 0x212A, 0x212A,
  0x212A, 0xDEDF, 0xDED5, 0xDED5, 0xFEDF, 0xFEDF, 0xFEDF, 0xFEDF, 0xFEDF, 0xFEDF, 0xFEDF, 0xFEDF,
  0x2000, 0x212A, 0x212A, 0x012A, 0xFFFF, 0xFFFF, 0xFFFF, 0xFFFF, 0xFFFF, 0xFFFF, 0xFFFF, 0xFFFF,
  0xFFFF, 0xFFFF, 0xFFFF, 0xFFFF, 0xFFFF, 0xFFFF, 0x0000, 0x212A, 0x212A, 0x212A, 0x212A, 0xDEDF,
  0xFFFF, 0xFFFF, 0xFFFF, 0xFFFF, 0xFFFF, 0xFFFF, 0x000A, 0x212A, 0x212A, 0x212A, 0x212A, 0x212A,
  0x6B75, 0x6B75, 0x4A4A, 0x212A, 0x212A, 0x212A, 0x212A, 0x212A, 0x212A, 0x212A, 0x212A, 0x212A,
  0x6B6A, 0x6B6A, 0x6B75, 0x6B75, 0x6B75, 0x6B75, 0x6B75, 0x6B75, 0x6B75, 0x6B75, 0x6B75, 0x6B75,
  0x6B75, 0x6B75, 0x6B75, 0x6B75, 0x6B75, 0x6B75, 0x6B75, 0x6B75, 0x6B75, 0x212A, 0x212A, 0x212A,
  0x212A, 0x212A, 0x212A, 0x212A, 0x212A, 0x212A, 0x212A, 0x212A, 0x6B75, 0x6B75, 0x6B75, 0x6B75,
  0x6B75, 0x6B75, 0x6B75, 0x6B75, 0x6B75, 0x6B75, 0x6B75, 0x6B75, 0x6B75, 0x6B75, 0x6B75, 0x212A,
  0x212A, 0x212A, 0x212A, 0x212A, 0x2000, 0xFFFF, 0xFFFF, 0xFFFF, 0xFFFF, 0xFFFF, 0xFFFF, 0xFFFF,
  0xFFFF, 0xFFFF, 0xFFFF, 0xFFFF, 0xFFFF, 0xFFFF, 0xFFFF, 0xFFFF, 0xFFFF, 0xFFFF, 0xFFFF, 0xFFFF,
  0xFFFF, 0xFFFF, 0xFFFF, 0xFFFF, 0xFFFF, 0xFFFF, 0xFFFF, 0xFFFF, 0xFFFF, 0xFFFF, 0xFFFF, 0xFFFF,
  0xFFFF, 0xFFFF, 0xFFFF, 0xFFFF, 0x6B6A, 0x212A, 0x212A, 0x212A, 0x212A, 0x6B75, 0x6B75, 0x6B75,
  0x6B75, 0x6B75, 0x6B75, 0x6B75, 0x212A, 0x212A, 0x212A, 0x212A, 0x212A, 0x212A, 0x212A, 0x212A,
  0x212A, 0x212A, 0x212A, 0x212A, 0x212A, 0x212A, 0x212A, 0x212A, 0x212A, 0x212A, 0x212A, 0x212A,
  0x212A, 0x212A, 0x212A, 0x212A, 0x212A, 0x212A, 0x212A, 0x212A, 0x212A, 0x212A, 0x212A, 0x212A,
  0x212A, 0x212A, 0x212A, 0x212A, 0x212A, 0x212A, 0x212A, 0x212A, 0x212A, 0x212A, 0x212A, 0x212A,
  0x212A, 0x212A, 0x212A, 0x212A, 0x212A, 0x212A, 0x212A, 0x212A, 0xDEDF, 0xFFFF, 0xFFFF, 0xFFFF,
  0xFFFF, 0x2120, 0x212A, 0x212A, 0x212A, 0xFFFF, 0xFFFF, 0xFFFF, 0xFEDF, 0xFFFF, 0xFFFF, 0xFFFF,
  0xFFFF, 0xFFFF, 0xFFFF, 0xFFFF, 0xFFFF, 0xFFFF, 0x2120, 0x212A, 0x212A, 0x212A, 0x212A, 0x212A,
  0x212A, 0x9495, 0xDED5, 0xDED5, 0xFEDF, 0xFFFF, 0xFEDF, 0xFEDF, 0xFEDF, 0xFEDF, 0xFEDF, 0xFEDF,
  0x2120, 0x212A, 0x212A, 0x012A, 0xFFFF, 0xFFFF, 0xFFFF, 0xFFFF, 0xFFFF, 0xFFFF, 0xFFFF, 0xFFFF,
  0xFFFF, 0xFFFF, 0xFFFF, 0xFFFF, 0xFFFF, 0xFFFF, 0x9495, 0x212A, 0x212A, 0x212A, 0xDEDF, 0xFFFF,
  0xFFFF, 0xFFFF, 0xFFFF, 0xFFFF, 0xFFFF, 0xFFFF, 0x9495, 0x212A, 0x212A, 0x212A, 0x212A, 0x212A,
  0x6B75, 0x6B75, 0x4A4A, 0x212A, 0x212A, 0x212A, 0x212A, 0x212A, 0x212A, 0x212A, 0x212A, 0x212A,
  0x4A4A, 0x6B75, 0x6B75, 0x6B75, 0x6B75, 0x6B75, 0x6B75, 0x6B75, 0x6B75, 0x6B75, 0x6B75, 0x6B75,
  0x6B75, 0x6B75, 0x6B75, 0x6B75, 0x6B75, 0x6B75, 0x6B75, 0x6B75, 0x6B75, 0x212A, 0x212A, 0x212A,
  0x212A, 0x212A, 0x212A, 0x212A, 0x212A, 0x212A, 0x212A, 0x212A, 0x6B75, 0x6B75, 0x6B75, 0x6B75,
  0x6B75, 0x6B75, 0x6B75, 0x6B75, 0x6B75, 0x6B75, 0x6B75, 0x6B75, 0x6B75, 0x6B75, 0x6B75, 0x212A,
  0x212A, 0x212A, 0x212A, 0x212A, 0x212A, 0xFFFF, 0xFFFF, 0xFFFF, 0xFFFF, 0xFFFF, 0xFFFF, 0xFFFF,
  0xFFFF, 0xFFFF, 0xFFFF, 0xFFFF, 0xFFFF, 0xFFFF, 0xFFFF, 0xFFFF, 0xFFFF, 0xFFFF, 0xFFFF, 0xFFFF,
  0xFFFF, 0xFFFF, 0xFFFF, 0xFFFF, 0xFFFF, 0xFFFF, 0xFFFF, 0xFFFF, 0xFFFF, 0xFFFF, 0xFFFF, 0xFFFF,
  0xFFFF, 0xFFFF, 0xFFFF, 0xFFFF, 0x2000, 0x212A, 0x212A, 0x212A, 0x212A, 0x6B75, 0x6B75, 0x6B75,
  0x6B75, 0x6B75, 0x6B75, 0x4A4A, 0x224A, 0x212A, 0x212A, 0x212A, 0x212A, 0x212A, 0x212A, 0x212A,
  0x212A, 0x212A, 0x212A, 0x212A, 0x212A, 0x212A, 0x212A, 0x212A, 0x212A, 0x212A, 0x212A, 0x212A,
  0x212A, 0x212A, 0x212A, 0x212A, 0x212A, 0x212A, 0x212A, 0x212A, 0x212A, 0x212A, 0x212A, 0x212A,
  0x212A, 0x212A, 0x212A, 0x212A, 0x212A, 0x212A, 0x212A, 0x212A, 0x212A, 0x212A, 0x212A, 0x212A,
  0x212A, 0x212A, 0x212A, 0x200A, 0x212A, 0x212A, 0x212A, 0x0000, 0xFFFF, 0xFFFF, 0xFFFF, 0xFFFF,
  0xFFFF, 0xFFFF, 0x9375, 0x212A, 0x212A, 0x6B75, 0xFFFF, 0xFFFF, 0xFFFF, 0xFFFF, 0xFFFF, 0xFFFF,
  0xFFFF, 0xFFFF, 0xFFFF, 0xFFFF, 0xFFFF, 0xFFFF, 0x4A4A, 0x212A, 0x212A, 0x212A, 0x212A, 0x212A,
  0x212A, 0x2120, 0xDEDF, 0xDED5, 0xDED5, 0xFEDF, 0xFEDF, 0xFEDF, 0xFEDF, 0xFEDF, 0xFEDF, 0xDEDF,
  0x212A, 0x212A, 0x212A, 0x4B6A, 0xFFFF, 0xFFFF, 0xFFFF, 0xFFFF, 0xFFFF, 0xFFFF, 0xFFFF, 0xFFFF,
  0xFFFF, 0xFFFF, 0xFFFF, 0xFFFF, 0xFFFF, 0xFFFF, 0xFFFF, 0xFFFF, 0x9495, 0xFFFF, 0xFFFF, 0xFFFF,
  0xFFFF, 0xFFFF, 0xFFFF, 0xFFFF, 0xFFFF, 0xFFFF, 0x9495, 0x212A, 0x212A, 0x212A, 0x212A, 0x212A,
  0x6B75, 0x6B75, 0x6B6A, 0x212A, 0x212A, 0x212A, 0x212A, 0x212A, 0x212A, 0x212A, 0x212A, 0x212A,
  0x4A4A, 0x6B6A, 0x6B75, 0x6B75, 0x6B75, 0x6B75, 0x6B75, 0x6B75, 0x6B75, 0x6B75, 0x6B75, 0x6B75,
  0x6B75, 0x6B75, 0x6B75, 0x6B75, 0x6B75, 0x6B75, 0x6B75, 0x6B75, 0x6B75, 0x212A, 0x212A, 0x212A,
  0x212A, 0x212A, 0x212A, 0x212A, 0x212A, 0x212A, 0x212A, 0x212A, 0x4A4A, 0x6B75, 0x6B75, 0x6B75,
  0x6B75, 0x6B75, 0x6B75, 0x6B75, 0x6B75, 0x6B75, 0x6B75, 0x6B75, 0x6B75, 0x6B75, 0x6B75, 0x6B75,
  0x212A, 0x212A, 0x212A, 0x212A, 0x212A, 0xB5B5, 0xFFFF, 0xFFFF, 0xFFFF, 0xFFFF, 0xFFFF, 0xFFFF,
  0xFFFF, 0xFFFF, 0xFFFF, 0xFFFF, 0xFFFF, 0xFFFF, 0xFFFF, 0xFFFF, 0xFFFF, 0xFFFF, 0xFFFF, 0xFFFF,
  0xFFFF, 0xFFFF, 0xFFFF, 0xFFFF, 0xFFFF, 0xFFFF, 0xFFFF, 0xFFFF, 0xFFFF, 0xFFFF, 0xFFFF, 0xFFFF,
  0xFFFF, 0xFFFF, 0xFFFF, 0xFFFF, 0x212A, 0x212A, 0x212A, 0x212A, 0x212A, 0x6B75, 0x6B75, 0x6B75,
  0x6B75, 0x6B75, 0x6B75, 0x212A, 0x224A, 0x212A, 0x212A, 0x212A, 0x212A, 0x212A, 0x212A, 0x212A,
  0x212A, 0x212A, 0x212A, 0x212A, 0x212A, 0x212A, 0x212A, 0x212A, 0x212A, 0x212A, 0x212A, 0x212A,
  0x212A, 0x212A, 0x212A, 0x492A, 0x492A, 0x492A, 0x212A, 0x212A, 0x212A, 0x212A, 0x212A, 0x212A,
  0x212A, 0x212A, 0x212A, 0x212A, 0x212A, 0x212A, 0x212A, 0x212A, 0x212A, 0x212A, 0x212A, 0x212A,
  0x200A, 0xB5BF, 0xFFFF, 0xFFFF, 0x2000, 0x212A, 0x212A, 0x0120, 0xFFFF, 0xFFFF, 0xFFFF, 0xFFFF,
  0xFFFF, 0xFFFF, 0xFFFF, 0x212A, 0x212A, 0x212A, 0xFFFF, 0xFFFF, 0xFFFF, 0xFFFF, 0xFFFF, 0xFFFF,
  0xFFFF, 0xFFFF, 0xFFFF, 0xFFFF, 0xFFFF, 0xFFFF, 0x9495, 0x212A, 0x212A, 0x212A, 0x212A, 0x212A,
  0x212A, 0x212A, 0x212A, 0xDEDF, 0xDED5, 0xDED5, 0xDED5, 0xFEDF, 0xFEDF, 0xFEDF, 0xDED5, 0xDEDF,
  0x212A, 0x212A, 0x212A, 0xB5B5, 0xFFFF, 0xFFFF, 0xFFFF, 0xFFFF, 0xFFFF, 0xFFFF, 0xFFFF, 0xFFFF,
  0xFFFF, 0xFFFF, 0xFFFF, 0xFFFF, 0xFFFF, 0xFFFF, 0xFFFF, 0xFFFF, 0xFFFF, 0xFFFF, 0xFFFF, 0xFFFF,
  0xFFFF, 0xFFFF, 0xFFFF, 0xFFFF, 0xFFFF, 0xFFFF, 0xDEDF, 0x212A, 0x212A, 0x212A, 0x212A, 0x212A,
  0x6B75, 0x6B75, 0x6B75, 0x4A4A, 0x212A, 0x212A, 0x212A, 0x212A, 0x212A, 0x212A, 0x212A, 0x212A,
  0x4A4A, 0x6B75, 0x6B6A, 0x6B75, 0x6B75, 0x6B75, 0x6B75, 0x6B75, 0x6B75, 0x6B75, 0x6B75, 0x6B75,
  0x6B75, 0x6B75, 0x6B75, 0x6B75, 0x6B75, 0x6B75, 0x6B75, 0x6B75, 0x6B75, 0x212A, 0x212A, 0x212A,
  0x212A, 0x212A, 0x212A, 0x212A, 0x212A, 0x212A, 0x212A, 0x212A, 0x6B6A, 0x6B75, 0x6B75, 0x6B75,
  0x6B75, 0x6B75, 0x6B75, 0x6B75, 0x6B75, 0x6B75, 0x6B75, 0x6B75, 0x6B75, 0x6B75, 0x6B75, 0x6B75,
  0x200A, 0x212A, 0x212A, 0x212A, 0x212A, 0xDEDF, 0xFFFF, 0xFFFF, 0xFFFF, 0xFFFF, 0xFFFF, 0xFFFF,
  0xFFFF, 0xFFFF, 0xFFFF, 0xFFFF, 0xFFFF, 0xFFFF, 0xFFFF, 0xFFFF, 0xFFFF, 0xFFFF, 0xFFFF, 0xFFFF,
  0xFFFF, 0xFFFF, 0xFFFF, 0xFFFF, 0xFFFF, 0xFFFF, 0xFFFF, 0xFFFF, 0xFFFF, 0xFFFF, 0xFFFF, 0xFFFF,
  0xFFFF, 0xFFFF, 0xFFFF, 0xFFFF, 0x212A, 0x212A, 0x212A, 0x200A, 0x6B75, 0x6B75, 0x6B75, 0x6B75,
  0x6B75, 0x6B75, 0x6B6A, 0x212A, 0x212A, 0x212A, 0x212A, 0x212A, 0x212A, 0x212A, 0x212A, 0x212A,
  0x212A, 0x212A, 0x212A, 0x212A, 0x212A, 0x212A, 0x212A, 0x212A, 0x212A, 0x212A, 0x212A, 0x212A,
  0x212A, 0x212A, 0x212A, 0x212A, 0x212A, 0x212A, 0x212A, 0x212A, 0x212A, 0x212A, 0x212A, 0x212A,
  0x212A, 0x212A, 0x212A, 0x212A, 0x212A, 0x212A, 0x212A, 0x212A, 0x212A, 0x212A, 0x212A, 0x212A,
  0x9495, 0xFFFF, 0xFFFF, 0xFFFF, 0xDEDF, 0x212A, 0x212A, 0x212A, 0xFFFF, 0xFFFF, 0xFFFF, 0xFFFF,
  0xFFFF, 0xFFFF, 0xFFFF, 0x0000, 0x212A, 0x200A, 0xFFFF, 0xFFFF, 0xFFFF, 0xFFFF, 0xFFFF, 0xFFFF,
  0xFFFF, 0xFFFF, 0xFFFF, 0xFFFF, 0xFFFF, 0xFFFF, 0xDEDF, 0x212A, 0x212A, 0x212A, 0x212A, 0x212A,
  0x212A, 0x212A, 0x212A, 0x212A, 0xDED5, 0xDED5, 0xDED5, 0xDED5, 0xDED5, 0xDED5, 0xDEDF, 0xB5B5,
  0x212A, 0x212A, 0x212A, 0xFFFF, 0xFFFF, 0xFFFF, 0xFFFF, 0xFFFF, 0xFFFF, 0xFFFF, 0xFFFF, 0xFFFF,
  0xFFFF, 0xFFFF, 0xFFFF, 0xFFFF, 0xFFFF, 0xFFFF, 0xFFFF, 0xFFFF, 0xFFFF, 0xFFFF, 0xFFFF, 0xFFFF,
  0xFFFF, 0xFFFF, 0xFFFF, 0xFFFF, 0xFFFF, 0xFFFF, 0x6B6A, 0x212A, 0x212A, 0x212A, 0x212A, 0x212A,
  0x4A4A, 0x6B75, 0x6B75, 0x6B6A, 0x212A, 0x212A, 0x212A, 0x212A, 0x212A, 0x212A, 0x212A, 0x212A,
  0x212A, 0x6B6A, 0x6B75, 0x6B75, 0x6B75, 0x6B75, 0x6B75, 0x6B75, 0x6B75, 0x6B75, 0x6B75, 0x6B75,
  0x6B75, 0x6B75, 0x6B75, 0x6B75, 0x6B75, 0x6B75, 0x6B75, 0x6B75, 0x6B75, 0x212A, 0x212A, 0x212A,
  0x212A, 0x212A, 0x212A, 0x212A, 0x212A, 0x212A, 0x212A, 0x212A, 0x4A4A, 0x6B75, 0x6B75, 0x6B75,
  0x6B75, 0x6B75, 0x6B75, 0x6B75, 0x6B75, 0x6B75, 0x6B75, 0x6B75, 0x6B75, 0x6B75, 0x6B75, 0x6B75,
  0x212A, 0x212A, 0x212A, 0x212A, 0x212A, 0x212A, 0xFFFF, 0xFFFF, 0xFFFF, 0xFFFF, 0xFFFF, 0xFFFF,
  0xFFFF, 0xFFFF, 0xFFFF, 0xFFFF, 0xFFFF, 0xFFFF, 0xFFFF, 0xFFFF, 0xFFFF, 0xFFFF, 0xFFFF, 0xFFFF,
  0xFFFF, 0xFFFF, 0xFFFF, 0xFFFF, 0xFFFF, 0xFFFF, 0xFFFF, 0xFFFF, 0xFFFF, 0xFFFF, 0xFFFF, 0xFFFF,
  0xFFFF, 0xFFFF, 0xFFFF, 0x6B75, 0x212A, 0x212A, 0x212A, 0x212A, 0x6B75, 0x6B75, 0x6B75, 0x6B75,
  0x6B75, 0x6A4A, 0x212A, 0x212A, 0x212A, 0x212A, 0x212A, 0x212A, 0x212A, 0x212A, 0x212A, 0x212A,
  0x212A, 0x212A, 0x212A, 0x212A, 0x212A, 0x212A, 0x212A, 0x212A, 0x212A, 0x212A, 0x212A, 0x212A,
  0x212A, 0x212A, 0x212A, 0x212A, 0x212A, 0x212A, 0x212A, 0x212A, 0x212A, 0x212A, 0x212A, 0x212A,
  0x212A, 0x212A, 0x212A, 0x212A, 0x212A, 0x212A, 0x212A, 0x212A, 0x212A, 0x212A, 0x212A, 0x4A4A,
  0xFFFF, 0xFFFF, 0xFFFF, 0xFFFF, 0xFFFF, 0xFFFF, 0xFFFF, 0xFFFF, 0xFFFF, 0xFFFF, 0xFFFF, 0xFFFF,
  0xFFFF, 0xFFFF, 0xFFFF, 0xB5BF, 0x212A, 0x212A, 0x9495, 0xFFFF, 0xFFFF, 0xFFFF, 0xFFFF, 0xFFFF,
  0xFFFF, 0xFFFF, 0xFFFF, 0xFFFF, 0xFFFF, 0xFFFF, 0xFFFF, 0x2120, 0x212A, 0x212A, 0x212A, 0x212A,
  0x212A, 0x212A, 0x212A, 0x200A, 0x0000, 0xB5B5, 0xDEDF, 0xDED5, 0xDEDF, 0xDEDF, 0x2120, 0x212A,
  0x212A, 0x212A, 0x200A, 0xFFFF, 0xFFFF, 0xFFFF, 0xFFFF, 0xFFFF, 0xFFFF, 0xFFFF, 0xFFFF, 0xFFFF,
  0xFFFF, 0xFFFF, 0xFFFF, 0xFFFF, 0xFFFF, 0xFFFF, 0xFFFF, 0xFFFF, 0xFFFF, 0xFFFF, 0xFFFF, 0xFFFF,
  0xFFFF, 0xFFFF, 0xFFFF, 0xFFFF, 0xFFFF, 0xFFFF, 0x0000, 0x212A, 0x212A, 0x212A, 0x212A, 0x212A,
  0x212A, 0x4A4A, 0x6B75, 0x6B75, 0x4A4A, 0x492A, 0x212A, 0x212A, 0x212A, 0x212A, 0x212A, 0x212A,
  0x212A, 0x4A4A, 0x6B75, 0x6B75, 0x6B75, 0x6B75, 0x6B75, 0x6B75, 0x6B75, 0x6B75, 0x6B75, 0x6B75,
  0x6B75, 0x6B75, 0x6B75, 0x6B6A, 0x6B75, 0x6B75, 0x6B75, 0x6B75, 0x6B75, 0x212A, 0x212A, 0x212A,
  0x212A, 0x212A, 0x212A, 0x212A, 0x212A, 0x212A, 0x212A, 0x212A, 0x4A4A, 0x6B75, 0x6B75, 0x6B75,
  0x6B75, 0x6B75, 0x6B75, 0x6B75, 0x6B75, 0x6B75, 0x6B75, 0x6B75, 0x6B75, 0x6B75, 0x6B75, 0x6B75,
  0x4A4A, 0x212A, 0x212A, 0x212A, 0x212A, 0x200A, 0xFFFF, 0xFFFF, 0xFFFF, 0xFFFF, 0xFFFF, 0xFFFF,
  0xFFFF, 0xFFFF, 0xFFFF, 0xFFFF, 0xFFFF, 0xFFFF, 0xFFFF, 0xFFFF, 0xFFFF, 0xFFFF, 0xFFFF, 0xFFFF,
  0xFFFF, 0xFFFF, 0xFFFF, 0xFFFF, 0xFFFF, 0xFFFF, 0xFFFF, 0xFFFF, 0xFFFF, 0xFFFF, 0xFFFF, 0xFFFF,
  0xFFFF, 0xFFFF, 0xFFFF, 0x200A, 0x212A, 0x212A, 0x212A, 0x212A, 0x6B75, 0x6B75, 0x6B75, 0x6B75,
  0x6B75, 0x212A, 0x212A, 0x212A, 0x212A, 0x212A, 0x212A, 0x212A, 0x212A, 0x212A, 0x212A, 0x212A,
  0x212A, 0x212A, 0x212A, 0x212A, 0x212A, 0x212A, 0x212A, 0x212A, 0x212A, 0x212A, 0x212A, 0x212A,
  0x212A, 0x212A, 0x212A, 0x212A, 0x492A, 0x212A, 0x212A, 0x212A, 0x212A, 0x212A, 0x212A, 0x212A,
  0x212A, 0x212A, 0x212A, 0x212A, 0x212A, 0x492A, 0x212A, 0x212A, 0x212A, 0x212A, 0x212A, 0x6B6A,
  0xFFFF, 0xFFFF, 0xFFFF, 0xFFFF, 0xFFFF, 0xFFFF, 0xFFFF, 0xFFFF, 0xFFFF, 0xFFFF, 0xFFFF, 0xFFFF,
  0xFFFF, 0xFFFF, 0xFFFF, 0xFFFF, 0x0000, 0x212A, 0x212A, 0xFFFF, 0xFFFF, 0xFFFF, 0xFFFF, 0xFFFF,
  0xFFFF, 0xFFFF, 0xFFFF, 0xFFFF, 0xFFFF, 0xFFFF, 0xFFFF, 0x212A, 0x212A, 0x212A, 0x212A, 0x212A,
  0x212A, 0x212A, 0x212A, 0x212A, 0x212A, 0x212A, 0x2000, 0x6B6A, 0x212A, 0x2000, 0x212A, 0x212A,
  0x212A, 0x212A, 0x212A, 0xFFFF, 0xFFFF, 0xFFFF, 0xFFFF, 0xFFFF, 0xFFFF, 0xFFFF, 0xFFFF, 0xFFFF,
  0xFFFF, 0xFFFF, 0xFFFF, 0xFFFF, 0xFFFF, 0xFFFF, 0xFFFF, 0xFFFF, 0xFFFF, 0xFFFF, 0xFFFF, 0xFFFF,
  0xFFFF, 0xFFFF, 0xFFFF, 0xFFFF, 0xFFFF, 0x9375, 0x2000, 0x200A, 0x212A, 0x212A, 0x212A, 0x212A,
  0x212A, 0x200A, 0x4A4A, 0x6B75, 0x6B75, 0x4A4A, 0x212A, 0x212A, 0x212A, 0x212A, 0x212A, 0x212A,
  0x212A, 0x212A, 0x6B75, 0x6B75, 0x6B75, 0x6B75, 0x6B75, 0x6B75, 0x6B6A, 0x6B75, 0x6B75, 0x6B75,
  0x6B75, 0x6B75, 0x6B75, 0x6B75, 0x6B75, 0x6B75, 0x6B75, 0x6B75, 0x6B75, 0x212A, 0x212A, 0x212A,
  0x212A, 0x212A, 0x212A, 0x212A, 0x212A, 0x212A, 0x212A, 0x212A, 0x212A, 0x6B75, 0x6B75, 0x6B75,
  0x6B75, 0x6B75, 0x6B75, 0x6B75, 0x6B75, 0x6B75, 0x6B75, 0x6B75, 0x6B75, 0x6B75, 0x6B75, 0x6B75,
  0x4A55, 0x212A, 0x212A, 0x212A, 0x212A, 0x212A, 0xFFFF, 0xFFFF, 0xFFFF, 0xFFFF, 0xFFFF, 0xFFFF,
  0xFFFF, 0xFFFF, 0xFFFF, 0xFFFF, 0xFFFF, 0xFFFF, 0xFFFF, 0xFFFF, 0xFFFF, 0xFFFF, 0xFFFF, 0xFFFF,
  0xFFFF, 0xFFFF, 0xFFFF, 0xFFFF, 0xFFFF, 0xFFFF, 0xFFFF, 0xFFFF, 0xFFFF, 0xFFFF, 0xFFFF, 0xFFFF,
  0xFFFF, 0xFFFF, 0x4A4A, 0x212A, 0x212A, 0x212A, 0x212A, 0x6B75, 0x6B75, 0x6B75, 0x6B75, 0x6B75,
  0x212A, 0x212A, 0x212A, 0x212A, 0x212A, 0x212A, 0x212A, 0x212A, 0x212A, 0x212A, 0x212A, 0x212A,
  0x212A, 0x212A, 0x212A, 0x212A, 0x212A, 0x212A, 0x212A, 0x212A, 0x212A, 0x212A, 0x212A, 0x212A,
  0x212A, 0x212A, 0x212A, 0x212A, 0x212A, 0x212A, 0x212A, 0x212A, 0x212A, 0x212A, 0x212A, 0x212A,
  0x212A, 0x212A, 0x212A, 0x212A, 0x212A, 0x212A, 0x212A, 0x212A, 0x212A, 0x212A, 0x212A, 0x6B75,
  0xFFFF, 0xFFFF, 0xFFFF, 0xFFFF, 0xFFFF, 0xFFFF, 0xFFFF, 0xFFFF, 0xFFFF, 0xFFFF, 0xFFFF, 0xFFFF,
  0xFFFF, 0xFFFF, 0xFFFF, 0xFFFF, 0xFFFF, 0x212A, 0x212A, 0x212A, 0x4A4A, 0xFFFF, 0xFFFF, 0xFFFF,
  0xFFFF, 0xFFFF, 0xFFFF, 0xFFFF, 0xFFFF, 0xFFFF, 0xFFFF, 0xB5B5, 0x212A, 0x212A, 0x212A, 0x212A,
  0x212A, 0x212A, 0x212A, 0x212A, 0x212A, 0x212A, 0x212A, 0x212A, 0x212A, 0x212A, 0x212A, 0x212A,
  0x212A, 0x212A, 0x2000, 0xFFFF, 0xFFFF, 0xFFFF, 0xFFFF, 0xFFFF, 0xFFFF, 0xFFFF, 0xFFFF, 0xFFFF,
  0xFFFF, 0xFFFF, 0xFFFF, 0xFFFF, 0xFFFF, 0xFFFF, 0xFFFF, 0xFFFF, 0xFFFF, 0xFFFF, 0xFFFF, 0xFFFF,
  0xFFFF, 0xFFFF, 0xFFFF, 0xFEDF, 0xFEDF, 0xFEDF, 0xFEDF, 0xFEDF, 0xFEDF, 0xFEDF, 0xB495, 0x6A4A,
  0x212A, 0x000A, 0x200A, 0x6B75, 0x6B6A, 0x6B6A, 0x212A, 0x212A, 0x212A, 0x212A, 0x212A, 0x212A,
  0x212A, 0x212A, 0x6B75, 0x6B6A, 0x6B6A, 0x6B75, 0x6B75, 0x6B75, 0x6B75, 0x6B75, 0x6B75, 0x6B75,
  0x6B75, 0x6B75, 0x6B75, 0x6B75, 0x6B75, 0x6B75, 0x6B75, 0x6B75, 0x6B75, 0x212A, 0x212A, 0x212A,
  0x212A, 0x212A, 0x212A, 0x212A, 0x212A, 0x212A, 0x212A, 0x212A, 0x212A, 0x4A4A, 0x6B75, 0x6B75,
  0x6B75, 0x6B75, 0x6B75, 0x6B75, 0x6B75, 0x6B75, 0x6B75, 0x6B75, 0x6B75, 0x6B75, 0x6B75, 0x6B75,
  0x6B75, 0x212A, 0x212A, 0x212A, 0x212A, 0x212A, 0xFFFF, 0xFFFF, 0xFFFF, 0xFFFF, 0xFFFF, 0xFFFF,
  0xFFFF, 0xFFFF, 0xFFFF, 0xFFFF, 0xFFFF, 0xFFFF, 0xFFFF, 0xFFFF, 0xFFFF, 0xFFFF, 0xFFFF, 0xFFFF,
  0xFFFF, 0xFFFF, 0xFFFF, 0xFFFF, 0xFFFF, 0xFFFF, 0xFFFF, 0xFFFF, 0xFFFF, 0xFFFF, 0xFFFF, 0xFFFF,
  0xFFFF, 0xFFFF, 0x0000, 0x212A, 0x212A, 0x212A, 0x212A, 0x6B75, 0x6B75, 0x6B75, 0x6B75, 0x212A,
  0x212A, 0x212A, 0x212A, 0x212A, 0x212A, 0x212A, 0x212A, 0x212A, 0x212A, 0x212A, 0x212A, 0x212A,
  0x212A, 0x212A, 0x212A, 0x212A, 0x212A, 0x212A, 0x212A, 0x212A, 0x212A, 0x212A, 0x212A, 0x212A,
  0x212A, 0x212A, 0x212A, 0x492A, 0x212A, 0x212A, 0x212A, 0x212A, 0x212A, 0x212A, 0x212A, 0x212A,
  0x212A, 0x212A, 0x212A, 0x212A, 0x212A, 0x212A, 0x212A, 0x212A, 0x212A, 0x212A, 0x212A, 0x4A4A,
  0xFFFF, 0xFFFF, 0xFFFF, 0xFFFF, 0xFFFF, 0xFFFF, 0xFFFF, 0xFFFF, 0xFFFF, 0xFFFF, 0xFFFF, 0xFFFF,
  0xFFFF, 0xFFFF, 0xFFFF, 0xFFFF, 0xFFFF, 0x200A, 0x212A, 0x200A, 0x212A, 0xB6DF, 0xFFFF, 0xFFFF,
  0xFFFF, 0xFFFF, 0xFFFF, 0xFFFF, 0xFFFF, 0xFFFF, 0xFFFF, 0xDEDF, 0x212A, 0x212A, 0x212A, 0x212A,
  0x212A, 0x212A, 0x212A, 0x212A, 0x212A, 0x212A, 0x212A, 0x212A, 0x212A, 0x212A, 0x212A, 0x212A,
  0x212A, 0x212A, 0x2000, 0xFFFF, 0xFFFF, 0xFFFF, 0xFFFF, 0xFFFF, 0xFFFF, 0xFFFF, 0xFFFF, 0xFFFF,
  0xFFFF, 0xFFFF, 0xFFFF, 0xFFFF, 0xFFFF, 0xFFFF, 0xFFFF, 0xFFFF, 0xFFFF, 0xFFFF, 0xFFFF, 0xFFFF,
  0xFFFF, 0xFFFF, 0xFFFF, 0xFFFF, 0xFEDF, 0xFEDF, 0xFEDF, 0xFEDF, 0xFEDF, 0xFEDF, 0xFEDF, 0xFEDF,
  0xFEDF, 0xFEDF, 0xFEDF, 0x492A, 0x6B75, 0x6B6A, 0x4A4A, 0x212A, 0x212A, 0x212A, 0x212A, 0x212A,
  0x212A, 0x212A, 0x4A4A, 0x6B75, 0x6B75, 0x6B6A, 0x6B75, 0x6B75, 0x6B75, 0x6B75, 0x6B75, 0x6B75,
  0x6B75, 0x6B75, 0x6B75, 0x6B75, 0x6B75, 0x6B75, 0x6B75, 0x6B75, 0x6B75, 0x212A, 0x212A, 0x212A,
  0x212A, 0x212A, 0x212A, 0x212A, 0x212A, 0x212A, 0x212A, 0x212A, 0x212A, 0x4A4A, 0x6B6A, 0x6B75,
  0x6B75, 0x6B75, 0x6B6A, 0x6B75, 0x6B6A, 0x6B75, 0x6B75, 0x6B6A, 0x6B75, 0x6B75, 0x6B75, 0x6B75,
  0x6B75, 0x212A, 0x212A, 0x212A, 0x212A, 0x212A, 0x6B75, 0xFFFF, 0xFFFF, 0xFFFF, 0xFFFF, 0xFFFF,
  0xFFFF, 0xFFFF, 0xFFFF, 0xFFFF, 0xFFFF, 0xFFFF, 0xFFFF, 0xFFFF, 0xFFFF, 0xFFFF, 0xFFFF, 0xFFFF,
  0xFFFF, 0xFFFF, 0xFFFF, 0xFFFF, 0xFFFF, 0xFFFF, 0xFFFF, 0xFFFF, 0xFFFF, 0xFFFF, 0xFFFF, 0xFFFF,
  0xFFFF, 0x2120, 0x212A, 0x212A, 0x212A, 0x212A, 0x6B75, 0x6B75, 0x6B75, 0x6B6A, 0x212A, 0x212A,
  0x212A, 0x212A, 0x212A, 0x212A, 0x212A, 0x212A, 0x212A, 0x212A, 0x212A, 0x212A, 0x212A, 0x212A,
  0x212A, 0x212A, 0x212A, 0x212A, 0x212A, 0x212A, 0x212A, 0x212A, 0x212A, 0x212A, 0x212A, 0x212A,
  0x212A, 0x212A, 0x212A, 0x6B75, 0x212A, 0x212A, 0x212A, 0x212A, 0x212A, 0x212A, 0x212A, 0x212A,
  0x212A, 0x212A, 0x212A, 0x212A, 0x212A, 0x212A, 0xDDBF, 0xFFFF, 0x6B75, 0x212A, 0x212A, 0x2120,
  0xFFFF, 0xFFFF, 0xFFFF, 0xFFFF, 0xFFFF, 0xFFFF, 0xFFFF, 0xFFFF, 0xFFFF, 0xFFFF, 0xFFFF, 0xFFFF,
  0xFFFF, 0xFFFF, 0xFFFF, 0xFFFF, 0xFFFF, 0x6B75, 0x212A, 0x212A, 0x212A, 0x212A, 0xB6DF, 0xFFFF,
  0xFFFF, 0xFFFF, 0xFFFF, 0xFFFF, 0xFFFF, 0xFFFF, 0xFFFF, 0xFFFF, 0x212A, 0x212A, 0x212A, 0x212A,
  0x212A, 0x212A, 0x212A, 0x212A, 0x212A, 0x212A, 0x212A, 0x212A, 0x212A, 0x212A, 0x212A, 0x212A,
  0x212A, 0x212A, 0x2120, 0xFFFF, 0xFFFF, 0xFFFF, 0xFFFF, 0xFFFF, 0xFFFF, 0xFFFF, 0xFFFF, 0xFFFF,
  0xFFFF, 0xFFFF, 0xFFFF, 0xFFFF, 0xFFFF, 0xFFFF, 0xFFFF, 0xFFFF, 0xFFFF, 0xFFFF, 0xFFFF, 0xFFFF,
  0xFFFF, 0xFFFF, 0xFFFF, 0xFFFF, 0xFFFF, 0xFFFF, 0xFFFF, 0xFEDF, 0xFEDF, 0xFEDF, 0xFEDF, 0xFEDF,
  0xFEDF, 0xFEDF, 0xFEDF, 0xFEDF, 0xFEDF, 0xDDBF, 0x9375, 0x492A, 0x212A, 0x212A, 0x212A, 0x212A,
  0x212A, 0x212A, 0x4A4A, 0x6B75, 0x6B75, 0x6B75, 0x6B75, 0x6B6A, 0x6B75, 0x6B75, 0x6B75, 0x6B75,
  0x6B75, 0x6B75, 0x6B75, 0x6B75, 0x6B6A, 0x6B6A, 0x6B75, 0x6B75, 0x6B75, 0x212A, 0x212A, 0x212A,
  0x212A, 0x212A, 0x212A, 0x212A, 0x212A, 0x212A, 0x212A, 0x212A, 0x212A, 0x212A, 0x6B6A, 0x6B75,
  0x6B75, 0x6B75, 0x6B6A, 0x6B75, 0x6B75, 0x6B75, 0x6B75, 0x6B75, 0x6B75, 0x6B75, 0x6B75, 0x6B75,
  0x6B75, 0x212A, 0x212A, 0x212A, 0x212A, 0x212A, 0x212A, 0xFFFF, 0xFFFF, 0xFFFF, 0xFFFF, 0xFFFF,
  0xFFFF, 0xFFFF, 0xFFFF, 0xFFFF, 0xFFFF, 0xFFFF, 0xFFFF, 0xFFFF, 0xFFFF, 0xFFFF, 0xFFFF, 0xFFFF,
  0xFFFF, 0xFFFF, 0xFFFF, 0xFFFF, 0xFFFF, 0xFFFF, 0xFFFF, 0xFFFF, 0xFFFF, 0xFFFF, 0xFFFF, 0xFFFF,
  0xDEDF, 0x212A, 0x212A, 0x212A, 0x212A, 0x212A, 0x6B75, 0x6B75, 0x4A4A, 0x212A, 0x212A, 0x212A,
  0x212A, 0x212A, 0x212A, 0x212A, 0x212A, 0x212A, 0x212A, 0x212A, 0x212A, 0x212A, 0x212A, 0x212A,
  0x212A, 0x212A, 0x212A, 0x212A, 0x212A, 0x212A, 0x212A, 0x212A, 0x212A, 0x212A, 0x212A, 0x212A,
  0x212A, 0x4A4A, 0x6B75, 0x212A, 0x212A, 0x212A, 0x212A, 0x212A, 0x212A, 0x212A, 0x212A, 0x212A,
  0x212A, 0x212A, 0x212A, 0x212A, 0x212A, 0xFFFF, 0xFFFF, 0xFFFF, 0xFFFF, 0xDEDF, 0x212A, 0x6A4A,
  0xFFFF, 0xFFFF, 0xFFFF, 0xFFFF, 0xFFFF, 0xFFFF, 0xFFFF, 0xFFFF, 0xFFFF, 0xFFFF, 0xFFFF, 0xFFFF,
  0xFFFF, 0xFFFF, 0xFFFF, 0xFFFF, 0xFFFF, 0xFFFF, 0x212A, 0x212A, 0x212A, 0x212A, 0x212A, 0x212A,
  0xFFFF, 0xFFFF, 0xFFFF, 0xFFFF, 0xFFFF, 0xFFFF, 0xFFFF, 0xFFFF, 0x0000, 0x212A, 0x212A, 0x212A,
  0x212A, 0x212A, 0x212A, 0x212A, 0x212A, 0x212A, 0x212A, 0x212A, 0x212A, 0x212A, 0x212A, 0x212A,
  0x212A, 0x212A, 0x2000, 0xFFFF, 0xFFFF, 0xFFFF, 0xFFFF, 0xFFFF, 0xFFFF, 0xFFFF, 0xFFFF, 0xFFFF,
  0xFFFF, 0xFFFF, 0xFFFF, 0xFFFF, 0xFFFF, 0xFFFF, 0xFFFF, 0xFFFF, 0xFFFF, 0xFFFF, 0xFFFF, 0xFFFF,
  0xFFFF, 0xFFFF, 0xFFFF, 0xFFFF, 0xFFFF, 0xFFFF, 0xFFFF, 0xFFFF, 0xFFFF, 0xFFFF, 0x212A, 0x2000,
  0x6A4A, 0xDDBF, 0xFEDF, 0xFEDF, 0xFEDF, 0xFEDF, 0xFEDF, 0xFEDF, 0xDDBF, 0x492A, 0x212A, 0x212A,
  0x212A, 0x212A, 0x212A, 0x4A4A, 0x6B6A, 0x6B75, 0x6B75, 0x6B75, 0x6B75, 0x6B75, 0x6B75, 0x6B75,
  0x6B75, 0x6B75, 0x6B75, 0x6B75, 0x6B75, 0x6B75, 0x6B75, 0x6B75, 0x6B75, 0x212A, 0x212A, 0x212A,
  0x212A, 0x212A, 0x212A, 0x212A, 0x212A, 0x212A, 0x212A, 0x212A, 0x212A, 0x212A, 0x6B6A, 0x6B75,
  0x6B75, 0x6B75, 0x6B75, 0x6B75, 0x6B75, 0x6B75, 0x6B75, 0x6B75, 0x6B75, 0x6B75, 0x6B75, 0x6B75,
  0x6B75, 0x212A, 0x212A, 0x212A, 0x212A, 0x212A, 0x2000, 0xFFFF, 0xFFFF, 0xFFFF, 0xFFFF, 0xFFFF,
  0xFFFF, 0xFFFF, 0xFFFF, 0xFFFF, 0xFFFF, 0xFFFF, 0xFFFF, 0xFFFF, 0xFFFF, 0xFFFF, 0xFFFF, 0xFFFF,
  0xFFFF, 0xFFFF, 0xFFFF, 0xFFFF, 0xFFFF, 0xFFFF, 0xFFFF, 0xFFFF, 0xFFFF, 0xFFFF, 0xFFFF, 0xFFFF,
  0x212A, 0x212A, 0x212A, 0x212A, 0x212A, 0x4A55, 0x6B75, 0x4A4A, 0x212A, 0x212A, 0x212A, 0x212A,
  0x212A, 0x212A, 0x212A, 0x212A, 0x212A, 0x212A, 0x212A, 0x212A, 0x212A, 0x212A, 0x212A, 0x212A,
  0x212A, 0x212A, 0x212A, 0x212A, 0x212A, 0x212A, 0x212A, 0x212A, 0x212A, 0x212A, 0x212A, 0x492A,
  0x212A, 0x6B75, 0x6B75, 0x212A, 0x212A, 0x212A, 0x212A, 0x212A, 0x212A, 0x212A, 0x212A, 0x212A,
  0x212A, 0x212A, 0x212A, 0x212A, 0x212A, 0xFFFF, 0xFFFF, 0xFFFF, 0xFFFF, 0xFFFF, 0xFFFF, 0xFFFF,
  0xFFFF, 0xFFFF, 0xFFFF, 0xFFFF, 0xFFFF, 0xFFFF, 0xFFFF, 0xFFFF, 0xFFFF, 0xFFFF, 0xFFFF, 0xFFFF,
  0xFFFF, 0xFFFF, 0xFFFF, 0xFFFF, 0xFFFF, 0xFFFF, 0x212A, 0x212A, 0x212A, 0x212A, 0x212A, 0x212A,
  0x9495, 0xFFFF, 0xFFFF, 0xFFFF, 0xFFFF, 0xFFFF, 0xFFFF, 0xFFFF, 0x4A4A, 0x212A, 0x212A, 0x212A,
  0x212A, 0x212A, 0x212A, 0x212A, 0x212A, 0x212A, 0x212A, 0x212A, 0x212A, 0x212A, 0x212A, 0x212A,
  0x212A, 0x212A, 0x212A, 0xFFFF, 0xFFFF, 0xFFFF, 0xFFFF, 0xFFFF, 0xFFFF, 0xFFFF, 0xFFFF, 0xFFFF,
  0xFFFF, 0xFFFF, 0xFFFF, 0xFFFF, 0xFFFF, 0xFFFF, 0xFFFF, 0xFFFF, 0xFFFF, 0xFFFF, 0xFFFF, 0xFFFF,
  0xFFFF, 0xFFFF, 0xFFFF, 0xFFFF, 0xFFFF, 0xFFFF, 0xFFFF, 0xFFFF, 0xFFFF, 0xFFFF, 0x212A, 0x212A,
  0x212A, 0x212A, 0x200A, 0x492A, 0x4A4A, 0xB5B5, 0xFEDF, 0xFEDF, 0xFEDF, 0x4A4A, 0x212A, 0x212A,
  0x212A, 0x212A, 0x212A, 0x212A, 0x6B75, 0x6B75, 0x6B75, 0x6B75, 0x6B75, 0x6B75, 0x6B75, 0x6B75,
  0x6B6A, 0x6B75, 0x6B75, 0x6B75, 0x6B75, 0x6B75, 0x6B75, 0x6B75, 0x6B75, 0x212A, 0x212A, 0x212A,
  0x212A, 0x212A, 0x212A, 0x212A, 0x212A, 0x212A, 0x212A, 0x212A, 0x212A, 0x212A, 0x4A4A, 0x6B75,
  0x6B75, 0x6B75, 0x6B75, 0x6B75, 0x6B75, 0x6B6A, 0x6B75, 0x6B75, 0x6B75, 0x6B75, 0x6B75, 0x6B75,
  0x6B75, 0x4A4A, 0x212A, 0x212A, 0x212A, 0x212A, 0x212A, 0xB5B5, 0xFFFF, 0xFFFF, 0xFFFF, 0xFFFF,
  0xFFFF, 0xFFFF, 0xFFFF, 0xFFFF, 0xFFFF, 0xFFFF, 0xFFFF, 0xFFFF, 0xFFFF, 0xFFFF, 0xFFFF, 0xFFFF,
  0xFFFF, 0xFFFF, 0xFFFF, 0xFFFF, 0xFFFF, 0xFFFF, 0xFFFF, 0xFFFF, 0xFFFF, 0xFFFF, 0xFFFF, 0x212A,
  0x212A, 0x212A, 0x212A, 0x212A, 0x212A, 0x6B75, 0x224A, 0x212A, 0x212A, 0x212A, 0x212A, 0x212A,
  0x212A, 0x212A, 0x212A, 0x212A, 0x212A, 0x212A, 0x212A, 0x212A, 0x212A, 0x212A, 0x212A, 0x212A,
  0x212A, 0x212A, 0x212A, 0x212A, 0x212A, 0x212A, 0x212A, 0x212A, 0x212A, 0x212A, 0x212A, 0x4A4A,
  0x6B6A, 0x6B6A, 0x6B75, 0x212A, 0x212A, 0x212A, 0x212A, 0x212A, 0x212A, 0x212A, 0x212A, 0x212A,
  0x212A, 0x212A, 0x212A, 0x212A, 0x6B75, 0xFFFF, 0xFFFF, 0xFFFF, 0xFFFF, 0xFFFF, 0xFFFF, 0xFFFF,
  0xFFFF, 0xFFFF, 0xFFFF, 0xFFFF, 0xFFFF, 0xFFFF, 0xFFFF, 0x492A, 0x212A, 0xFFFF, 0xFFFF, 0xFFFF,
  0xFFFF, 0xFFFF, 0xFFFF, 0xFFFF, 0xFFFF, 0xFFFF, 0x212A, 0x212A, 0x212A, 0x212A, 0x212A, 0x212A,
  0x212A, 0x0000, 0xFFFF, 0xFFFF, 0xFFFF, 0xFFFF, 0xFFFF, 0xFFFF, 0xDEDF, 0x212A, 0x212A, 0x212A,
  0x212A, 0x212A, 0x212A, 0x212A, 0x212A, 0x212A, 0x212A, 0x212A, 0x212A, 0x212A, 0x0000, 0x9495,
  0x212A, 0x212A, 0x0000, 0xFFFF, 0xFFFF, 0xFFFF, 0xFFFF, 0xFFFF, 0xFFFF, 0xFFFF, 0xFFFF, 0xFFFF,
  0xFFFF, 0xFFFF, 0xFFFF, 0xFFFF, 0xFFFF, 0xFFFF, 0xFFFF, 0xFFFF, 0xFFFF, 0xFFFF, 0xFFFF, 0xFFFF,
  0xFFFF, 0xFFFF, 0xFFFF, 0xFFFF, 0xFFFF, 0xFFFF, 0xFFFF, 0xFFFF, 0xFFFF, 0xFFFF, 0xFFFF, 0x212A,
  0x212A, 0x212A, 0x212A, 0x212A, 0x212A, 0x6A4A, 0x6B6A, 0x9375, 0xB495, 0x4A4A, 0x212A, 0x212A,
  0x212A, 0x212A, 0x212A, 0x212A, 0x212A, 0x6B75, 0x6B75, 0x6B75, 0x6B75, 0x6B75, 0x6B75, 0x6B75,
  0x6B75, 0x6B75, 0x6B75, 0x6B75, 0x6B75, 0x6B75, 0x6B75, 0x6B75, 0x6B75, 0x212A, 0x212A, 0x212A,
  0x212A, 0x212A, 0x212A, 0x212A, 0x212A, 0x212A, 0x212A, 0x212A, 0x212A, 0x212A, 0x212A, 0x6B75,
  0x6B6A, 0x6B75, 0x6B75, 0x6B75, 0x6B75, 0x6B75, 0x6B75, 0x6B75, 0x6B75, 0x6B75, 0x6B75, 0x6B75,
  0x6B75, 0x6B75, 0x212A, 0x212A, 0x212A, 0x212A, 0x212A, 0x4A4A, 0xFFFF, 0xFFFF, 0xFFFF, 0xFFFF,
  0xFFFF, 0xFFFF, 0xFFFF, 0xFFFF, 0xFFFF, 0xFFFF, 0xFFFF, 0xFFFF, 0xFFFF, 0xFFFF, 0xFFFF, 0xFFFF,
  0xFFFF, 0xFFFF, 0xFFFF, 0xFFFF, 0xFFFF, 0xFFFF, 0xFFFF, 0xFFFF, 0xFFFF, 0xFFFF, 0x212A, 0x212A,
  0x212A, 0x212A, 0x212A, 0x212A, 0x6B75, 0x6B75, 0x4A4A, 0x224A, 0x212A, 0x212A, 0x212A, 0x212A,
  0x212A, 0x212A, 0x212A, 0x212A, 0x212A, 0x212A, 0x212A, 0x212A, 0x212A, 0x212A, 0x212A, 0x212A,
  0x212A, 0x212A, 0x212A, 0x212A, 0x212A, 0x212A, 0x212A, 0x212A, 0x212A, 0x4A4A, 0x6B6A, 0x6B6A,
  0x6B75, 0x6B75, 0x4A4A, 0x212A, 0x212A, 0x212A, 0x212A, 0x212A, 0x212A, 0x212A, 0x212A, 0x212A,
  0x212A, 0x212A, 0x212A, 0x212A, 0x212A, 0xFFFF, 0xFFFF, 0xFFFF, 0xFFFF, 0xFFFF, 0xFFFF, 0xFFFF,
  0xFFFF, 0xFFFF, 0xFFFF, 0xFFFF, 0xFFFF, 0xFFFF, 0xFFFF, 0x212A, 0x2000, 0xFFFF, 0xFFFF, 0xFFFF,
  0xFFFF, 0xFFFF, 0xFFFF, 0xFFFF, 0xFFFF, 0xFFFF, 0x0000, 0x6B75, 0x012A, 0x212A, 0x212A, 0x212A,
  0x212A, 0x212A, 0x212A, 0xDEDF, 0xFFFF, 0xFFFF, 0xFFFF, 0xFFFF, 0xFFFF, 0x212A, 0x212A, 0x212A,
  0x212A, 0x212A, 0x212A, 0x212A, 0x212A, 0x212A, 0x212A, 0x212A, 0x212A, 0x212A, 0xFFFF, 0xFFFF,
  0x212A, 0x212A, 0x0000, 0xFFFF, 0xFFFF, 0xFFFF, 0xFFFF, 0xFFFF, 0xFFFF, 0xFFFF, 0xFFFF, 0xFFFF,
  0xFFFF, 0xFFFF, 0xFFFF, 0xFFFF, 0xFFFF, 0xFFFF, 0xFFFF, 0xFFFF, 0xFFFF, 0xFFFF, 0xFFFF, 0xFFFF,
  0xFFFF, 0xFFFF, 0xFFFF, 0xFFFF, 0xFFFF, 0xFEDF, 0xFEDF, 0xFEDF, 0xFEDF, 0xFFFF, 0xFFFF, 0xFFFF,
  0x212A, 0x212A, 0x212A, 0x212A, 0x212A, 0x212A, 0x6B75, 0x6B75, 0x6B75, 0x6B75, 0x6B75, 0x212A,
  0x212A, 0x212A, 0x212A, 0x212A, 0x212A, 0x4A4A, 0x6B75, 0x6B75, 0x6B75, 0x6B75, 0x6B75, 0x6B75,
  0x6B75, 0x6B75, 0x6B75, 0x6B75, 0x6B75, 0x6B75, 0x6B75, 0x6B75, 0x6B75, 0x212A, 0x212A, 0x212A,
  0x212A, 0x212A, 0x212A, 0x212A, 0x212A, 0x212A, 0x212A, 0x212A, 0x212A, 0x212A, 0x212A, 0x6B75,
  0x6B75, 0x6B75, 0x6B75, 0x6B75, 0x6B75, 0x6B75, 0x6B75, 0x6B75, 0x6B75, 0x6B75, 0x6B75, 0x6B75,
  0x6B75, 0x6B75, 0x212A, 0x212A, 0x212A, 0x212A, 0x212A, 0x212A, 0xFFFF, 0xFFFF, 0xFFFF, 0xFFFF,
  0xFFFF, 0xFFFF, 0xFFFF, 0xFFFF, 0xFFFF, 0xFFFF, 0xFFFF, 0xFFFF, 0xFFFF, 0xFFFF, 0xFFFF, 0xFFFF,
  0xFFFF, 0xFFFF, 0xFFFF, 0xFFFF, 0xFFFF, 0xFFFF, 0xFFFF, 0xFFFF, 0xFFFF, 0xFFFF, 0x212A, 0x212A,
  0x212A, 0x212A, 0x212A, 0x212A, 0x6B75, 0x6B75, 0x6B75, 0x4A4A, 0x212A, 0x212A, 0x212A, 0x212A,
  0x212A, 0x212A, 0x212A, 0x212A, 0x212A, 0x212A, 0x212A, 0x212A, 0x212A, 0x212A, 0x212A, 0x212A,
  0x212A, 0x212A, 0x212A, 0x212A, 0x212A, 0x212A, 0x212A, 0x212A, 0x4A4A, 0x6B6A, 0x6B6A, 0x6B75,
  0x6B75, 0x6B75, 0x212A, 0x212A, 0x212A, 0x212A, 0x212A, 0x212A, 0x212A, 0x212A, 0x212A, 0x212A,
  0x212A, 0x212A, 0x212A, 0x212A, 0x212A, 0xFFFF, 0xFFFF, 0xFFFF, 0xFFFF, 0xFFFF, 0xFFFF, 0xFFFF,
  0xFFFF, 0xFFFF, 0xFFFF, 0xFFFF, 0xFFFF, 0xFFFF, 0x6B75, 0x212A, 0x2000, 0xFFFF, 0xFFFF, 0xFFFF,
  0xFFFF, 0xFFFF, 0xFFFF, 0xFFFF, 0xFFFF, 0xFFFF, 0xFFFF, 0xFFFF, 0x2120, 0x212A, 0x212A, 0x212A,
  0x212A, 0x212A, 0x212A, 0x000A, 0xB5B5, 0xFFFF, 0xFFFF, 0xFFFF, 0xFFFF, 0x4A4A, 0x212A, 0x212A,
  0x212A, 0x212A, 0x212A, 0x212A, 0x212A, 0x212A, 0x212A, 0x212A, 0x212A, 0x4A4A, 0xFFFF, 0xFFFF,
  0x212A, 0x212A, 0x212A, 0xFFFF, 0xFFFF, 0xFFFF, 0xFFFF, 0xFFFF, 0xFFFF, 0xFFFF, 0xFFFF, 0xFFFF,
  0xFFFF, 0xFFFF, 0xFFFF, 0xFFFF, 0xFFFF, 0xFFFF, 0xFFFF, 0xFFFF, 0xFFFF, 0xFFFF, 0xFFFF, 0xFFFF,
  0xFFFF, 0xFFFF, 0xFFFF, 0xFFFF, 0xFFFF, 0xFFFF, 0xFEDF, 0xFEDF, 0xFEDF, 0xFEDF, 0xFEDF, 0xFFFF,
  0x2000, 0x2120, 0x212A, 0x212A, 0x212A, 0x212A, 0x212A, 0x6B75, 0x6B75, 0x6B75, 0x6B75, 0x6A4A,
  0x212A, 0x212A, 0x212A, 0x212A, 0x212A, 0x212A, 0x4A4A, 0x6B6A, 0x6B75, 0x6B6A, 0x6B75, 0x6B6A,
  0x6B75, 0x6B75, 0x6B75, 0x6B75, 0x6B75, 0x6B75, 0x6B75, 0x6B75, 0x6B75, 0x212A, 0x212A, 0x212A,
  0x212A, 0x212A, 0x212A, 0x212A, 0x212A, 0x212A, 0x212A, 0x212A, 0x212A, 0x212A, 0x212A, 0x6B75,
  0x6B75, 0x6B75, 0x6B75, 0x6B75, 0x6B75, 0x6B75, 0x6B75, 0x6B75, 0x6B75, 0x6B75, 0x6B75, 0x6B75,
  0x6B75, 0x6B75, 0x4A4A, 0x212A, 0x212A, 0x212A, 0x212A, 0x212A, 0x4A4A, 0xFFFF, 0xFFFF, 0xFFFF,
  0xFFFF, 0xFFFF, 0xFFFF, 0xFFFF, 0xFFFF, 0xFFFF, 0xFFFF, 0xFFFF, 0xFFFF, 0xFFFF, 0xFFFF, 0xFFFF,
  0xFFFF, 0xFFFF, 0xFFFF, 0xFFFF, 0xFFFF, 0xFFFF, 0xFFFF, 0xB5BF, 0x212A, 0x212A, 0x212A, 0x212A,
  0x212A, 0x212A, 0x4A4A, 0x6B75, 0x6B75, 0x6B75, 0x6B75, 0x6B75, 0x6B75, 0x212A, 0x212A, 0x212A,
  0x212A, 0x212A, 0x212A, 0x212A, 0x212A, 0x212A, 0x212A, 0x212A, 0x212A, 0x212A, 0x212A, 0x212A,
  0x212A, 0x212A, 0x212A, 0x212A, 0x212A, 0x212A, 0x4A4A, 0x6B75, 0x6B75, 0x6B6A, 0x6B75, 0x6B75,
  0x6B75, 0x212A, 0x212A, 0x212A, 0x212A, 0x212A, 0x212A, 0x212A, 0x212A, 0x212A, 0x212A, 0x212A,
  0x212A, 0x212A, 0x212A, 0x212A, 0x212A, 0x9495, 0xFFFF, 0xFFFF, 0xFFFF, 0xFFFF, 0xFFFF, 0xFFFF,
  0xFFFF, 0xFFFF, 0xFFFF, 0xFFFF, 0xFFFF, 0xFFFF, 0x0000, 0x212A, 0x212A, 0xFFFF, 0xFFFF, 0xFFFF,
  0xFFFF, 0xFFFF, 0xFFFF, 0xFFFF, 0xFFFF, 0xFFFF, 0xFFFF, 0xFFFF, 0x2120, 0x212A, 0x212A, 0x212A,
  0x4A4A, 0x212A, 0x212A, 0x212A, 0x212A, 0x212A, 0xFFFF, 0xFFFF, 0xFFFF, 0xFFFF, 0x212A, 0x212A,
  0x212A, 0x212A, 0x212A, 0x212A, 0x212A, 0x212A, 0x212A, 0x2000, 0xDEDF, 0xFFFF, 0xFFFF, 0xFFFF,
  0x212A, 0x212A, 0x212A, 0xFFFF, 0xFFFF, 0xFFFF, 0xFFFF, 0xFFFF, 0xFFFF, 0xFFFF, 0xFFFF, 0xFFFF,
  0xFFFF, 0xFFFF, 0xFFFF, 0xDEDF, 0x9495, 0xDEDF, 0xFFFF, 0xFFFF, 0xFFFF, 0xFFFF, 0xFFFF, 0xFFFF,
  0xFFFF, 0xFFFF, 0xFFFF, 0xFFFF, 0xFFFF, 0xFFFF, 0xFFFF, 0xFFFF, 0xFEDF, 0xFEDF, 0xFEDF, 0xFEDF,
  0xFEDF, 0xFEDF, 0xFEDF, 0x492A, 0x200A, 0x000A, 0x212A, 0x012A, 0x6B75, 0x6B75, 0x6B75, 0x6B75,
  0x6B75, 0x6B75, 0x4A4A, 0x4A4A, 0x4A4A, 0x212A, 0x212A, 0x212A, 0x6B75, 0x6B75, 0x6B75, 0x6B75,
  0x6B75, 0x6B75, 0x6B75, 0x6B75, 0x6B75, 0x6B75, 0x6B75, 0x6B75, 0x6B75, 0x212A, 0x212A, 0x212A,
  0x212A, 0x212A, 0x212A, 0x212A, 0x212A, 0x212A, 0x212A, 0x212A, 0x212A, 0x212A, 0x212A, 0x4A4A,
  0x6B75, 0x6B75, 0x6B75, 0x6B75, 0x6B75, 0x6B75, 0x6B75, 0x6B75, 0x6B75, 0x6B75, 0x6B75, 0x6B75,
  0x6B75, 0x6B75, 0x6B75, 0x212A, 0x212A, 0x212A, 0x212A, 0x212A, 0x212A, 0xFFFF, 0xFFFF, 0xFFFF,
  0xFFFF, 0xFFFF, 0xFFFF, 0xFFFF, 0xFFFF, 0xFFFF, 0xFFFF, 0xFFFF, 0xFFFF, 0xFFFF, 0xFFFF, 0xFFFF,
  0xFFFF, 0xFFFF, 0xFFFF, 0xFFFF, 0xFFFF, 0xFFFF, 0x9495, 0x0000, 0x212A, 0x212A, 0x212A, 0x212A,
  0x212A, 0x212A, 0x6B75, 0x6B75, 0x6B75, 0x6B75, 0x6B75, 0x6B75, 0x6B75, 0x6B75, 0x6B6A, 0x212A,
  0x212A, 0x212A, 0x212A, 0x212A, 0x212A, 0x212A, 0x212A, 0x212A, 0x212A, 0x212A, 0x212A, 0x212A,
  0x212A, 0x212A, 0x212A, 0x212A, 0x4A4A, 0x6B6A, 0x6B75, 0x6B75, 0x6B75, 0x6B75, 0x6B75, 0x6B75,
  0x6B75, 0x212A, 0x212A, 0x212A, 0x212A, 0x212A, 0x212A, 0x212A, 0x212A, 0x212A, 0x212A, 0x212A,
  0x212A, 0x212A, 0x212A, 0x212A, 0x212A, 0xDEDF, 0xFFFF, 0xFFFF, 0xFFFF, 0xFFFF, 0xFFFF, 0xFFFF,
  0xFFFF, 0xFFFF, 0xFFFF, 0xFFFF, 0xFFFF, 0xFFFF, 0x2000, 0x212A, 0x212A, 0xFFFF, 0xFFFF, 0xFFFF,
  0xFFFF, 0xFFFF, 0xFFFF, 0xFFFF, 0xFFFF, 0xFFFF, 0xFFFF, 0xFFFF, 0x212A, 0x212A, 0x212A, 0x212A,
  0x4A4A, 0x4A55, 0x212A, 0x212A, 0x212A, 0x212A, 0x2120, 0xB5B5, 0xFFFF, 0xFFFF, 0x6B6A, 0x212A,
  0x212A, 0x212A, 0x212A, 0x212A, 0x212A, 0x212A, 0x212A, 0xB5B5, 0xFFFF, 0xFFFF, 0xFFFF, 0xFFFF,
  0x0000, 0x212A, 0x212A, 0xB5B5, 0xFFFF, 0xFFFF, 0xFFFF, 0xFFFF, 0xFFFF, 0xFFFF, 0xFFFF, 0xFFFF,
  0xFFFF, 0xFFFF, 0xFFFF, 0x2120, 0x2120, 0x2120, 0x4A4A, 0xFFFF, 0xFFFF, 0xFFFF, 0xFFFF, 0xFFFF,
  0xFFFF, 0xFFFF, 0xFFFF, 0xFFFF, 0xFFFF, 0xFFFF, 0xFFFF, 0xFFFF, 0xFFFF, 0xFFFF, 0xFEDF, 0xFEDF,
  0xFEDF, 0xFEDF, 0xFEDF, 0xFEDF, 0xFEDF, 0xB495, 0x2000, 0x212A, 0x212A, 0x6B75, 0x6B75, 0x6B75,
  0x6B75, 0x6B75, 0x6B75, 0x6B75, 0x6B75, 0x6A4A, 0x6A4A, 0x6B6A, 0x6B75, 0x6B75, 0x6B75, 0x6B75,
  0x6B75, 0x6B75, 0x6B75, 0x6B75, 0x6B6A, 0x6B75, 0x6B75, 0x6B75, 0x6B75, 0x6B75, 0x212A, 0x212A,
  0x212A, 0x212A, 0x212A, 0x212A, 0x212A, 0x212A, 0x212A, 0x212A, 0x212A, 0x212A, 0x212A, 0x224A,
  0x6B75, 0x6B75, 0x6B75, 0x6B75, 0x6B75, 0x6B75, 0x6B75, 0x6B75, 0x6B75, 0x6B75, 0x6B75, 0x6B75,
  0x6B75, 0x6B75, 0x6B75, 0x212A, 0x212A, 0x212A, 0x212A, 0x212A, 0x212A, 0xFFFF, 0xFFFF, 0xFFFF,
  0xFFFF, 0xFFFF, 0xFFFF, 0xFFFF, 0xFFFF, 0xFFFF, 0xFFFF, 0xFFFF, 0xFFFF, 0xFFFF, 0xFFFF, 0xFFFF,
  0xFFFF, 0xFFFF, 0xB5B5, 0xFFFF, 0xB5B5, 0x212A, 0x212A, 0x212A, 0x212A, 0x212A, 0x212A, 0x212A,
  0x212A, 0x6B75, 0x6B75, 0x6B75, 0x6B75, 0x6B75, 0x6B75, 0x6B75, 0x6B75, 0x6B6A, 0x6B6A, 0x6B6A,
  0x4A4A, 0x212A, 0x212A, 0x212A, 0x212A, 0x212A, 0x212A, 0x212A, 0x212A, 0x212A, 0x212A, 0x212A,
  0x212A, 0x212A, 0x4A4A, 0x6B75, 0x6B75, 0x6B75, 0x6B75, 0x6B6A, 0x6B75, 0x6B75, 0x6B75, 0x6B75,
  0x4A4A, 0x212A, 0x212A, 0x212A, 0x212A, 0x212A, 0x212A, 0x212A, 0x212A, 0x212A, 0x212A, 0x212A,
  0x212A, 0x212A, 0x4A4A, 0x9495, 0xDEDF, 0xFFFF, 0xFFFF, 0xFFFF, 0xFFFF, 0xFFFF, 0xFFFF, 0xFFFF,
  0xFFFF, 0xFFFF, 0xFFFF, 0xFFFF, 0xFFFF, 0x9495, 0x212A, 0x212A, 0x9495, 0xFFFF, 0xFFFF, 0xFFFF,
  0xFFFF, 0xFFFF, 0xFFFF, 0xFFFF, 0xFFFF, 0xFFFF, 0xFFFF, 0xFFFF, 0x9495, 0x212A, 0x212A, 0x212A,
  0x4A4A, 0x4A4A, 0x4A4A, 0x212A, 0x212A, 0x212A, 0x212A, 0x212A, 0xB5B5, 0xFFFF, 0xFFFF, 0x212A,
  0x212A, 0x212A, 0x212A, 0x212A, 0x212A, 0x212A, 0x212A, 0xFFFF, 0xFFFF, 0xFFFF, 0xFFFF, 0xFFFF,
  0x212A, 0x212A, 0x212A, 0x212A, 0xFFFF, 0xFFFF, 0xFFFF, 0xFFFF, 0xFFFF, 0xFFFF, 0xFFFF, 0xFFFF,
  0xFFFF, 0xFFFF, 0xFFFF, 0x0000, 0x212A, 0x212A, 0x2000, 0xDEDF, 0xFFFF, 0xFFFF, 0xFFFF, 0xFFFF,
  0xFFFF, 0xFFFF, 0xFFFF, 0xFFFF, 0xFFFF, 0xFFFF, 0xFFFF, 0xFFFF, 0xFFFF, 0xFFFF, 0xDEDF, 0x2120,
  0x9375, 0xFEDF, 0xFEDF, 0xFEDF, 0xFEDF, 0xFEDF, 0xFEDF, 0x492A, 0x200A, 0x212A, 0x6B75, 0x6B75,
  0x6B75, 0x6B75, 0x6B75, 0x6B75, 0x6B75, 0x6B6A, 0x6B75, 0x6B75, 0x6B75, 0x6B75, 0x6B75, 0x6B75,
  0x6B75, 0x6B75, 0x6B75, 0x6B75, 0x6B75, 0x6B75, 0x6B75, 0x6B75, 0x6B75, 0x6B75, 0x212A, 0x212A,
  0x212A, 0x212A, 0x212A, 0x212A, 0x212A, 0x212A, 0x212A, 0x212A, 0x212A, 0x212A, 0x212A, 0x212A,
  0x6B75, 0x6B75, 0x6B75, 0x6B75, 0x6B75, 0x6B75, 0x6B75, 0x6B75, 0x6B75, 0x6B75, 0x6B75, 0x6B6A,
  0x6B75, 0x6B75, 0x6B75, 0x4A4A, 0x212A, 0x212A, 0x212A, 0x212A, 0x212A, 0xFFFF, 0xFFFF, 0xFFFF,
  0xFFFF, 0xFFFF, 0xFFFF, 0xFFFF, 0xFFFF, 0xFFFF, 0xFFFF, 0xFFFF, 0xFFFF, 0xFFFF, 0xFFFF, 0xFFFF,
  0x0000, 0x212A, 0x212A, 0x200A, 0x212A, 0x212A, 0x212A, 0x212A, 0x212A, 0x212A, 0x212A, 0x212A,
  0x6B75, 0x6B75, 0x6B75, 0x6B75, 0x6B75, 0x6B75, 0x6B75, 0x6B75, 0x6B6A, 0x6B75, 0x6B75, 0x6B75,
  0x6B75, 0x6B6A, 0x6B6A, 0x4A4A, 0x4A4A, 0x212A, 0x212A, 0x212A, 0x212A, 0x212A, 0x4A4A, 0x6B6A,
  0x6B75, 0x6B75, 0x6B6A, 0x6B6A, 0x6B6A, 0x6B6A, 0x6B6A, 0x6B75, 0x6B75, 0x6B75, 0x6B75, 0x4A4A,
  0x212A, 0x212A, 0x212A, 0x212A, 0x212A, 0x212A, 0x212A, 0x212A, 0x212A, 0x212A, 0x212A, 0x212A,
  0x212A, 0xDEDF, 0xFFFF, 0xFFFF, 0xFFFF, 0xFFFF, 0xFFFF, 0xFFFF, 0xFFFF, 0xFFFF, 0xFFFF, 0xFFFF,
  0xFFFF, 0xFFFF, 0xFFFF, 0xFFFF, 0xFFFF, 0x492A, 0x212A, 0x212A, 0x9495, 0xFFFF, 0xFFFF, 0xFFFF,
  0xFFFF, 0xFFFF, 0xFFFF, 0xFFFF, 0xFFFF, 0xFFFF, 0xFFFF, 0xFFFF, 0xDEDF, 0x212A, 0x212A, 0x212A,
  0x212A, 0x4A55, 0x4A55, 0x4A4A, 0x4A4A, 0x212A, 0x212A, 0x212A, 0x212A, 0x2120, 0xB5BF, 0x6B75,
  0x2120, 0x212A, 0x212A, 0x212A, 0x2120, 0xB5B5, 0xFFFF, 0xFFFF, 0xFFFF, 0xFFFF, 0xFFFF, 0xFFFF,
  0xFEDF, 0x0000, 0x212A, 0x200A, 0xFFFF, 0xFFFF, 0xFFFF, 0xFFFF, 0xFFFF, 0xFFFF, 0xFFFF, 0xFFFF,
  0xFFFF, 0xFFFF, 0xFFFF, 0xFFFF, 0x2000, 0x212A, 0x212A, 0x4A4A, 0xFFFF, 0xFFFF, 0xFFFF, 0xFFFF,
  0xFFFF, 0xFFFF, 0xFFFF, 0xFFFF, 0xFFFF, 0xFFFF, 0xFFFF, 0xFFFF, 0xFFFF, 0xFFFF, 0x0000, 0x212A,
  0x212A, 0x212A, 0x212A, 0x212A, 0x212A, 0x4A4A, 0x6A4A, 0x212A, 0x212A, 0x212A, 0x212A, 0x6B75,
  0x6B75, 0x6B75, 0x6B75, 0x6B6A, 0x6B75, 0x6B75, 0x6B75, 0x6B75, 0x6B75, 0x6B75, 0x6B75, 0x6B75,
  0x6B75, 0x6B75, 0x6B75, 0x6B75, 0x6B75, 0x6B75, 0x6B75, 0x6B75, 0x6B75, 0x6B75, 0x212A, 0x212A,
  0x212A, 0x212A, 0x212A, 0x212A, 0x212A, 0x212A, 0x212A, 0x212A, 0x212A, 0x212A, 0x212A, 0x212A,
  0x212A, 0x6B75, 0x6B75, 0x6B75, 0x6B75, 0x6B75, 0x6B75, 0x6B75, 0x6B75, 0x6B75, 0x6B75, 0x6B75,
  0x6B75, 0x6B75, 0x6B75, 0x6B75, 0x212A, 0x212A, 0x212A, 0x212A, 0x212A, 0x6A4A, 0xFFFF, 0xFFFF,
  0xFFFF, 0xFFFF, 0xFFFF, 0xFFFF, 0xFFFF, 0xFFFF, 0xFFFF, 0xFFFF, 0xFFFF, 0xFFFF, 0xFFFF, 0x4A4A,
  0x212A, 0x212A, 0x212A, 0x212A, 0x212A, 0x212A, 0x212A, 0x212A, 0x212A, 0x212A, 0x212A, 0x6B75,
  0x6B75, 0x6B75, 0x6B75, 0x6B6A, 0x6B6A, 0x6B75, 0x6B75, 0x6B75, 0x6B75, 0x6B75, 0x6B75, 0x6B75,
  0x6B75, 0x6B75, 0x6B75, 0x6B6A, 0x6B75, 0x6B75, 0x6B6A, 0x6B75, 0x6B75, 0x6B75, 0x6B75, 0x6B6A,
  0x6B6A, 0x6B6A, 0x6B6A, 0x6B75, 0x6B75, 0x6B75, 0x6B75, 0x6B75, 0x6B75, 0x6B75, 0x6B75, 0x212A,
  0x212A, 0x212A, 0x212A, 0x212A, 0x212A, 0x212A, 0x212A, 0x212A, 0x212A, 0x212A, 0x212A, 0x212A,
  0x212A, 0xFFFF, 0xFFFF, 0xFFFF, 0xFFFF, 0xFFFF, 0xFFFF, 0xFFFF, 0xFFFF, 0xFFFF, 0xFFFF, 0xFFFF,
  0xFFFF, 0xFFFF, 0xFFFF, 0xFFFF, 0xFFFF, 0x2120, 0x212A, 0x212A, 0xB5B5, 0xFFFF, 0xFFFF, 0xFFFF,
  0xFFFF, 0xFFFF, 0xFFFF, 0xFFFF, 0xFFFF, 0xFFFF, 0xFFFF, 0xFFFF, 0xDEDF, 0x212A, 0x212A, 0x212A,
  0x212A, 0x4A4A, 0x4A55, 0x4A55, 0x4A55, 0x212A, 0x212A, 0x212A, 0x212A, 0x212A, 0x212A, 0xDEDF,
  0xDEDF, 0x212A, 0x212A, 0x0000, 0xFFFF, 0xFFFF, 0xFFFF, 0xFFFF, 0xFFFF, 0xFFFF, 0xFFFF, 0xFFFF,
  0x9495, 0x212A, 0x212A, 0x212A, 0x9495, 0xFFFF, 0xFFFF, 0xFFFF, 0xFFFF, 0xFFFF, 0xFFFF, 0xFFFF,
  0xFFFF, 0xFFFF, 0xFFFF, 0xFFFF, 0x9495, 0x212A, 0x212A, 0x0000, 0xFFFF, 0xFFFF, 0xFFFF, 0xFFFF,
  0xFFFF, 0xFFFF, 0xFFFF, 0xFFFF, 0xFFFF, 0xFFFF, 0xFFFF, 0xFFFF, 0xFFFF, 0xFFFF, 0x212A, 0x212A,
  0x212A, 0x212A, 0x212A, 0x212A, 0x212A, 0x212A, 0x212A, 0x212A, 0x212A, 0x212A, 0x212A, 0x212A,
  0x212A, 0x212A, 0x6B75, 0x6B75, 0x6B75, 0x6B75, 0x6B75, 0x6B75, 0x6B75, 0x6B75, 0x6B75, 0x6B75,
  0x6B75, 0x6B75, 0x6B75, 0x6B75, 0x6B75, 0x6B6A, 0x6B75, 0x6B75, 0x6B75, 0x6B75, 0x212A, 0x212A,
  0x212A, 0x212A, 0x212A, 0x212A, 0x212A, 0x212A, 0x212A, 0x212A, 0x212A, 0x212A, 0x212A, 0x212A,
  0x212A, 0x4A4A, 0x6B6A, 0x6B75, 0x6B75, 0x6B75, 0x6B75, 0x6B75, 0x6B75, 0x6B75, 0x6B75, 0x6B75,
  0x6B75, 0x6B75, 0x6B75, 0x6B75, 0x212A, 0x212A, 0x212A, 0x212A, 0x212A, 0x212A, 0xFFFF, 0xFFFF,
  0xFFFF, 0xFFFF, 0xFFFF, 0xFFFF, 0xFFFF, 0xFFFF, 0xFFFF, 0xFFFF, 0xFFFF, 0xFFFF, 0xFFFF, 0x0000,
  0x212A, 0x212A, 0x212A, 0x212A, 0x212A, 0x212A, 0x212A, 0x212A, 0x212A, 0x4A4A, 0x6B75, 0x6B75,
  0x6B75, 0x6B6A, 0x6B6A, 0x6B6A, 0x6B6A, 0x6B6A, 0x6B6A, 0x6B6A, 0x6B75, 0x6B75, 0x6B75, 0x6B75,
  0x6B6A, 0x6B75, 0x6B75, 0x6B75, 0x6B75, 0x6B75, 0x6B75, 0x6B75, 0x6B75, 0x6B75, 0x6B75, 0x6B75,
  0x6B75, 0x6B6A, 0x6B75, 0x6B75, 0x6B75, 0x6B75, 0x6B75, 0x6B75, 0x6B75, 0x6B75, 0x212A, 0x212A,
  0x212A, 0x212A, 0x212A, 0x212A, 0x212A, 0x212A, 0x212A, 0x212A, 0x212A, 0x212A, 0x212A, 0x212A,
  0x0000, 0xFFFF, 0xFFFF, 0xFFFF, 0xFFFF, 0xFFFF, 0xFFFF, 0xFFFF, 0xFFFF, 0xFFFF, 0xFFFF, 0xFFFF,
  0xFFFF, 0xFFFF, 0xFFFF, 0xFFFF, 0xFFFF, 0x2000, 0x212A, 0x212A, 0xB5B5, 0xFFFF, 0xFFFF, 0xFFFF,
  0xFFFF, 0xFFFF, 0xFFFF, 0xFFFF, 0xFFFF, 0xFFFF, 0xFFFF, 0xFFFF, 0xFFFF, 0x212A, 0x212A, 0x212A,
  0x212A, 0x212A, 0x4A55, 0x4A55, 0x4A55, 0x4A55, 0x4A4A, 0x212A, 0x212A, 0x212A, 0x212A, 0x0000,
  0x9495, 0xB5BF, 0x0000, 0xFFFF, 0xFFFF, 0xFFFF, 0xFFFF, 0xFFFF, 0xFFFF, 0xFFFF, 0x6B75, 0x2120,
  0x212A, 0x212A, 0x212A, 0x212A, 0x0000, 0xFFFF, 0xFFFF, 0xFFFF, 0xFFFF, 0xFFFF, 0xFFFF, 0xFFFF,
  0xFFFF, 0xFFFF, 0xFFFF, 0xFFFF, 0x95B5, 0x212A, 0x212A, 0x200A, 0xFFFF, 0xFFFF, 0xFFFF, 0xFFFF,
  0xFFFF, 0xFFFF, 0xFFFF, 0xFFFF, 0xFFFF, 0xFFFF, 0xFFFF, 0xFFFF, 0xFFFF, 0x4A4A, 0x212A, 0x212A,
  0x212A, 0x212A, 0x212A, 0x212A, 0x212A, 0x212A, 0x212A, 0x212A, 0x212A, 0x212A, 0x212A, 0x212A,
  0x212A, 0x212A, 0x6B75, 0x6B75, 0x6B75, 0x6B75, 0x6B75, 0x6B75, 0x6B75, 0x6B75, 0x6B75, 0x6B75,
  0x6B75, 0x6B75, 0x6B75, 0x6B75, 0x6B75, 0x6B75, 0x6B75, 0x6B75, 0x6B75, 0x6B75, 0x4A4A, 0x212A,
  0x212A, 0x212A, 0x212A, 0x212A, 0x212A, 0x212A, 0x212A, 0x212A, 0x212A, 0x212A, 0x212A, 0x212A,
  0x212A, 0x6B6A, 0x6B75, 0x6B75, 0x6B75, 0x6B6A, 0x6B75, 0x6B75, 0x6B75, 0x6B75, 0x6B75, 0x6B75,
  0x6B75, 0x6B75, 0x6B75, 0x6B75, 0x212A, 0x212A, 0x212A, 0x212A, 0x212A, 0x212A, 0xB5BF, 0xFFFF,
  0xFFFF, 0xFFFF, 0xFFFF, 0xFFFF, 0xFFFF, 0xFFFF, 0xFFFF, 0xFFFF, 0xFFFF, 0xFFFF, 0xFFFF, 0x4A4A,
  0x212A, 0x212A, 0x212A, 0x212A, 0x212A, 0x212A, 0x212A, 0x6B75, 0x6B75, 0x6B75, 0x6B75, 0x6B6A,
  0x6B6A, 0x6B6A, 0x6B6A, 0x6B6A, 0x6B6A, 0x6B75, 0x6B75, 0x6B75, 0x6B75, 0x6B75, 0x6B75, 0x6B75,
  0x6B75, 0x6B75, 0x6B75, 0x6B75, 0x6B75, 0x6B75, 0x6B75, 0x6B75, 0x6B75, 0x6B75, 0x6B75, 0x6B75,
  0x6B75, 0x6B75, 0x6B75, 0x6B75, 0x6B75, 0x6B75, 0x6B75, 0x6B75, 0x4A4A, 0x212A, 0x212A, 0x212A,
  0x212A, 0x212A, 0x212A, 0x212A, 0x212A, 0x212A, 0x212A, 0x212A, 0x212A, 0x9375, 0xDDBF, 0xFEDF,
  0xFEDF, 0xFEDF, 0xFEDF, 0xFEDF, 0xFEDF, 0xFEDF, 0xFEDF, 0xFFFF, 0xFFFF, 0xFFFF, 0xFFFF, 0xFFFF,
  0xFFFF, 0xFFFF, 0xFFFF, 0xFFFF, 0xFFFF, 0x0000, 0x212A, 0x212A, 0xFFFF, 0xFFFF, 0xFFFF, 0xFFFF,
  0xFFFF, 0xFFFF, 0xFFFF, 0xFFFF, 0xFFFF, 0xFFFF, 0xFFFF, 0xFFFF, 0xFFFF, 0x212A, 0x212A, 0x212A,
  0x212A, 0x212A, 0x212A, 0x212A, 0x212A, 0x212A, 0x4A4A, 0x4A55, 0x212A, 0x212A, 0x212A, 0x212A,
  0x212A, 0x0000, 0x6B75, 0xFFFF, 0xFFFF, 0xFFFF, 0xFFFF, 0x212A, 0x212A, 0x212A, 0x212A, 0x212A,
  0x212A, 0x212A, 0x212A, 0x212A, 0x212A, 0xDEDF, 0xFFFF, 0xFFFF, 0xFFFF, 0xFFFF, 0xFFFF, 0xFFFF,
  0xFFFF, 0xFFFF, 0xFFFF, 0xFFFF, 0xFFFF, 0x212A, 0x212A, 0x212A, 0xFFFF, 0xFFFF, 0xFFFF, 0xFFFF,
  0xFFFF, 0xFFFF, 0xFFFF, 0xFFFF, 0xFFFF, 0xFFFF, 0xFFFF, 0xFFFF, 0xFFFF, 0xB5B5, 0x2120, 0x212A,
  0x4A4A, 0x212A, 0x212A, 0x212A, 0x212A, 0x212A, 0x212A, 0x212A, 0x212A, 0x212A, 0x212A, 0x212A,
  0x212A, 0x212A, 0x4A4A, 0x6B75, 0x6B75, 0x6B75, 0x6B75, 0x6B75, 0x6B75, 0x6B75, 0x6B6A, 0x6B6A,
  0x6B75, 0x6B75, 0x6B75, 0x6B75, 0x6B6A, 0x6B6A, 0x6B75, 0x6B75, 0x6B75, 0x6B75, 0x6B75, 0x212A,
  0x212A, 0x212A, 0x212A, 0x212A, 0x212A, 0x212A, 0x212A, 0x212A, 0x212A, 0x212A, 0x212A, 0x212A,
  0x212A, 0x212A, 0x6B75, 0x6B6A, 0x6B75, 0x6B6A, 0x6B75, 0x6B75, 0x6B75, 0x6B75, 0x6B75, 0x6B75,
  0x6B75, 0x6B75, 0x6B75, 0x6B75, 0x4A4A, 0x212A, 0x212A, 0x212A, 0x212A, 0x212A, 0x2000, 0xFFFF,
  0xFFFF, 0xFFFF, 0xFFFF, 0xFFFF, 0xFFFF, 0xFFFF, 0xFFFF, 0xFFFF, 0xFFFF, 0xFFFF, 0xFFFF, 0xFFFF,
  0x2120, 0x212A, 0x212A, 0x212A, 0x212A, 0x212A, 0x212A, 0x6B75, 0x6B75, 0x6B75, 0x6B75, 0x6B75,
  0x6B75, 0x6B75, 0x6B75, 0x6B75, 0x6B75, 0x6B75, 0x6B75, 0x6B75, 0x6B75, 0x6B75, 0x6B75, 0x6B75,
  0x6B75, 0x6B75, 0x6B75, 0x6B75, 0x6B75, 0x6B75, 0x6B75, 0x6B75, 0x6B6A, 0x6B6A, 0x6B75, 0x6B75,
  0x6B75, 0x6B75, 0x6B75, 0x6B75, 0x6B75, 0x4A4A, 0x492A, 0x212A, 0x212A, 0x212A, 0x212A, 0x212A,
  0x212A, 0x212A, 0x212A, 0x212A, 0x492A, 0x492A, 0x6B6A, 0xDDB5, 0xFEDF, 0xFEDF, 0xFEDF, 0xFEDF,
  0xFEDF, 0xFEDF, 0xFEDF, 0xFEDF, 0xFEDF, 0xFEDF, 0xFFFF, 0xFFFF, 0xFFFF, 0xFFFF, 0xFFFF, 0xFFFF,
  0xFFFF, 0xFFFF, 0xFFFF, 0xFFFF, 0xFFFF, 0x0000, 0x212A, 0x212A, 0xFFFF, 0xFFFF, 0xFFFF, 0xFFFF,
  0xFFFF, 0xFFFF, 0xFFFF, 0xFFFF, 0xFFFF, 0xFFFF, 0xFFFF, 0xFFFF, 0xFFFF, 0x212A, 0x212A, 0x212A,
  0x212A, 0x212A, 0x212A, 0x212A, 0x212A, 0x212A, 0x212A, 0x492A, 0x4A55, 0x212A, 0x212A, 0x212A,
  0x212A, 0x212A, 0x212A, 0x0000, 0xFFFF, 0x9495, 0x2120, 0x212A, 0x212A, 0x212A, 0x212A, 0x212A,
  0x212A, 0x212A, 0x212A, 0x212A, 0x212A, 0xFFFF, 0xFFFF, 0xFFFF, 0xFFFF, 0xFFFF, 0xFFFF, 0xFFFF,
  0xFFFF, 0xFFFF, 0xFFFF, 0xFFFF, 0xFFFF, 0x212A, 0x212A, 0x212A, 0xFFFF, 0xFFFF, 0xFFFF, 0xFFFF,
  0xFFFF, 0xFFFF, 0xFFFF, 0xFFFF, 0xFFFF, 0xFFFF, 0xFFFF, 0xFFFF, 0xFFFF, 0xFFFF, 0xFFFF, 0xFFFF,
  0xFFFF, 0x6B75, 0x212A, 0x212A, 0x212A, 0x212A, 0x212A, 0x212A, 0x212A, 0x212A, 0x212A, 0x212A,
  0x212A, 0x212A, 0x6B75, 0x6B75, 0x6B75, 0x6B75, 0x6B75, 0x6B75, 0x6B75, 0x6B75, 0x6B75, 0x6B75,
  0x6B75, 0x6B75, 0x6B75, 0x6B75, 0x6B75, 0x6B75, 0x6B75, 0x6B75, 0x6B75, 0x6B75, 0x6B75, 0x212A,
  0x212A, 0x212A, 0x212A, 0x212A, 0x212A, 0x212A, 0x212A, 0x212A, 0x212A, 0x212A, 0x212A, 0x212A,
  0x212A, 0x212A, 0x6B75, 0x6B6A, 0x6B75, 0x6B75, 0x6B75, 0x6B75, 0x6B75, 0x6B75, 0x6B75, 0x6B75,
  0x6B75, 0x6B75, 0x6B6A, 0x6B75, 0x6B75, 0x212A, 0x212A, 0x212A, 0x212A, 0x212A, 0x212A, 0x9495,
  0xFFFF, 0xFFFF, 0xFFFF, 0xFFFF, 0xFFFF, 0xFFFF, 0xFFFF, 0xFFFF, 0xFFFF, 0xFFFF, 0xFFFF, 0xFFFF,
  0xB495, 0x212A, 0x212A, 0x212A, 0x212A, 0x212A, 0x212A, 0x212A, 0x6B6A, 0x6B75, 0x6B75, 0x6B75,
  0x6B75, 0x6B75, 0x6B75, 0x6B75, 0x6B75, 0x6B75, 0x6B75, 0x6B75, 0x6B75, 0x6B75, 0x6B75, 0x6B75,
  0x6B75, 0x6B75, 0x6B75, 0x6B75, 0x6B75, 0x6B75, 0x6B75, 0x6B75, 0x6B75, 0x6B75, 0x6B75, 0x6B75,
  0x6B75, 0x6B75, 0x6B75, 0x6B75, 0x212A, 0x212A, 0x212A, 0x212A, 0x212A, 0x212A, 0x212A, 0x212A,
  0x212A, 0x212A, 0x212A, 0x492A, 0x492A, 0xDDBF, 0xFEDF, 0xFEDF, 0xFEDF, 0xFEDF, 0xFEDF, 0xFEDF,
  0xFEDF, 0xFEDF, 0xFEDF, 0xFEDF, 0xFFFF, 0xFFFF, 0xFFFF, 0xFFFF, 0xFFFF, 0xFFFF, 0xFFFF, 0xFFFF,
  0xFFFF, 0xFFFF, 0xFFFF, 0xFFFF, 0xDEDF, 0x2120, 0x212A, 0x212A, 0xB5B5, 0xFFFF, 0xFFFF, 0xFFFF,
  0xFFFF, 0xFFFF, 0xFFFF, 0xFFFF, 0xFFFF, 0xFFFF, 0xFFFF, 0xFFFF, 0xFFFF, 0x212A, 0x212A, 0x212A,
  0x212A, 0x212A, 0x212A, 0x212A, 0x212A, 0x212A, 0x212A, 0x212A, 0x4A55, 0x212A, 0x212A, 0x212A,
  0x212A, 0x212A, 0x212A, 0x212A, 0x200A, 0x212A, 0x212A, 0x212A, 0x212A, 0x212A, 0x6B75, 0x6B75,
  0x212A, 0x212A, 0x212A, 0x212A, 0x9495, 0x9495, 0xDEDF, 0xFFFF, 0xFFFF, 0xFFFF, 0xFFFF, 0xFFFF,
  0xFFFF, 0xFFFF, 0xFFFF, 0xFFFF, 0xFFFF, 0x212A, 0x212A, 0x212A, 0xFFFF, 0xFFFF, 0xFFFF, 0xFFFF,
  0xFFFF, 0xFFFF, 0xFFFF, 0xFFFF, 0xFFFF, 0xFFFF, 0xFFFF, 0xFFFF, 0xFFFF, 0xFFFF, 0xFFFF, 0xFFFF,
  0xFFFF, 0xFFFF, 0x2120, 0x212A, 0x212A, 0x212A, 0x212A, 0x212A, 0x212A, 0x212A, 0x212A, 0x212A,
  0x212A, 0x212A, 0x6B75, 0x6B75, 0x6B75, 0x6B75, 0x6B75, 0x6B75, 0x6B75, 0x6B75, 0x6B75, 0x6B75,
  0x6B6A, 0x6B75, 0x6B75, 0x6B75, 0x6B75, 0x6B75, 0x6B75, 0x6B75, 0x6B75, 0x6B75, 0x6B75, 0x6B75,
  0x212A, 0x212A, 0x212A, 0x212A, 0x212A, 0x212A, 0x212A, 0x212A, 0x212A, 0x212A, 0x212A, 0x212A,
  0x212A, 0x212A, 0x6B6A, 0x6B6A, 0x6B75, 0x6B75, 0x6B75, 0x6B75, 0x6B75, 0x6B75, 0x6B75, 0x6B75,
  0x6B75, 0x6B75, 0x6B6A, 0x6B6A, 0x6B75, 0x4A4A, 0x212A, 0x212A, 0x212A, 0x212A, 0x212A, 0x6B75,
  0xFFFF, 0xFFFF, 0xFFFF, 0xFFFF, 0xFFFF, 0xFFFF, 0xFFFF, 0xFFFF, 0xFFFF, 0xFFFF, 0xFFFF, 0xFFFF,
  0xFFFF, 0xFFFF, 0x212A, 0x212A, 0x212A, 0x212A, 0x212A, 0x212A, 0x212A, 0x212A, 0x6B75, 0x6B75,
  0x6B75, 0x6B75, 0x6B75, 0x6B75, 0x6B75, 0x6B75, 0x6B75, 0x6B75, 0x6B75, 0x6B75, 0x6B75, 0x6B75,
  0x6B75, 0x6B75, 0x6B75, 0x6B75, 0x6B75, 0x6B75, 0x6B75, 0x6B75, 0x6B75, 0x6B75, 0x6B75, 0x6B75,
  0x6B75, 0x6B75, 0x212A, 0x212A, 0x212A, 0x212A, 0x212A, 0x212A, 0x212A, 0x212A, 0x212A, 0x212A,
  0x212A, 0x212A, 0x212A, 0x492A, 0x9375, 0xFEDF, 0xFEDF, 0xFEDF, 0xFEDF, 0xFEDF, 0xB495, 0x6B75,
  0x2000, 0xFFFF, 0xFFFF, 0xFFFF, 0xFFFF, 0xFFFF, 0xFFFF, 0xFFFF, 0xFFFF, 0xFFFF, 0xFFFF, 0xFFFF,
  0xFFFF, 0xFFFF, 0xFFFF, 0xFFFF, 0xFFFF, 0x212A, 0x212A, 0x212A, 0x9495, 0xFFFF, 0xFFFF, 0xFFFF,
  0xFFFF, 0xFFFF, 0xFFFF, 0xFFFF, 0xFFFF, 0xFFFF, 0xFFFF, 0xFFFF, 0xFFFF, 0x212A, 0x212A, 0x212A,
  0x212A, 0x212A, 0x212A, 0x212A, 0x212A, 0x212A, 0x212A, 0x212A, 0x4A4A, 0x212A, 0x212A, 0x212A,
  0x9495, 0x212A, 0x012A, 0x212A, 0x212A, 0x212A, 0x000A, 0x4A4A, 0x9495, 0x9495, 0x9495, 0x9495,
  0x212A, 0x000A, 0x212A, 0x200A, 0x9495, 0x9495, 0x212A, 0x212A, 0x6B6A, 0xFFFF, 0xFFFF, 0xFFFF,
  0xFFFF, 0xFFFF, 0xFFFF, 0xFFFF, 0xFFFF, 0x212A, 0x212A, 0x212A, 0xFFFF, 0xFFFF, 0xFFFF, 0xFFFF,
  0xFFFF, 0xFFFF, 0xFFFF, 0xFFFF, 0xFFFF, 0xFFFF, 0xFFFF, 0xFFFF, 0xFFFF, 0xFFFF, 0xFFFF, 0xFFFF,
  0xFFFF, 0xFFFF, 0xFFFF, 0x212A, 0x212A, 0x212A, 0x212A, 0x212A, 0x212A, 0x212A, 0x212A, 0x212A,
  0x212A, 0x212A, 0x6B75, 0x6B75, 0x6B75, 0x6B75, 0x6B75, 0x6B75, 0x6B75, 0x6B75, 0x6B75, 0x6B75,
  0x6B75, 0x6B75, 0x6B75, 0x6B75, 0x6B75, 0x6B75, 0x6B75, 0x6B75, 0x6B75, 0x6B75, 0x6B75, 0x6B75,
  0x212A, 0x212A, 0x212A, 0x212A, 0x212A, 0x212A, 0x212A, 0x212A, 0x212A, 0x212A, 0x212A, 0x212A,
  0x212A, 0x212A, 0x212A, 0x6B6A, 0x6B75, 0x6B75, 0x6B75, 0x6B75, 0x6B75, 0x6B75, 0x6B75, 0x6B75,
  0x6B75, 0x6B75, 0x6B75, 0x6B75, 0x6B75, 0x6B75, 0x212A, 0x212A, 0x212A, 0x212A, 0x212A, 0x212A,
  0xFFFF, 0xFFFF, 0xFFFF, 0xFFFF, 0xFFFF, 0xFFFF, 0xFFFF, 0xFFFF, 0xFFFF, 0xFFFF, 0xFFFF, 0xFFFF,
  0xFFFF, 0xFFFF, 0xFFFF, 0x2000, 0x212A, 0x212A, 0x212A, 0x212A, 0x212A, 0x212A, 0x212A, 0x212A,
  0x6B75, 0x6B75, 0x6B75, 0x6B75, 0x6B75, 0x6B75, 0x6B75, 0x6B75, 0x6B75, 0x6B75, 0x6B75, 0x6B75,
  0x6B75, 0x6B75, 0x6B75, 0x6B75, 0x6B75, 0x6B6A, 0x6B75, 0x6B75, 0x6B75, 0x6B75, 0x6B75, 0x6B75,
  0x492A, 0x212A, 0x212A, 0x212A, 0x212A, 0x212A, 0x212A, 0x212A, 0x212A, 0x212A, 0x212A, 0x212A,
  0x212A, 0x212A, 0x212A, 0x212A, 0x212A, 0x4A4A, 0x492A, 0x492A, 0x212A, 0x492A, 0x212A, 0x212A,
  0x212A, 0xDEDF, 0xFFFF, 0xFFFF, 0xFFFF, 0xFFFF, 0xFFFF, 0xFFFF, 0xFFFF, 0xFFFF, 0xFFFF, 0xFFFF,
  0xFFFF, 0xFFFF, 0xFFFF, 0xFFFF, 0xFFFF, 0x2120, 0x212A, 0x212A, 0x212A, 0xFFFF, 0xFFFF, 0xFFFF,
  0xFFFF, 0xFFFF, 0xFFFF, 0xFFFF, 0xFFFF, 0xFFFF, 0xFFFF, 0xFFFF, 0xFFFF, 0x212A, 0x212A, 0x212A,
  0x212A, 0x212A, 0xDEDF, 0x6B75, 0x2000, 0x212A, 0x212A, 0x212A, 0x212A, 0x212A, 0x212A, 0x200A,
  0x6B75, 0x949F, 0x949F, 0x949F, 0x224A, 0x4A4A, 0x9495, 0x9495, 0x9495, 0x9495, 0x9495, 0x9495,
  0x212A, 0x212A, 0x212A, 0x200A, 0x9495, 0x4A55, 0x212A, 0x212A, 0x212A, 0x4A4A, 0xFFFF, 0xFFFF,
  0xFFFF, 0xFFFF, 0xFFFF, 0xFFFF, 0xB5B5, 0x212A, 0x212A, 0x212A, 0xFFFF, 0xFFFF, 0xFFFF, 0xFFFF,
  0xFFFF, 0xFFFF, 0xFFFF, 0xFFFF, 0xFFFF, 0xFFFF, 0xFFFF, 0xFFFF, 0xFFFF, 0xFFFF, 0xFFFF, 0xFFFF,
  0xFFFF, 0xFFFF, 0xFFFF, 0x212A, 0x212A, 0x212A, 0x212A, 0x212A, 0x212A, 0x212A, 0x212A, 0x212A,
  0x212A, 0x212A, 0x6B75, 0x6B75, 0x6B75, 0x6B75, 0x6B75, 0x6B75, 0x6B75, 0x6B75, 0x6B75, 0x6B75,
  0x6B75, 0x6B75, 0x6B75, 0x6B75, 0x6B75, 0x6B75, 0x6B75, 0x6B75, 0x6B75, 0x6B75, 0x6B75, 0x6B75,
  0x212A, 0x212A, 0x212A, 0x212A, 0x212A, 0x212A, 0x212A, 0x212A, 0x212A, 0x212A, 0x212A, 0x212A,
  0x212A, 0x212A, 0x212A, 0x4A4A, 0x6B75, 0x6B75, 0x6B75, 0x6B75, 0x6B75, 0x6B75, 0x6B75, 0x6B75,
  0x6B75, 0x6B75, 0x6B75, 0x6B75, 0x6B75, 0x6B75, 0x212A, 0x212A, 0x212A, 0x212A, 0x212A, 0x212A,
  0xFFFF, 0xFFFF, 0xFFFF, 0xFFFF, 0xFFFF, 0xFFFF, 0xFFFF, 0xFFFF, 0xFFFF, 0xFFFF, 0xFFFF, 0xFFFF,
  0xFFFF, 0xFFFF, 0xFFFF, 0xFFFF, 0xDEDF, 0x212A, 0x212A, 0x212A, 0x212A, 0x212A, 0x212A, 0x212A,
  0x212A, 0x212A, 0x4A4A, 0x6B75, 0x6B75, 0x6B75, 0x6B75, 0x6B75, 0x6B75, 0x6B75, 0x6B75, 0x6B75,
  0x6B75, 0x6B75, 0x6B75, 0x6B75, 0x6B75, 0x6B75, 0x6B75, 0x6B75, 0x6B75, 0x6B75, 0x4A4A, 0x212A,
  0x212A, 0x212A, 0x212A, 0x212A, 0x212A, 0x212A, 0x212A, 0x212A, 0x212A, 0x212A, 0x212A, 0x212A,
  0x212A, 0x212A, 0x212A, 0x212A, 0x212A, 0x212A, 0x212A, 0x212A, 0x212A, 0x212A, 0x212A, 0x212A,
  0x212A, 0x212A, 0xFFFF, 0xFFFF, 0xFFFF, 0xFFFF, 0xFFFF, 0xFFFF, 0xFFFF, 0xFFFF, 0xFFFF, 0xFFFF,
  0xFFFF, 0xFFFF, 0xFFFF, 0xFFFF, 0xFFFF, 0x212A, 0x212A, 0x212A, 0x200A, 0xFFFF, 0xFFFF, 0xFFFF,
  0xFFFF, 0xDEDF, 0x9495, 0x4A4A, 0x4A4A, 0x212A, 0xFFFF, 0xFFFF, 0xFFFF, 0x4A4A, 0x212A, 0x212A,
  0x212A, 0x2000, 0xB5B5, 0xB5B5, 0x9495, 0x212A, 0x212A, 0x212A, 0x212A, 0x212A, 0x212A, 0x212A,
  0x212A, 0x9495, 0x6C95, 0x6C95, 0x6C95, 0x9495, 0x9495, 0x9495, 0x9495, 0x9495, 0x9495, 0x9495,
  0x224A, 0x212A, 0x212A, 0x212A, 0x212A, 0x212A, 0x212A, 0x212A, 0x212A, 0x212A, 0x212A, 0x0000,
  0x2120, 0x9495, 0xDEDF, 0x212A, 0x212A, 0x212A, 0x212A, 0x212A, 0xFFFF, 0xFFFF, 0xFFFF, 0xFFFF,
  0xFFFF, 0xFFFF, 0xFFFF, 0xFFFF, 0xFFFF, 0xFFFF, 0xFFFF, 0xFFFF, 0xFFFF, 0xFFFF, 0xFFFF, 0xFFFF,
  0xFFFF, 0xFFFF, 0xFFFF, 0xDEDF, 0x212A, 0x212A, 0x212A, 0x212A, 0x212A, 0x212A, 0x212A, 0x212A,
  0x212A, 0x212A, 0x212A, 0x6B75, 0x6B75, 0x6B75, 0x6B75, 0x6B75, 0x6B75, 0x6B75, 0x6B75, 0x6B75,
  0x6B75, 0x6B75, 0x6B75, 0x6B75, 0x6B75, 0x6B75, 0x6B75, 0x6B75, 0x6B75, 0x6B75, 0x6B75, 0x6B75,
  0x6B75, 0x212A, 0x212A, 0x212A, 0x212A, 0x212A, 0x212A, 0x212A, 0x212A, 0x212A, 0x212A, 0x212A,
  0x212A, 0x212A, 0x212A, 0x212A, 0x6B75, 0x6B75, 0x6B75, 0x6B75, 0x6B75, 0x6B75, 0x6B75, 0x6B75,
  0x6B75, 0x6B75, 0x6B75, 0x6B75, 0x6B75, 0x6B75, 0x4A4A, 0x212A, 0x212A, 0x212A, 0x212A, 0x212A,
  0xFFFF, 0xFFFF, 0xFFFF, 0xFFFF, 0xFFFF, 0xFFFF, 0xFFFF, 0xFFFF, 0xFFFF, 0xFFFF, 0xFFFF, 0xFFFF,
  0xFFFF, 0xFFFF, 0xFFFF, 0xFFFF, 0xFFFF, 0x9495, 0x212A, 0x212A, 0x212A, 0x212A, 0x212A, 0x212A,
  0x212A, 0x212A, 0x212A, 0x200A, 0x4A4A, 0x4A4A, 0x6B75, 0x6B75, 0x6B75, 0x6B6A, 0x6B75, 0x6B75,
  0x6B75, 0x6B75, 0x6B75, 0x6B75, 0x6B75, 0x4A4A, 0x6B75, 0x4A4A, 0x212A, 0x200A, 0x212A, 0x212A,
  0x212A, 0x212A, 0x212A, 0x212A, 0x212A, 0x212A, 0x212A, 0x212A, 0x212A, 0x212A, 0x212A, 0x212A,
  0x212A, 0x212A, 0x212A, 0x212A, 0x212A, 0x212A, 0x212A, 0x212A, 0x212A, 0x212A, 0x212A, 0x212A,
  0x6A4A, 0x9375, 0xFEDF, 0xFEDF, 0xFEDF, 0xFEDF, 0xFEDF, 0xFEDF, 0xFEDF, 0xFEDF, 0xFFFF, 0xFFFF,
  0xFFFF, 0xFFFF, 0xFFFF, 0xFFFF, 0xFFFF, 0x212A, 0x212A, 0x212A, 0x212A, 0x6B75, 0xB5B5, 0x4A4A,
  0x2120, 0x212A, 0x212A, 0x212A, 0x212A, 0x212A, 0xFFFF, 0xFFFF, 0xFFFF, 0xFFFF, 0x212A, 0x212A,
  0x212A, 0x2120, 0xB5B5, 0xB5B5, 0xB5B5, 0x212A, 0x212A, 0x212A, 0x212A, 0x212A, 0x212A, 0x212A,
  0x212A, 0x9495, 0x9495, 0x9495, 0x9495, 0x9495, 0x9495, 0x9495, 0x9495, 0x9495, 0x9495, 0x9495,
  0x212A, 0x212A, 0x212A, 0x212A, 0x212A, 0x212A, 0x212A, 0xB495, 0x0000, 0x212A, 0x212A, 0x212A,
  0x212A, 0x2120, 0x212A, 0x212A, 0x212A, 0x212A, 0x212A, 0x212A, 0xDEDF, 0xFFFF, 0xFFFF, 0xFFFF,
  0xFFFF, 0xFFFF, 0xFFFF, 0xFFFF, 0xFFFF, 0xFFFF, 0xFFFF, 0xFFFF, 0xFFFF, 0xFFFF, 0xFFFF, 0xFFFF,
  0xFFFF, 0xFFFF, 0xFEDF, 0x6B75, 0x212A, 0x212A, 0x212A, 0x212A, 0x212A, 0x212A, 0x212A, 0x212A,
  0x212A, 0x212A, 0x212A, 0x6B75, 0x6B75, 0x6B75, 0x6B75, 0x6B75, 0x6B75, 0x6B75, 0x6B75, 0x6B75,
  0x6B75, 0x6B75, 0x6B75, 0x6B75, 0x6B75, 0x6B75, 0x6B75, 0x6B75, 0x6B75, 0x6B75, 0x6B75, 0x6B75,
  0x6B75, 0x4A4A, 0x212A, 0x212A, 0x212A, 0x212A, 0x212A, 0x212A, 0x212A, 0x212A, 0x212A, 0x212A,
  0x212A, 0x212A, 0x212A, 0x212A, 0x4A4A, 0x6B75, 0x6B75, 0x6B75, 0x6B75, 0x6B75, 0x6B75, 0x6B6A,
  0x6B75, 0x6B75, 0x6B75, 0x6B75, 0x6B75, 0x6B75, 0x6B75, 0x212A, 0x212A, 0x212A, 0x212A, 0x212A,
  0xFFFF, 0xFFFF, 0xFFFF, 0xFFFF, 0xFFFF, 0xFFFF, 0xFFFF, 0xFFFF, 0xFFFF, 0xFFFF, 0xFFFF, 0xFFFF,
  0xFFFF, 0xFFFF, 0xFFFF, 0xFFFF, 0xFFFF, 0xFFFF, 0xDEDF, 0x212A, 0x212A, 0x212A, 0x212A, 0x212A,
  0x212A, 0x212A, 0x212A, 0x212A, 0x212A, 0x212A, 0x212A, 0x000A, 0x212A, 0x4A4A, 0x4A4A, 0x6B6A,
  0x4A4A, 0x4A4A, 0x4A4A, 0x4A4A, 0x212A, 0x212A, 0x212A, 0x212A, 0x212A, 0x212A, 0x212A, 0x212A,
  0x212A, 0x212A, 0x212A, 0x212A, 0x212A, 0x212A, 0x212A, 0x212A, 0x212A, 0x212A, 0x212A, 0x212A,
  0x212A, 0x212A, 0x212A, 0x212A, 0x212A, 0x212A, 0x212A, 0x212A, 0x492A, 0x4A4A, 0xB495, 0xFEDF,
  0xFEDF, 0xFEDF, 0xFEDF, 0xFEDF, 0xFEDF, 0xFEDF, 0xFEDF, 0xFEDF, 0xFEDF, 0xFFFF, 0xFFFF, 0xFFFF,
  0xFFFF, 0xFFFF, 0xFFFF, 0xFFFF, 0xFFFF, 0xB495, 0x0000, 0x212A, 0x212A, 0x212A, 0x212A, 0x212A,
  0x212A, 0x212A, 0x212A, 0x212A, 0x212A, 0x0000, 0xFFFF, 0xFFFF, 0xFFFF, 0x9495, 0x212A, 0x212A,
  0x200A, 0x9495, 0xB495, 0xB5B5, 0xB5B5, 0x6A4A, 0x212A, 0x212A, 0x212A, 0x212A, 0x212A, 0x212A,
  0x212A, 0x9495, 0x9495, 0x9495, 0x9495, 0x9495, 0x9495, 0x9495, 0x9495, 0x6C95, 0x9495, 0x9495,
  0x212A, 0x212A, 0x212A, 0x212A, 0x212A, 0x212A, 0x212A, 0x4A4A, 0xB5BF, 0x2000, 0x212A, 0x212A,
  0x212A, 0x212A, 0x212A, 0x212A, 0x212A, 0x212A, 0x212A, 0x212A, 0x212A, 0x0000, 0x4A4A, 0x9495,
  0xDEDF, 0xFFFF, 0xFFFF, 0xFFFF, 0xFFFF, 0xFFFF, 0xFFFF, 0xFFFF, 0xFFFF, 0xFFFF, 0xDEDF, 0x9495,
  0x9495, 0x000A, 0x200A, 0x212A, 0x212A, 0x212A, 0x212A, 0x212A, 0x212A, 0x212A, 0x212A, 0x212A,
  0x212A, 0x212A, 0x200A, 0x4A4A, 0x6B75, 0x6B75, 0x6B75, 0x6B75, 0x6B75, 0x6B75, 0x6B75, 0x6B75,
  0x6B75, 0x6B6A, 0x6B75, 0x6B75, 0x6B75, 0x6B75, 0x6B75, 0x6B75, 0x6B75, 0x6B75, 0x6B75, 0x6B75,
  0x6B75, 0x6B75, 0x212A, 0x212A, 0x212A, 0x212A, 0x212A, 0x212A, 0x212A, 0x212A, 0x212A, 0x212A,
  0x212A, 0x212A, 0x212A, 0x212A, 0x212A, 0x6B75, 0x6B75, 0x6B75, 0x6B75, 0x6B75, 0x6B75, 0x6B75,
  0x6B75, 0x6B75, 0x6B75, 0x6B75, 0x6B75, 0x6B75, 0x6B75, 0x212A, 0x212A, 0x212A, 0x212A, 0x212A,
  0xFFFF, 0xFFFF, 0xFFFF, 0xFFFF, 0xFFFF, 0xFFFF, 0xFFFF, 0xFFFF, 0xFFFF, 0xFFFF, 0xFFFF, 0xFFFF,
  0xFFFF, 0xFFFF, 0xFFFF, 0xFFFF, 0xFFFF, 0xFFFF, 0xFFFF, 0xFFFF, 0xFFFF, 0x2000, 0x212A, 0x212A,
  0x212A, 0x212A, 0x212A, 0x212A, 0x212A, 0x212A, 0x212A, 0x212A, 0x212A, 0x212A, 0x212A, 0x212A,
  0x212A, 0x212A, 0x212A, 0x212A, 0x212A, 0x212A, 0x212A, 0x212A, 0x212A, 0x212A, 0x212A, 0x212A,
  0x212A, 0x212A, 0x212A, 0x212A, 0x212A, 0x212A, 0x212A, 0x212A, 0x212A, 0x212A, 0x212A, 0x212A,
  0x212A, 0x212A, 0x212A, 0x212A, 0x212A, 0x212A, 0x212A, 0x6A4A, 0xFEDF, 0xFEDF, 0xFEDF, 0xFEDF,
  0xFEDF, 0xFEDF, 0xFEDF, 0xFEDF, 0xFEDF, 0xFEDF, 0xFFFF, 0xFFFF, 0xFFFF, 0xFFFF, 0xFFFF, 0xFFFF,
  0xFFFF, 0xFFFF, 0xFFFF, 0xFFFF, 0xFFFF, 0xFFFF, 0x6B6A, 0x212A, 0x212A, 0x212A, 0x212A, 0x212A,
  0x212A, 0x212A, 0x212A, 0x0000, 0xB5B5, 0xFFFF, 0xFFFF, 0xFFFF, 0xFFFF, 0x212A, 0x212A, 0x212A,
  0x212A, 0xB5B5, 0xB5B5, 0xB5B5, 0xB5B5, 0xB5B5, 0x4A4A, 0x212A, 0x212A, 0x212A, 0x212A, 0x212A,
  0x212A, 0x212A, 0x9495, 0x9495, 0x9495, 0x9495, 0x9495, 0x9495, 0x9495, 0x9495, 0x6B75, 0x4A55,
  0x212A, 0x212A, 0x212A, 0x212A, 0x212A, 0x212A, 0x212A, 0x0000, 0xB5B5, 0xB5B5, 0xB5B5, 0x9495,
  0x4A4A, 0x2000, 0x2000, 0x212A, 0x6B75, 0x200A, 0x212A, 0x212A, 0x212A, 0x212A, 0x212A, 0x212A,
  0x212A, 0x212A, 0x212A, 0x212A, 0x000A, 0x200A, 0x212A, 0x212A, 0x212A, 0x212A, 0x212A, 0x212A,
  0x212A, 0x212A, 0x212A, 0x212A, 0x212A, 0x212A, 0x212A, 0x212A, 0x212A, 0x212A, 0x6B75, 0x212A,
  0x212A, 0x212A, 0x212A, 0x212A, 0x492A, 0x6B75, 0x6B75, 0x6B75, 0x6B75, 0x6B75, 0x6B75, 0x6B75,
  0x6B75, 0x6B75, 0x6B75, 0x6B75, 0x6B75, 0x6B75, 0x6B75, 0x6B75, 0x6B75, 0x6B75, 0x6B75, 0x6B75,
  0x6B75, 0x6B75, 0x6B75, 0x4A4A, 0x212A, 0x212A, 0x212A, 0x212A, 0x212A, 0x212A, 0x212A, 0x212A,
  0x212A, 0x212A, 0x212A, 0x212A, 0x212A, 0x4A4A, 0x6B75, 0x6B75, 0x6B75, 0x6B75, 0x6B75, 0x6B75,
  0x6B6A, 0x6B75, 0x6B6A, 0x6B75, 0x6B75, 0x6B75, 0x6B75, 0x6B75, 0x212A, 0x212A, 0x212A, 0x212A,
  0xFFFF, 0xFFFF, 0xFFFF, 0xFFFF, 0xFFFF, 0xFFFF, 0xFFFF, 0xFFFF, 0xFFFF, 0xFFFF, 0xFFFF, 0xFFFF,
  0xFFFF, 0xFFFF, 0xFFFF, 0xFFFF, 0xFFFF, 0xFFFF, 0xFFFF, 0xFFFF, 0xFFFF, 0xFFFF, 0x4A4A, 0x212A,
  0x212A, 0x212A, 0x212A, 0x212A, 0x212A, 0x212A, 0x212A, 0x212A, 0x212A, 0x212A, 0x212A, 0x212A,
  0x212A, 0x212A, 0x212A, 0x212A, 0x212A, 0x212A, 0x212A, 0x212A, 0x212A, 0x212A, 0x212A, 0x212A,
  0x212A, 0x212A, 0x212A, 0x212A, 0x212A, 0x212A, 0x212A, 0x212A, 0x212A, 0x212A, 0x212A, 0x212A,
  0x212A, 0x212A, 0x212A, 0x212A, 0x212A, 0x212A, 0x212A, 0x212A, 0xDDBF, 0xFEDF, 0xFEDF, 0xFEDF,
  0xFEDF, 0xB495, 0x4A4A, 0x492A, 0x6B6A, 0xFFFF, 0xFFFF, 0xFFFF, 0xFFFF, 0xFFFF, 0xFFFF, 0xFFFF,
  0xFFFF, 0xFFFF, 0xFFFF, 0xFFFF, 0xFFFF, 0xFFFF, 0xFFFF, 0x0000, 0x212A, 0x212A, 0x212A, 0x212A,
  0x212A, 0x212A, 0x212A, 0xFFFF, 0xFFFF, 0xFFFF, 0xFFFF, 0xFFFF, 0xFFFF, 0x212A, 0x212A, 0x212A,
  0x9495, 0xB5B5, 0xB5B5, 0xB5B5, 0xB5B5, 0xB5B5, 0x6B75, 0x212A, 0x212A, 0x212A, 0x212A, 0x212A,
  0x212A, 0x212A, 0x6B75, 0x6C95, 0x9495, 0x9495, 0x9495, 0x9495, 0x6B75, 0x4A55, 0x4A55, 0x4A4A,
  0x212A, 0x212A, 0x212A, 0x200A, 0x4A4A, 0x212A, 0x212A, 0x212A, 0x9495, 0xB5B5, 0xB5B5, 0xB5B5,
  0xB5B5, 0xFFFF, 0xFEDF, 0xFEDF, 0xDEDF, 0xB5BF, 0x2000, 0x212A, 0x212A, 0x212A, 0x212A, 0x212A,
  0x212A, 0x212A, 0x212A, 0x212A, 0x212A, 0x212A, 0x212A, 0x212A, 0x212A, 0x212A, 0x212A, 0x212A,
  0x212A, 0x212A, 0x212A, 0x212A, 0x212A, 0x212A, 0x212A, 0x212A, 0x212A, 0x9375, 0xB5B5, 0x4A4A,
  0x212A, 0x212A, 0x212A, 0x212A, 0x212A, 0x6B75, 0x6B75, 0x6B75, 0x6B75, 0x6B75, 0x6B75, 0x6B75,
  0x6B75, 0x6B75, 0x6B75, 0x6B75, 0x6B75, 0x6B75, 0x6B75, 0x6B75, 0x6B75, 0x6B75, 0x6B75, 0x6B75,
  0x6B75, 0x6B75, 0x6B75, 0x4A4A, 0x200A, 0x212A, 0x212A, 0x212A, 0x212A, 0x212A, 0x212A, 0x212A,
  0x212A, 0x212A, 0x212A, 0x212A, 0x212A, 0x212A, 0x6B6A, 0x6B75, 0x6B75, 0x6B75, 0x6B75, 0x6B75,
  0x6B6A, 0x6B75, 0x6B75, 0x6B75, 0x6B75, 0x6B75, 0x6B75, 0x6B75, 0x6A4A, 0x212A, 0x212A, 0x212A,
  0xFFFF, 0xFFFF, 0xFFFF, 0xFFFF, 0xFFFF, 0xFFFF, 0xFFFF, 0xFFFF, 0xFFFF, 0xFFFF, 0xFFFF, 0xFFFF,
  0xFFFF, 0xFFFF, 0xFFFF, 0xFFFF, 0xFFFF, 0xFFFF, 0xDEDF, 0xB5BF, 0x4A4A, 0x212A, 0x212A, 0x212A,
  0x212A, 0x212A, 0x212A, 0x212A, 0x212A, 0x212A, 0x212A, 0x212A, 0x212A, 0x212A, 0x212A, 0x212A,
  0x212A, 0x212A, 0x212A, 0x212A, 0x212A, 0x212A, 0x212A, 0x212A, 0x212A, 0x212A, 0x212A, 0x212A,
  0x212A, 0x212A, 0x212A, 0x212A, 0x212A, 0x212A, 0x212A, 0x212A, 0x212A, 0x212A, 0x212A, 0x212A,
  0x212A, 0x212A, 0x212A, 0x212A, 0x212A, 0x212A, 0x212A, 0x212A, 0x492A, 0x6A4A, 0x4920, 0x2120,
  0x212A, 0x2120, 0x212A, 0x212A, 0x212A, 0xB5B5, 0xFFFF, 0xFFFF, 0xFFFF, 0xFFFF, 0xFFFF, 0xFFFF,
  0xFFFF, 0xFFFF, 0xFFFF, 0xFFFF, 0xFFFF, 0xFFFF, 0xFFFF, 0xFFFF, 0xB5B5, 0x4A4A, 0x4A4A, 0xDEDF,
  0xDEDF, 0xFFFF, 0xFFFF, 0xFFFF, 0xFFFF, 0xFFFF, 0xFFFF, 0xFFFF, 0x9495, 0x212A, 0x212A, 0x212A,
  0xB5B5, 0xB5B5, 0xB5B5, 0xB5B5, 0xB5B5, 0xB5B5, 0xB5B5, 0x212A, 0x212A, 0x212A, 0x212A, 0x212A,
  0x212A, 0x212A, 0x212A, 0x6B75, 0x9495, 0x6B75, 0x6B75, 0x4A55, 0x4A55, 0x4A55, 0x212A, 0x212A,
  0x212A, 0x212A, 0x212A, 0x4A55, 0x6B75, 0x212A, 0x212A, 0x212A, 0x212A, 0xB5B5, 0xB5B5, 0xB5B5,
  0xB5B5, 0xFEDF, 0xDEDF, 0xDEDF, 0xDEDF, 0xDEDF, 0xFFFF, 0x6B75, 0x212A, 0x212A, 0x212A, 0x212A,
  0x212A, 0x212A, 0x212A, 0x212A, 0x212A, 0x212A, 0x212A, 0x212A, 0x212A, 0x212A, 0x212A, 0x212A,
  0x212A, 0x212A, 0x212A, 0x212A, 0x212A, 0x212A, 0x492A, 0x9495, 0xB5B5, 0xB5B5, 0xB5B5, 0xB5B5,
  0x212A, 0x212A, 0x212A, 0x212A, 0x212A, 0x212A, 0x212A, 0x6B75, 0x6B75, 0x6B75, 0x6B75, 0x6B75,
  0x6B75, 0x6B75, 0x6B75, 0x6B75, 0x6B75, 0x6B75, 0x6B75, 0x6B75, 0x6B75, 0x6B75, 0x6B75, 0x6B75,
  0x6A4A, 0x212A, 0x212A, 0x212A, 0x212A, 0x212A, 0x212A, 0x212A, 0x212A, 0x212A, 0x212A, 0x212A,
  0x212A, 0x212A, 0x212A, 0x212A, 0x212A, 0x212A, 0x4A4A, 0x6B75, 0x6B75, 0x6B75, 0x6B75, 0x6B75,
  0x6B75, 0x6B75, 0x6B75, 0x6B75, 0x6B75, 0x6B75, 0x6B75, 0x6B75, 0x6B75, 0x212A, 0x212A, 0x212A,
  0xFFFF, 0xFFFF, 0xFFFF, 0xFFFF, 0xFFFF, 0xFFFF, 0xFFFF, 0xFFFF, 0xFFFF, 0xFFFF, 0xFFFF, 0xFFFF,
  0xDEDF, 0xFFFF, 0x4A4A, 0x0000, 0x0000, 0x200A, 0x212A, 0x212A, 0x212A, 0x212A, 0x212A, 0x212A,
  0x212A, 0x212A, 0x200A, 0x212A, 0x212A, 0x200A, 0x212A, 0x212A, 0x212A, 0x212A, 0x212A, 0x212A,
  0x212A, 0x212A, 0x212A, 0x212A, 0x212A, 0x212A, 0x212A, 0x212A, 0x212A, 0x212A, 0x212A, 0x212A,
  0x212A, 0x212A, 0x212A, 0x212A, 0x212A, 0x212A, 0x212A, 0x212A, 0x212A, 0x212A, 0x212A, 0x212A,
  0x212A, 0x212A, 0x212A, 0x212A, 0x212A, 0x212A, 0x212A, 0x212A, 0x212A, 0x212A, 0x212A, 0x212A,
  0x212A, 0x212A, 0x212A, 0x212A, 0x212A, 0x212A, 0x9495, 0xFFFF, 0xFFFF, 0xFFFF, 0xFFFF, 0xFFFF,
  0xFFFF, 0xFFFF, 0xFFFF, 0xFFFF, 0xFFFF, 0xFFFF, 0xFFFF, 0xFFFF, 0xFFFF, 0xFFFF, 0xFFFF, 0xFFFF,
  0xFFFF, 0xFFFF, 0xFFFF, 0xFFFF, 0xFFFF, 0xFFFF, 0xFFFF, 0xFFFF, 0x0000, 0x212A, 0x0000, 0xDEDF,
  0xB5B5, 0xB5B5, 0xB5B5, 0xB5B5, 0xB495, 0xB5B5, 0xB5B5, 0x9495, 0x212A, 0x212A, 0x212A, 0x212A,
  0x212A, 0x212A, 0x212A, 0x212A, 0x212A, 0x4A4A, 0x4A55, 0x4A4A, 0x212A, 0x212A, 0x212A, 0x212A,
  0x212A, 0x212A, 0x212A, 0x9495, 0x9495, 0x200A, 0x212A, 0x212A, 0x212A, 0xB5B5, 0xB5B5, 0xB5B5,
  0xB5B5, 0xDEDF, 0xDEDF, 0xDEDF, 0xDEDF, 0xDEDF, 0xDEDF, 0xDEDF, 0xFEDF, 0xFEDF, 0x9495, 0x492A,
  0x212A, 0x212A, 0x212A, 0x212A, 0x212A, 0x212A, 0x212A, 0x212A, 0x212A, 0x212A, 0x212A, 0x212A,
  0x212A, 0x212A, 0x492A, 0xB5B5, 0xDEDF, 0xDEDF, 0xDEDF, 0xDEDF, 0xDEDF, 0xB5B5, 0xB5B5, 0xB5B5,
  0x9495, 0x212A, 0x212A, 0x212A, 0x212A, 0x212A, 0x212A, 0x212A, 0x212A, 0x212A, 0x4A4A, 0x4A4A,
  0x6B75, 0x212A, 0x212A, 0x4A4A, 0x4A4A, 0x4A4A, 0x4A4A, 0x4A4A, 0x212A, 0x212A, 0x212A, 0x212A,
  0x212A, 0x212A, 0x212A, 0x212A, 0x212A, 0x212A, 0x212A, 0x212A, 0x212A, 0x212A, 0x212A, 0x212A,
  0x212A, 0x212A, 0x212A, 0x212A, 0x212A, 0x212A, 0x212A, 0x6B75, 0x6B75, 0x6B75, 0x6B75, 0x6B75,
  0x6B75, 0x6B75, 0x6B75, 0x6B75, 0x6B75, 0x6B75, 0x6B75, 0x6B75, 0x6B75, 0x212A, 0x212A, 0x212A,
  0xFFFF, 0xFFFF, 0xFFFF, 0xFFFF, 0x6B6A, 0x2120, 0x0000, 0x4A4A, 0x212A, 0x212A, 0x212A, 0x0000,
  0x212A, 0x212A, 0x200A, 0x212A, 0x212A, 0x212A, 0x212A, 0x212A, 0x212A, 0x212A, 0x212A, 0x212A,
  0x212A, 0x4A4A, 0x6B75, 0x6B75, 0x6B75, 0x6B75, 0x4A4A, 0x4A4A, 0x212A, 0x4A4A, 0x212A, 0x212A,
  0x212A, 0x212A, 0x212A, 0x212A, 0x212A, 0x212A, 0x212A, 0x212A, 0x212A, 0x212A, 0x212A, 0x212A,
  0x212A, 0x212A, 0x212A, 0x212A, 0x212A, 0x212A, 0x212A, 0x212A, 0x212A, 0x212A, 0x212A, 0x212A,
  0x212A, 0x212A, 0x212A, 0x212A, 0x212A, 0x212A, 0x212A, 0x212A, 0x212A, 0x212A, 0x212A, 0x212A,
  0x212A, 0x212A, 0x212A, 0x212A, 0x212A, 0x212A, 0x212A, 0xFFFF, 0xFFFF, 0xFFFF, 0xFFFF, 0xFFFF,
  0xFFFF, 0xFFFF, 0xFFFF, 0xFFFF, 0xFFFF, 0xFFFF, 0xFFFF, 0xFFFF, 0xFFFF, 0xFFFF, 0xFFFF, 0xFFFF,
  0xFFFF, 0xFFFF, 0xFFFF, 0xFFFF, 0xFFFF, 0xDEDF, 0x6B75, 0x6C95, 0x212A, 0x212A, 0xB5BF, 0xDEDF,
  0xB5B5, 0xB5B5, 0xB5B5, 0xB5B5, 0xB5B5, 0xB5B5, 0xB495, 0x9495, 0x212A, 0x212A, 0x212A, 0x212A,
  0x212A, 0x212A, 0x212A, 0x212A, 0x212A, 0x212A, 0x212A, 0x212A, 0x212A, 0x212A, 0x212A, 0x212A,
  0x212A, 0x212A, 0x4A55, 0x9495, 0x9495, 0x212A, 0x212A, 0x212A, 0x212A, 0x9495, 0xB5B5, 0xB5B5,
  0xB5B5, 0xDEDF, 0xDEDF, 0xDEDF, 0xDEDF, 0xDEDF, 0xDEDF, 0xDEDF, 0xDEDF, 0xFEDF, 0xDEDF, 0xFEDF,
  0xFEDF, 0xDEDF, 0xDEDF, 0x9375, 0x4A4A, 0x6B75, 0x4A4A, 0x492A, 0x4A4A, 0x6B75, 0x9495, 0xB495,
  0xFEDF, 0xDEDF, 0xDEDF, 0xDEDF, 0xFEDF, 0xFEDF, 0xDEDF, 0xFEDF, 0xDEDF, 0xB5B5, 0xB5B5, 0xB5B5,
  0xB495, 0x212A, 0x212A, 0x212A, 0x212A, 0x212A, 0x212A, 0x212A, 0x212A, 0x212A, 0x212A, 0x212A,
  0x212A, 0x212A, 0x212A, 0x212A, 0x212A, 0x212A, 0x212A, 0x212A, 0x212A, 0x212A, 0x212A, 0x212A,
  0x212A, 0x212A, 0x212A, 0x212A, 0x212A, 0x212A, 0x212A, 0x212A, 0x212A, 0x212A, 0x212A, 0x212A,
  0x212A, 0x212A, 0x212A, 0x212A, 0x212A, 0x212A, 0x212A, 0x4A4A, 0x6B75, 0x6B75, 0x6B75, 0x6B75,
  0x6B75, 0x6B75, 0x6B75, 0x6B75, 0x6B75, 0x6B75, 0x6B75, 0x6B75, 0x6B75, 0x6B75, 0x212A, 0x212A,
  0xFFFF, 0xFFFF, 0xFFFF, 0xFFFF, 0x0120, 0x212A, 0x212A, 0x212A, 0x212A, 0x212A, 0x212A, 0x212A,
  0x212A, 0x212A, 0x212A, 0x212A, 0x212A, 0x212A, 0x212A, 0x212A, 0x212A, 0x212A, 0x212A, 0x4A4A,
  0x6B75, 0x6B75, 0x6B75, 0x6B75, 0x6B75, 0x6B75, 0x6B75, 0x6B75, 0x6B75, 0x6B75, 0x6B75, 0x6B75,
  0x6B75, 0x4A4A, 0x212A, 0x212A, 0x212A, 0x212A, 0x212A, 0x212A, 0x212A, 0x212A, 0x212A, 0x212A,
  0x212A, 0x212A, 0x212A, 0x212A, 0x212A, 0x212A, 0x212A, 0x212A, 0x212A, 0x212A, 0x212A, 0x212A,
  0x212A, 0x212A, 0x212A, 0x212A, 0x212A, 0x212A, 0x212A, 0x212A, 0x212A, 0x212A, 0x212A, 0x212A,
  0x212A, 0x212A, 0x212A, 0x212A, 0x212A, 0x212A, 0x212A, 0x2120, 0xFFFF, 0xFFFF, 0xFFFF, 0xFFFF,
  0xFFFF, 0xFFFF, 0xFFFF, 0xFFFF, 0xFFFF, 0xFFFF, 0xFFFF, 0xFFFF, 0xFFFF, 0xFFFF, 0xFFFF, 0xFFFF,
  0xFFFF, 0xFFFF, 0xFFFF, 0x9495, 0x2000, 0x212A, 0x212A, 0x212A, 0x212A, 0x9495, 0xDEDF, 0xDEDF,
  0xDEDF, 0xDDBF, 0xB5B5, 0xB495, 0xB495, 0xB5B5, 0xB5B5, 0xB5B5, 0x212A, 0x212A, 0x212A, 0x212A,
  0x212A, 0x212A, 0x212A, 0x212A, 0x212A, 0x212A, 0x212A, 0x212A, 0x212A, 0x212A, 0x212A, 0x212A,
  0x212A, 0x4A55, 0x4A55, 0x9375, 0x9495, 0x212A, 0x212A, 0x212A, 0x212A, 0x4A4A, 0xB5B5, 0xB5B5,
  0xB5B5, 0xDEDF, 0xDEDF, 0xDEDF, 0xDEDF, 0xDEDF, 0xDEDF, 0xDEDF, 0xDEDF, 0xDEDF, 0xDEDF, 0xFEDF,
  0xFEDF, 0xDEDF, 0xDEDF, 0xDEDF, 0xDEDF, 0xDEDF, 0xDEDF, 0xDEDF, 0xDEDF, 0xDEDF, 0xDEDF, 0xDEDF,
  0xDEDF, 0xDEDF, 0xDEDF, 0xFEDF, 0xFEDF, 0xFEDF, 0xFEDF, 0xFEDF, 0xFEDF, 0xB5B5, 0xB5B5, 0xB5B5,
  0xB5B5, 0x212A, 0x212A, 0x212A, 0x212A, 0x212A, 0x212A, 0x212A, 0x212A, 0x212A, 0x212A, 0x212A,
  0x212A, 0x212A, 0x212A, 0x212A, 0x212A, 0x212A, 0x212A, 0x212A, 0x212A, 0x212A, 0x212A, 0x212A,
  0x212A, 0x212A, 0x212A, 0x212A, 0x212A, 0x212A, 0x212A, 0x212A, 0x212A, 0x212A, 0x212A, 0x212A,
  0x212A, 0x212A, 0x212A, 0x212A, 0x212A, 0x212A, 0x212A, 0x212A, 0x212A, 0x6B6A, 0x6B75, 0x6B75,
  0x6B75, 0x6B75, 0x6B75, 0x6B75, 0x6B6A, 0x6B75, 0x6B75, 0x6B75, 0x6B75, 0x6B75, 0x6A55, 0x212A,
  0xFFFF, 0xFFFF, 0xFFFF, 0xFFFF, 0x0000, 0x212A, 0x212A, 0x212A, 0x212A, 0x212A, 0x212A, 0x212A,
  0x212A, 0x212A, 0x212A, 0x212A, 0x212A, 0x212A, 0x4A4A, 0x6B75, 0x6B75, 0x6B75, 0x6B75, 0x6B75,
  0x6B75, 0x6B75, 0x6B75, 0x6B75, 0x6B75, 0x6B75, 0x6B75, 0x6B75, 0x6B75, 0x6B75, 0x6B75, 0x224A,
  0x212A, 0x212A, 0x212A, 0x212A, 0x212A, 0x212A, 0x212A, 0x212A, 0x212A, 0x212A, 0x212A, 0x212A,
  0x212A, 0x212A, 0x212A, 0x212A, 0x212A, 0x212A, 0x212A, 0x212A, 0x212A, 0x212A, 0x212A, 0x212A,
  0x212A, 0x212A, 0x212A, 0x212A, 0x212A, 0x212A, 0x212A, 0x212A, 0x212A, 0x212A, 0x212A, 0x212A,
  0x212A, 0x212A, 0x212A, 0x212A, 0x212A, 0x212A, 0x212A, 0x212A, 0x212A, 0x000A, 0x4A4A, 0xDEDF,
  0xFFFF, 0xFFFF, 0xFFFF, 0xFFFF, 0xFFFF, 0xFFFF, 0xFFFF, 0xDEDF, 0xB5B5, 0xB5B5, 0x212A, 0x2000,
  0x212A, 0x200A, 0x200A, 0x212A, 0x212A, 0x212A, 0x212A, 0x212A, 0x212A, 0xDEDF, 0xDEDF, 0xDEDF,
  0xDEDF, 0xFEDF, 0xB5B5, 0xB5B5, 0xB5B5, 0xB5B5, 0xB5B5, 0xB5B5, 0x212A, 0x212A, 0x212A, 0x212A,
  0x212A, 0x212A, 0x4A4A, 0x212A, 0x212A, 0x212A, 0x212A, 0x212A, 0x212A, 0x212A, 0x212A, 0x4A4A,
  0x4A4A, 0x4A55, 0x4A55, 0x4A55, 0x6B75, 0x9495, 0x212A, 0x212A, 0x212A, 0x212A, 0xB5B5, 0xB5B5,
  0xB5B5, 0xDEDF, 0xDEDF, 0xDEDF, 0xDEDF, 0xDEDF, 0xDEDF, 0xDEDF, 0xDEDF, 0xFEDF, 0xFEDF, 0xFEDF,
  0xFEDF, 0xFEDF, 0xFEDF, 0xDEDF, 0xDEDF, 0xDEDF, 0xDEDF, 0xDEDF, 0xDEDF, 0xFEDF, 0xFEDF, 0xFEDF,
  0xDEDF, 0xDEDF, 0xDEDF, 0xDEDF, 0xDEDF, 0xDEDF, 0xFEDF, 0xFEDF, 0xFEDF, 0xB5B5, 0xB5B5, 0xB5B5,
  0x4A4A, 0x212A, 0x212A, 0x212A, 0x4A4A, 0x212A, 0x212A, 0x212A, 0x212A, 0x212A, 0x212A, 0x212A,
  0x212A, 0x212A, 0x212A, 0x212A, 0x212A, 0x212A, 0x212A, 0x212A, 0x212A, 0x212A, 0x212A, 0x212A,
  0x212A, 0x212A, 0x212A, 0x212A, 0x212A, 0x212A, 0x212A, 0x212A, 0x212A, 0x212A, 0x212A, 0x212A,
  0x212A, 0x212A, 0x212A, 0x212A, 0x212A, 0x212A, 0x212A, 0x212A, 0x212A, 0x4A4A, 0x6B6A, 0x6B75,
  0x6B75, 0x6B75, 0x6B75, 0x6B75, 0x6B75, 0x6B75, 0x6B75, 0x6B75, 0x6B75, 0x6B75, 0x6B75, 0x4A4A,
  0xFFFF, 0xFFFF, 0xFFFF, 0xFFFF, 0x6B6A, 0x212A, 0x212A, 0x212A, 0x212A, 0x212A, 0x212A, 0x212A,
  0x212A, 0x212A, 0x4A4A, 0x6B75, 0x6B75, 0x6B75, 0x6B75, 0x6B75, 0x6B75, 0x6B75, 0x6B75, 0x6B75,
  0x6B75, 0x6B75, 0x6B75, 0x6B75, 0x6B75, 0x6B6A, 0x6B6A, 0x6B6A, 0x6B6A, 0x6B75, 0x4A4A, 0x212A,
  0x212A, 0x212A, 0x212A, 0x212A, 0x212A, 0x212A, 0x212A, 0x212A, 0x212A, 0x212A, 0x212A, 0x212A,
  0x212A, 0x212A, 0x212A, 0x212A, 0x212A, 0x212A, 0x212A, 0x212A, 0x212A, 0x212A, 0x212A, 0x212A,
  0x212A, 0x212A, 0x212A, 0x212A, 0x212A, 0x212A, 0x212A, 0x212A, 0x212A, 0x212A, 0x212A, 0x212A,
  0x212A, 0x212A, 0x212A, 0x212A, 0x212A, 0x212A, 0x212A, 0x212A, 0x212A, 0x212A, 0x212A, 0x212A,
  0x200A, 0x200A, 0x2000, 0x212A, 0x2000, 0x2000, 0x2000, 0x200A, 0x212A, 0x212A, 0x212A, 0x212A,
  0x212A, 0x212A, 0x212A, 0x212A, 0x212A, 0x212A, 0x212A, 0x200A, 0x4A4A, 0xDEDF, 0xDEDF, 0xDEDF,
  0xDEDF, 0xDEDF, 0xDDB5, 0xB5B5, 0xB5B5, 0xB495, 0xB5B5, 0xB5B5, 0x2000, 0x212A, 0x212A, 0x212A,
  0x212A, 0x212A, 0x212A, 0x4A4A, 0x4A4A, 0x4A4A, 0x492A, 0x212A, 0x212A, 0x212A, 0x212A, 0x212A,
  0x4A4A, 0x4A55, 0x4A55, 0x4A55, 0x4A55, 0x9375, 0x212A, 0x212A, 0x212A, 0x212A, 0x6B75, 0xB5B5,
  0xB5B5, 0xDEDF, 0xDEDF, 0xFEDF, 0xDEDF, 0xDEDF, 0xDEDF, 0xDEDF, 0xFEDF, 0xFEDF, 0xFEDF, 0xFEDF,
  0xFEDF, 0xFEDF, 0xFEDF, 0xFEDF, 0xFEDF, 0xFEDF, 0xFEDF, 0xFEDF, 0xFEDF, 0xFEDF, 0xFEDF, 0xFEDF,
  0xFEDF, 0xFEDF, 0xFEDF, 0xFEDF, 0xFEDF, 0xFEDF, 0xFEDF, 0xFEDF, 0xFEDF, 0xB5B5, 0xB5B5, 0x4A4A,
  0x212A, 0x212A, 0x212A, 0x9495, 0xB5B5, 0x0000, 0x212A, 0x212A, 0x212A, 0x212A, 0x212A, 0x212A,
  0x212A, 0x212A, 0x212A, 0x212A, 0x212A, 0x212A, 0x212A, 0x212A, 0x212A, 0x212A, 0x212A, 0x212A,
  0x212A, 0x212A, 0x212A, 0x212A, 0x212A, 0x212A, 0x212A, 0x212A, 0x212A, 0x212A, 0x212A, 0x212A,
  0x212A, 0x212A, 0x212A, 0x212A, 0x212A, 0x212A, 0x212A, 0x212A, 0x212A, 0x212A, 0x6B6A, 0x6B6A,
  0x6B6A, 0x6B75, 0x6B75, 0x6B75, 0x6B75, 0x6B75, 0x6B75, 0x6B75, 0x6B75, 0x6B75, 0x6B75, 0x6B75,
  0xFFFF, 0xFFFF, 0xFFFF, 0xFFFF, 0xFFFF, 0xDEDF, 0x212A, 0x212A, 0x212A, 0x212A, 0x4A4A, 0x6B75,
  0x6B75, 0x6B75, 0x6B75, 0x6B75, 0x6B75, 0x6B75, 0x6B75, 0x6B75, 0x6B6A, 0x6B75, 0x6B75, 0x6B75,
  0x6B75, 0x6B75, 0x6B75, 0x6B75, 0x6B75, 0x6B75, 0x6B75, 0x6B75, 0x224A, 0x212A, 0x212A, 0x212A,
  0x212A, 0x212A, 0x212A, 0x212A, 0x212A, 0x212A, 0x212A, 0x212A, 0x212A, 0x212A, 0x212A, 0x212A,
  0x212A, 0x212A, 0x212A, 0x212A, 0x212A, 0x212A, 0x212A, 0x212A, 0x212A, 0x212A, 0x212A, 0x212A,
  0x212A, 0x212A, 0x212A, 0x212A, 0x212A, 0x212A, 0x212A, 0x212A, 0x212A, 0x212A, 0x212A, 0x212A,
  0x212A, 0x212A, 0x212A, 0x212A, 0x212A, 0x212A, 0x212A, 0x212A, 0x212A, 0x212A, 0x212A, 0x212A,
  0x212A, 0x212A, 0x212A, 0x212A, 0x212A, 0x212A, 0x212A, 0x212A, 0x212A, 0x212A, 0x212A, 0x212A,
  0x212A, 0x212A, 0x212A, 0x200A, 0x212A, 0x6B75, 0xFEDF, 0xFEDF, 0xFEDF, 0xDEDF, 0xDEDF, 0xDEDF,
  0xDEDF, 0xDEDF, 0xFEDF, 0xDDB5, 0xB5B5, 0xB495, 0xB495, 0xB495, 0x212A, 0x212A, 0x212A, 0x212A,
  0x212A, 0x212A, 0x212A, 0x212A, 0x4A55, 0x4A55, 0x4A55, 0x212A, 0x212A, 0x6B75, 0x212A, 0x212A,
  0x4A55, 0x4A55, 0x4A55, 0x4A55, 0x4A55, 0x4A55, 0x212A, 0x212A, 0x212A, 0x212A, 0x212A, 0xB5B5,
  0xB5B5, 0xDEDF, 0xFEDF, 0xFEDF, 0xFEDF, 0xDEDF, 0xDEDF, 0xFEDF, 0xFEDF, 0xFEDF, 0xFEDF, 0xFEDF,
  0xFEDF, 0xFEDF, 0xFEDF, 0xFEDF, 0xFEDF, 0xFEDF, 0xFEDF, 0xFEDF, 0xFEDF, 0xFEDF, 0xFEDF, 0xFEDF,
  0xFEDF, 0xFEDF, 0xFEDF, 0xFEDF, 0xFEDF, 0xFEDF, 0xFEDF, 0xFEDF, 0xDEDF, 0xB5B5, 0xB495, 0x212A,
  0x212A, 0x212A, 0x212A, 0x9495, 0xB5B5, 0xB5B5, 0x212A, 0x212A, 0x212A, 0x212A, 0x212A, 0x212A,
  0x212A, 0x212A, 0x212A, 0x212A, 0x212A, 0x212A, 0x212A, 0x212A, 0x212A, 0x212A, 0x212A, 0x212A,
  0x212A, 0x212A, 0x212A, 0x212A, 0x212A, 0x212A, 0x212A, 0x212A, 0x212A, 0x212A, 0x212A, 0x212A,
  0x212A, 0x212A, 0x212A, 0x212A, 0x212A, 0x212A, 0x212A, 0x212A, 0x212A, 0x212A, 0x212A, 0x4A4A,
  0x6B75, 0x6B6A, 0x6B6A, 0x6B75, 0x6B75, 0x6B75, 0x6B75, 0x6B6A, 0x6B75, 0x6B75, 0x6B75, 0x6B6A,
  0xFFFF, 0xFFFF, 0xFFFF, 0xFFFF, 0xFFFF, 0xFFFF, 0x000A, 0x212A, 0x212A, 0x212A, 0x200A, 0x6B75,
  0x6B75, 0x6B75, 0x6B75, 0x6B75, 0x6B75, 0x6B75, 0x6B75, 0x6B75, 0x6B6A, 0x6B6A, 0x6B75, 0x6B75,
  0x6B75, 0x6B75, 0x6B75, 0x6B75, 0x6B75, 0x6B75, 0x4A4A, 0x212A, 0x212A, 0x212A, 0x212A, 0x212A,
  0x212A, 0x212A, 0x212A, 0x212A, 0x212A, 0x212A, 0x212A, 0x212A, 0x212A, 0x212A, 0x212A, 0x212A,
  0x212A, 0x212A, 0x212A, 0x212A, 0x212A, 0x212A, 0x212A, 0x212A, 0x212A, 0x212A, 0x212A, 0x212A,
  0x212A, 0x212A, 0x212A, 0x212A, 0x212A, 0x212A, 0x212A, 0x212A, 0x212A, 0x212A, 0x212A, 0x212A,
  0x212A, 0x212A, 0x212A, 0x212A, 0x212A, 0x212A, 0x212A, 0x212A, 0x212A, 0x212A, 0x212A, 0x212A,
  0x212A, 0x212A, 0x212A, 0x212A, 0x212A, 0x212A, 0x212A, 0x212A, 0x212A, 0x212A, 0x212A, 0x212A,
  0x0000, 0x492A, 0xB5B5, 0xDEDF, 0xFEDF, 0xDEDF, 0xDEDF, 0xDEDF, 0xDEDF, 0xDEDF, 0xDEDF, 0xDEDF,
  0xDEDF, 0xDEDF, 0xDEDF, 0xDEDF, 0xB5B5, 0xB5B5, 0xB495, 0xB495, 0x4A4A, 0x212A, 0x212A, 0x212A,
  0x212A, 0x212A, 0x212A, 0x212A, 0x4A4A, 0x4A55, 0x4A4A, 0x212A, 0x000A, 0x4A4A, 0x212A, 0x212A,
  0x212A, 0x9495, 0x6B75, 0x6B75, 0x4A55, 0x4A4A, 0x212A, 0x212A, 0x212A, 0x212A, 0x212A, 0xB495,
  0xB495, 0xB5B5, 0xDEDF, 0xDEDF, 0xDEDF, 0xDEDF, 0xDEDF, 0xFEDF, 0xFEDF, 0xFEDF, 0xFEDF, 0xFEDF,
  0xFEDF, 0xFEDF, 0xFEDF, 0xFEDF, 0xFEDF, 0xFEDF, 0xFEDF, 0xFEDF, 0xFEDF, 0xFEDF, 0xFEDF, 0xFEDF,
  0xFEDF, 0xFEDF, 0xFEDF, 0xFEDF, 0xFEDF, 0xFEDF, 0xFEDF, 0xDEDF, 0xDEDF, 0xB5B5, 0x9495, 0x212A,
  0x212A, 0x212A, 0x200A, 0xB495, 0xB5B5, 0xB5B5, 0x492A, 0x212A, 0x212A, 0x212A, 0x212A, 0x212A,
  0x212A, 0x212A, 0x212A, 0x212A, 0x212A, 0x212A, 0x212A, 0x212A, 0x212A, 0x212A, 0x212A, 0x212A,
  0x212A, 0x212A, 0x212A, 0x212A, 0x212A, 0x212A, 0x212A, 0x212A, 0x212A, 0x212A, 0x212A, 0x212A,
  0x212A, 0x212A, 0x212A, 0x212A, 0x212A, 0x212A, 0x212A, 0x212A, 0x212A, 0x212A, 0x212A, 0x212A,
  0x6B6A, 0x6B75, 0x6B75, 0x6B75, 0x6B75, 0x6B75, 0x6B75, 0x6B6A, 0x6B75, 0x6B75, 0x6B75, 0x6B75,
  0xFFFF, 0xFFFF, 0xFFFF, 0xFFFF, 0xFFFF, 0xFFFF, 0xFFFF, 0x212A, 0x212A, 0x212A, 0x212A, 0x4A4A,
  0x6B75, 0x6B75, 0x6B75, 0x6B75, 0x6B75, 0x6B75, 0x6B75, 0x6B75, 0x6B6A, 0x6B6A, 0x6B75, 0x6B75,
  0x6B75, 0x6B75, 0x6B75, 0x6B75, 0x4A4A, 0x212A, 0x212A, 0x212A, 0x212A, 0x212A, 0x212A, 0x212A,
  0x212A, 0x212A, 0x212A, 0x212A, 0x212A, 0x212A, 0x212A, 0x212A, 0x212A, 0x212A, 0x212A, 0x212A,
  0x212A, 0x212A, 0x212A, 0x212A, 0x212A, 0x212A, 0x212A, 0x212A, 0x212A, 0x212A, 0x212A, 0x212A,
  0x212A, 0x212A, 0x212A, 0x212A, 0x212A, 0x212A, 0x212A, 0x212A, 0x212A, 0x212A, 0x212A, 0x212A,
  0x212A, 0x212A, 0x212A, 0x212A, 0x212A, 0x212A, 0x212A, 0x212A, 0x212A, 0x212A, 0x212A, 0x212A,
  0x200A, 0x212A, 0x2000, 0x2000, 0x2000, 0x2000, 0x212A, 0x212A, 0x492A, 0x4A4A, 0xB5BF, 0xDEDF,
  0xFFFF, 0xDEDF, 0xDEDF, 0xDEDF, 0xDEDF, 0xDEDF, 0xDEDF, 0xDEDF, 0xFEDF, 0xDEDF, 0xDEDF, 0xDEDF,
  0xDEDF, 0xDEDF, 0xDEDF, 0xFEDF, 0xDDB5, 0xB5B5, 0xB495, 0xB495, 0x6B75, 0x212A, 0x212A, 0x212A,
  0x212A, 0x212A, 0x212A, 0x212A, 0x212A, 0x4A55, 0x212A, 0x212A, 0x012A, 0xB5BF, 0x212A, 0x212A,
  0x212A, 0x6B75, 0x9495, 0x9495, 0x4A55, 0x212A, 0x212A, 0x212A, 0x212A, 0x212A, 0x212A, 0x4A4A,
  0xB5B5, 0xB5B5, 0xDEDF, 0xDEDF, 0xDEDF, 0xFEDF, 0xFEDF, 0xFEDF, 0xFEDF, 0xFEDF, 0xFEDF, 0xFEDF,
  0xFEDF, 0xFEDF, 0xFEDF, 0xFEDF, 0xFEDF, 0xFEDF, 0xFEDF, 0xFEDF, 0xFEDF, 0xFEDF, 0xFEDF, 0xFEDF,
  0xFEDF, 0xFEDF, 0xFEDF, 0xFEDF, 0xFEDF, 0xFEDF, 0xDEDF, 0xDEDF, 0xDEDF, 0xDEDF, 0x2120, 0x212A,
  0x212A, 0x212A, 0x212A, 0xB5B5, 0xB5B5, 0xB5B5, 0x4A4A, 0x212A, 0x212A, 0x212A, 0x212A, 0x212A,
  0x212A, 0x212A, 0x212A, 0x212A, 0x212A, 0x212A, 0x212A, 0x212A, 0x212A, 0x212A, 0x212A, 0x212A,
  0x212A, 0x212A, 0x212A, 0x212A, 0x212A, 0x212A, 0x212A, 0x212A, 0x212A, 0x212A, 0x212A, 0x212A,
  0x212A, 0x212A, 0x212A, 0x212A, 0x212A, 0x212A, 0x212A, 0x212A, 0x212A, 0x212A, 0x212A, 0x212A,
  0x212A, 0x6B6A, 0x6B6A, 0x6B75, 0x6B75, 0x6B75, 0x6B75, 0x6B75, 0x6B75, 0x6B75, 0x6B75, 0x6B75,
  0xFFFF, 0xFFFF, 0xFFFF, 0xFFFF, 0xFFFF, 0xFFFF, 0xFFFF, 0xFFFF, 0x212A, 0x212A, 0x212A, 0x212A,
  0x212A, 0x6B75, 0x6B75, 0x6B75, 0x6B75, 0x6B75, 0x6B75, 0x6B75, 0x6B6A, 0x6B6A, 0x6B6A, 0x6B75,
  0x6B75, 0x6B75, 0x4A4A, 0x212A, 0x212A, 0x212A, 0x212A, 0x212A, 0x212A, 0x212A, 0x212A, 0x212A,
  0x212A, 0x212A, 0x212A, 0x212A, 0x212A, 0x212A, 0x212A, 0x212A, 0x212A, 0x212A, 0x212A, 0x212A,
  0x212A, 0x212A, 0x212A, 0x212A, 0x212A, 0x212A, 0x212A, 0x212A, 0x212A, 0x212A, 0x212A, 0x212A,
  0x212A, 0x212A, 0x212A, 0x212A, 0x212A, 0x212A, 0x212A, 0x212A, 0x212A, 0x212A, 0x212A, 0x212A,
  0x212A, 0x212A, 0x212A, 0x212A, 0x212A, 0x212A, 0x212A, 0x212A, 0x212A, 0x212A, 0x9495, 0xDEDF,
  0xDEDF, 0xDEDF, 0xDEDF, 0xDEDF, 0xDEDF, 0xDEDF, 0xDEDF, 0xDEDF, 0xDEDF, 0xFEDF, 0xFEDF, 0xFEDF,
  0xFEDF, 0xFEDF, 0xFEDF, 0xDEDF, 0xDEDF, 0xDEDF, 0xDEDF, 0xDEDF, 0xDEDF, 0xDEDF, 0xDEDF, 0xDEDF,
  0xDEDF, 0xDEDF, 0xDEDF, 0xDEDF, 0xFEDF, 0xB5B5, 0xB5B5, 0xB5B5, 0x9495, 0x212A, 0x212A, 0x212A,
  0x212A, 0x212A, 0x212A, 0x212A, 0x212A, 0x4A4A, 0x212A, 0x212A, 0x212A, 0x949F, 0x9495, 0x012A,
  0x212A, 0x212A, 0x6B75, 0x9495, 0x6B75, 0x212A, 0x212A, 0x212A, 0x212A, 0x212A, 0x212A, 0x000A,
  0x6B75, 0xB5B5, 0xFEDF, 0xFEDF, 0xDEDF, 0xFEDF, 0xFEDF, 0xFEDF, 0xFEDF, 0xFEDF, 0xFEDF, 0xFEDF,
  0xFEDF, 0xDEDF, 0xDEDF, 0xDEDF, 0xDEDF, 0xDEDF, 0xDEDF, 0xDEDF, 0xDEDF, 0xFEDF, 0xFEDF, 0xFEDF,
  0xFEDF, 0xFEDF, 0xFEDF, 0xFEDF, 0xFEDF, 0xFEDF, 0xDEDF, 0xDEDF, 0xDEDF, 0x2000, 0x212A, 0x212A,
  0x212A, 0x212A, 0x6B75, 0xB5B5, 0xB5B5, 0xB5B5, 0xB495, 0x212A, 0x212A, 0x212A, 0x212A, 0x212A,
  0x212A, 0x212A, 0x212A, 0x212A, 0x212A, 0x212A, 0x212A, 0x212A, 0x212A, 0x212A, 0x212A, 0x212A,
  0x212A, 0x212A, 0x212A, 0x212A, 0x212A, 0x212A, 0x212A, 0x212A, 0x212A, 0x212A, 0x212A, 0x212A,
  0x212A, 0x212A, 0x212A, 0x212A, 0x212A, 0x212A, 0x212A, 0x212A, 0x212A, 0x212A, 0x212A, 0x212A,
  0x212A, 0x212A, 0x4A4A, 0x6B6A, 0x6B6A, 0x6B75, 0x6B75, 0x6B75, 0x6B75, 0x6B75, 0x6B75, 0x6B75,
  0xFFFF, 0xFFFF, 0xFFFF, 0xFFFF, 0xFFFF, 0xFFFF, 0xFFFF, 0xFFFF, 0x492A, 0x212A, 0x212A, 0x212A,
  0x212A, 0x212A, 0x6B75, 0x6B75, 0x6B75, 0x6B75, 0x6B75, 0x6B75, 0x6B75, 0x6B6A, 0x6B75, 0x6B75,
  0x6B75, 0x4A4A, 0x212A, 0x212A, 0x212A, 0x212A, 0x212A, 0x212A, 0x212A, 0x212A, 0x212A, 0x212A,
  0x212A, 0x212A, 0x212A, 0x212A, 0x212A, 0x212A, 0x212A, 0x212A, 0x212A, 0x212A, 0x212A, 0x212A,
  0x212A, 0x212A, 0x212A, 0x212A, 0x212A, 0x212A, 0x212A, 0x212A, 0x212A, 0x212A, 0x212A, 0x212A,
  0x212A, 0x212A, 0x212A, 0x212A, 0x212A, 0x212A, 0x212A, 0x212A, 0x212A, 0x212A, 0x212A, 0x212A,
  0x212A, 0x212A, 0x212A, 0x212A, 0x212A, 0x212A, 0x212A, 0x212A, 0x212A, 0x6B75, 0xDEDF, 0xDEDF,
  0xDEDF, 0xDEDF, 0xDEDF, 0xDEDF, 0xDEDF, 0xDEDF, 0xDEDF, 0xDEDF, 0xDEDF, 0xDEDF, 0xFEDF, 0xFEDF,
  0xFEDF, 0xFEDF, 0xFEDF, 0xDEDF, 0xDEDF, 0xDEDF, 0xDEDF, 0xDEDF, 0xDEDF, 0xDEDF, 0xDEDF, 0xDEDF,
  0xDEDF, 0xDEDF, 0xDEDF, 0xDEDF, 0xFEDF, 0xB5B5, 0xB5B5, 0xB5B5, 0x9375, 0x212A, 0x212A, 0x212A,
  0x212A, 0x212A, 0x212A, 0x212A, 0x200A, 0x212A, 0x200A, 0x212A, 0x000A, 0xB5BF, 0xB5BF, 0x012A,
  0x212A, 0x212A, 0x212A, 0x9495, 0x4A4A, 0x212A, 0x212A, 0x212A, 0x212A, 0x212A, 0x212A, 0x212A,
  0x212A, 0xB5B5, 0xDEDF, 0xFEDF, 0xFEDF, 0xFEDF, 0xFEDF, 0xFEDF, 0xFEDF, 0xFEDF, 0xFEDF, 0xFEDF,
  0xFEDF, 0xDEDF, 0xDEDF, 0xDEDF, 0xDEDF, 0xDEDF, 0xDEDF, 0xDEDF, 0xDEDF, 0xFEDF, 0xFEDF, 0xFEDF,
  0xFEDF, 0xFEDF, 0xFEDF, 0xFEDF, 0xFEDF, 0xDEDF, 0xDEDF, 0xDEDF, 0xDEDF, 0x212A, 0x212A, 0x212A,
  0x212A, 0x212A, 0xB5B5, 0xB5B5, 0xB5B5, 0xB5B5, 0x9495, 0x212A, 0x212A, 0x212A, 0x212A, 0x212A,
  0x212A, 0x212A, 0x212A, 0x212A, 0x212A, 0x212A, 0x212A, 0x212A, 0x212A, 0x212A, 0x212A, 0x212A,
  0x212A, 0x212A, 0x212A, 0x212A, 0x212A, 0x212A, 0x212A, 0x212A, 0x212A, 0x212A, 0x212A, 0x212A,
  0x212A, 0x212A, 0x212A, 0x212A, 0x212A, 0x212A, 0x212A, 0x212A, 0x212A, 0x212A, 0x212A, 0x212A,
  0x212A, 0x212A, 0x212A, 0x4A4A, 0x6B75, 0x6B75, 0x6B75, 0x6B75, 0x6B75, 0x6B75, 0x6B75, 0x6B75,
  0xFFFF, 0xFFFF, 0xFFFF, 0xFFFF, 0xFFFF, 0xFFFF, 0xFFFF, 0xFFFF, 0xFFFF, 0x492A, 0x212A, 0x212A,
  0x212A, 0x212A, 0x212A, 0x6B75, 0x6B75, 0x6B75, 0x6B75, 0x6B75, 0x6B75, 0x6B6A, 0x6B6A, 0x6B6A,
  0x6B6A, 0x212A, 0x212A, 0x212A, 0x212A, 0x212A, 0x212A, 0x212A, 0x212A, 0x212A, 0x212A, 0x212A,
  0x212A, 0x212A, 0x212A, 0x212A, 0x212A, 0x212A, 0x212A, 0x212A, 0x212A, 0x212A, 0x212A, 0x212A,
  0x212A, 0x212A, 0x212A, 0x212A, 0x212A, 0x212A, 0x212A, 0x212A, 0x212A, 0x212A, 0x212A, 0x212A,
  0x212A, 0x212A, 0x212A, 0x212A, 0x212A, 0x212A, 0x212A, 0x212A, 0x212A, 0x212A, 0x212A, 0x212A,
  0x212A, 0x212A, 0x212A, 0x212A, 0x212A, 0x212A, 0x212A, 0x212A, 0x200A, 0xDEDF, 0xDEDF, 0xDEDF,
  0xFEDF, 0xFEDF, 0xDEDF, 0xDEDF, 0xDEDF, 0xDEDF, 0xDEDF, 0xDEDF, 0xDEDF, 0xDEDF, 0xDEDF, 0xFEDF,
  0xFEDF, 0xFEDF, 0xFEDF, 0xDEDF, 0xDEDF, 0xDEDF, 0xDEDF, 0xDEDF, 0xDEDF, 0xDEDF, 0xFEDF, 0xFEDF,
  0xFEDF, 0xDEDF, 0xDEDF, 0xDEDF, 0xDEDF, 0xB5B5, 0xB5B5, 0xB5B5, 0x9495, 0x212A, 0x212A, 0x212A,
  0x212A, 0x200A, 0x212A, 0x212A, 0x212A, 0x212A, 0x212A, 0x212A, 0x212A, 0xB5BF, 0xB5BF, 0x9495,
  0x212A, 0x212A, 0x212A, 0x9495, 0x212A, 0x212A, 0x212A, 0x212A, 0x6B75, 0x212A, 0x212A, 0x212A,
  0x212A, 0x212A, 0xB5B5, 0xFEDF, 0xFEDF, 0xFEDF, 0xFEDF, 0xFEDF, 0xFEDF, 0xFEDF, 0xFEDF, 0xFEDF,
  0xFEDF, 0xDEDF, 0xDEDF, 0xDEDF, 0xDEDF, 0xDEDF, 0xDEDF, 0xDEDF, 0xDEDF, 0xFEDF, 0xFEDF, 0xFEDF,
  0xFEDF, 0xFEDF, 0xFEDF, 0xFEDF, 0xDEDF, 0xDEDF, 0xFEDF, 0x6B75, 0x212A, 0x212A, 0x212A, 0x212A,
  0x212A, 0x2000, 0xB5B5, 0xB5B5, 0xB5B5, 0xB5B5, 0xB5B5, 0x212A, 0x212A, 0x212A, 0x212A, 0x212A,
  0x212A, 0x212A, 0x212A, 0x212A, 0x212A, 0x212A, 0x212A, 0x212A, 0x212A, 0x212A, 0x212A, 0x212A,
  0x212A, 0x212A, 0x212A, 0x212A, 0x212A, 0x212A, 0x212A, 0x212A, 0x212A, 0x212A, 0x212A, 0x212A,
  0x212A, 0x212A, 0x212A, 0x212A, 0x212A, 0x212A, 0x212A, 0x212A, 0x212A, 0x212A, 0x212A, 0x212A,
  0x212A, 0x212A, 0x212A, 0x212A, 0x4A4A, 0x6B6A, 0x6B75, 0x6B75, 0x6B6A, 0x6B75, 0x6B75, 0x6B75,
  0xFFFF, 0xFFFF, 0xFFFF, 0xFFFF, 0xFFFF, 0xFFFF, 0xFFFF, 0xFFFF, 0xFFFF, 0xFFFF, 0x6B75, 0x212A,
  0x212A, 0x212A, 0x212A, 0x212A, 0x212A, 0x6B75, 0x6B75, 0x6B6A, 0x6B75, 0x6B6A, 0x6B6A, 0x6B6A,
  0x6B6A, 0x4A4A, 0x212A, 0x212A, 0x212A, 0x212A, 0x212A, 0x212A, 0x212A, 0x212A, 0x212A, 0x212A,
  0x212A, 0x212A, 0x212A, 0x212A, 0x212A, 0x212A, 0x212A, 0x212A, 0x212A, 0x212A, 0x212A, 0x212A,
  0x212A, 0x212A, 0x212A, 0x212A, 0x212A, 0x212A, 0x212A, 0x212A, 0x212A, 0x212A, 0x212A, 0x212A,
  0x212A, 0x212A, 0x212A, 0x212A, 0x212A, 0x212A, 0x212A, 0x212A, 0x212A, 0x212A, 0x212A, 0x212A,
  0x212A, 0x212A, 0x212A, 0x212A, 0x212A, 0x212A, 0x212A, 0x212A, 0x212A, 0x9495, 0xDEDF, 0xDEDF,
  0xDEDF, 0xDEDF, 0xDEDF, 0xDEDF, 0xDEDF, 0xDEDF, 0xDEDF, 0xDEDF, 0xDEDF, 0xDEDF, 0xDEDF, 0xFEDF,
  0xFEDF, 0xFEDF, 0xFEDF, 0xDEDF, 0xDEDF, 0xDEDF, 0xDEDF, 0xDEDF, 0xDEDF, 0xDEDF, 0xDEDF, 0xDEDF,
  0xFEDF, 0xFEDF, 0xFEDF, 0xFEDF, 0xDEDF, 0xDEDF, 0xB5B5, 0xB5B5, 0x6B6A, 0x212A, 0x212A, 0x212A,
  0x212A, 0x212A, 0x212A, 0x212A, 0x212A, 0x212A, 0x212A, 0x212A, 0x6B75, 0xDEDF, 0xB5BF, 0xB5BF,
  0x012A, 0x212A, 0x212A, 0x4A4A, 0x212A, 0x212A, 0x212A, 0x200A, 0x9495, 0x2000, 0x212A, 0x212A,
  0x212A, 0x212A, 0x6B75, 0xB5B5, 0xDEDF, 0xFEDF, 0xFEDF, 0xFEDF, 0xFEDF, 0xFEDF, 0xFEDF, 0xFEDF,
  0xFEDF, 0xDEDF, 0xDEDF, 0xDEDF, 0xDEDF, 0xDEDF, 0xDEDF, 0xDEDF, 0xDEDF, 0xFEDF, 0xFEDF, 0xFEDF,
  0xFEDF, 0xFEDF, 0xFEDF, 0xDEDF, 0xDEDF, 0xDEDF, 0x212A, 0x212A, 0x212A, 0x212A, 0x212A, 0x212A,
  0x2120, 0xB5B5, 0xB5B5, 0xB5B5, 0xB5B5, 0xB495, 0xB5B5, 0x212A, 0x212A, 0x212A, 0x200A, 0x212A,
  0x212A, 0x212A, 0x212A, 0x212A, 0x212A, 0x212A, 0x212A, 0x212A, 0x212A, 0x212A, 0x212A, 0x212A,
  0x212A, 0x212A, 0x212A, 0x212A, 0x212A, 0x212A, 0x212A, 0x212A, 0x212A, 0x212A, 0x212A, 0x212A,
  0x212A, 0x212A, 0x212A, 0x212A, 0x212A, 0x212A, 0x212A, 0x212A, 0x212A, 0x212A, 0x212A, 0x212A,
  0x212A, 0x212A, 0x212A, 0x212A, 0x212A, 0x212A, 0x4A4A, 0x6B75, 0x6B75, 0x6B75, 0x6B75, 0x6B75,
  0xFFFF, 0xFFFF, 0xFFFF, 0xFFFF, 0xFFFF, 0xFFFF, 0xFFFF, 0xFFFF, 0xFFFF, 0xFFFF, 0xFFFF, 0x212A,
  0x212A, 0x212A, 0x212A, 0x212A, 0x212A, 0x212A, 0x212A, 0x6B75, 0x6B75, 0x6B75, 0x6B75, 0x6B75,
  0x6B75, 0x6B75, 0x4A4A, 0x212A, 0x212A, 0x212A, 0x212A, 0x212A, 0x212A, 0x212A, 0x212A, 0x212A,
  0x212A, 0x212A, 0x212A, 0x212A, 0x212A, 0x212A, 0x212A, 0x212A, 0x212A, 0x212A, 0x212A, 0x212A,
  0x212A, 0x212A, 0x212A, 0x212A, 0x212A, 0x212A, 0x212A, 0x212A, 0x212A, 0x212A, 0x212A, 0x212A,
  0x212A, 0x212A, 0x212A, 0x212A, 0x212A, 0x212A, 0x212A, 0x212A, 0x212A, 0x212A, 0x212A, 0x212A,
  0x212A, 0x212A, 0x212A, 0x212A, 0x212A, 0x212A, 0x212A, 0x212A, 0x212A, 0x200A, 0x4A4A, 0xFEDF,
  0xDEDF, 0xDEDF, 0xDEDF, 0xDEDF, 0xDEDF, 0xDEDF, 0xDEDF, 0xDEDF, 0xDEDF, 0xDEDF, 0xDEDF, 0xFEDF,
  0xFEDF, 0xFEDF, 0xFEDF, 0xDEDF, 0xDEDF, 0xDEDF, 0xDEDF, 0xDEDF, 0xDEDF, 0xDEDF, 0xDEDF, 0xDEDF,
  0xDEDF, 0xDEDF, 0xFEDF, 0xDEDF, 0xDEDF, 0xFEDF, 0xB495, 0xB495, 0x212A, 0x212A, 0x212A, 0x212A,
  0x212A, 0x4A4A, 0x212A, 0x212A, 0x212A, 0x212A, 0x212A, 0x212A, 0xB5BF, 0xFFFF, 0xDEDF, 0xB5BF,
  0x4A55, 0x212A, 0x212A, 0x212A, 0x212A, 0x212A, 0x212A, 0x212A, 0x9495, 0x6B6A, 0x2120, 0x212A,
  0x212A, 0x212A, 0x212A, 0x9495, 0xDEDF, 0xDEDF, 0xFEDF, 0xDEDF, 0xDEDF, 0xFEDF, 0xDEDF, 0xFEDF,
  0xDEDF, 0xDEDF, 0xDEDF, 0xDEDF, 0xDEDF, 0xDEDF, 0xDEDF, 0xDEDF, 0xDEDF, 0xDEDF, 0xDEDF, 0xFEDF,
  0xFEDF, 0xFEDF, 0xFEDF, 0xDEDF, 0xFFFF, 0x4A4A, 0x212A, 0x212A, 0x212A, 0x212A, 0x212A, 0x2120,
  0xB495, 0xB5B5, 0xB5B5, 0xB5B5, 0xB5B5, 0xB5B5, 0xB5B5, 0x212A, 0x212A, 0x212A, 0x212A, 0x212A,
  0x212A, 0x212A, 0x212A, 0x212A, 0x212A, 0x212A, 0x212A, 0x212A, 0x212A, 0x212A, 0x212A, 0x212A,
  0x212A, 0x212A, 0x212A, 0x212A, 0x212A, 0x212A, 0x212A, 0x212A, 0x212A, 0x212A, 0x212A, 0x212A,
  0x212A, 0x212A, 0x212A, 0x212A, 0x212A, 0x212A, 0x212A, 0x212A, 0x212A, 0x212A, 0x212A, 0x212A,
  0x212A, 0x212A, 0x212A, 0x212A, 0x212A, 0x212A, 0x212A, 0x4A4A, 0x6B6A, 0x6B75, 0x6B75, 0x6B75,
  0xFFFF, 0xFFFF, 0xFFFF, 0xFFFF, 0xFFFF, 0xFFFF, 0xFFFF, 0xFFFF, 0xFFFF, 0xFFFF, 0xFFFF, 0xFFFF,
  0x4A4A, 0x212A, 0x212A, 0x212A, 0x212A, 0x212A, 0x212A, 0x4A4A, 0x6B75, 0x6B75, 0x6B75, 0x6B75,
  0x6B75, 0x6B75, 0x6B75, 0x6B6A, 0x212A, 0x212A, 0x212A, 0x212A, 0x212A, 0x212A, 0x212A, 0x212A,
  0x212A, 0x212A, 0x212A, 0x212A, 0x212A, 0x212A, 0x212A, 0x212A, 0x212A, 0x212A, 0x212A, 0x212A,
  0x212A, 0x212A, 0x212A, 0x212A, 0x212A, 0x212A, 0x212A, 0x212A, 0x212A, 0x212A, 0x212A, 0x212A,
  0x212A, 0x212A, 0x212A, 0x212A, 0x212A, 0x212A, 0x212A, 0x212A, 0x212A, 0x212A, 0x212A, 0x212A,
  0x212A, 0x212A, 0x212A, 0x212A, 0x212A, 0x212A, 0x200A, 0x212A, 0x212A, 0x212A, 0x212A, 0x212A,
  0x9375, 0xFEDF, 0xDEDF, 0xDEDF, 0xDEDF, 0xDEDF, 0xDEDF, 0xDEDF, 0xDEDF, 0xDEDF, 0xFEDF, 0xFEDF,
  0xFEDF, 0xFEDF, 0xFEDF, 0xDEDF, 0xDEDF, 0xDEDF, 0xDEDF, 0xDEDF, 0xDEDF, 0xDEDF, 0xDEDF, 0xDEDF,
  0xDEDF, 0xDEDF, 0xDEDF, 0xDEDF, 0xDEDF, 0xFEDF, 0xB5B5, 0xB5B5, 0x212A, 0x212A, 0x212A, 0x212A,
  0x6B6A, 0x9495, 0x212A, 0x212A, 0x212A, 0x212A, 0x212A, 0x949F, 0xB5BF, 0xFFFF, 0xFFFF, 0xDEDF,
  0xDEDF, 0x212A, 0x212A, 0x212A, 0x212A, 0x212A, 0x212A, 0x212A, 0xB5B5, 0xB5B5, 0x2120, 0x212A,
  0x212A, 0x212A, 0x212A, 0x212A, 0x9495, 0xDEDF, 0xDEDF, 0xDEDF, 0xDEDF, 0xFEDF, 0xDEDF, 0xDEDF,
  0xDEDF, 0xDEDF, 0xDEDF, 0xDEDF, 0xDEDF, 0xDEDF, 0xDEDF, 0xDEDF, 0xDEDF, 0xFEDF, 0xFEDF, 0xFEDF,
  0xFEDF, 0xFEDF, 0xDEDF, 0xB5BF, 0x0000, 0x212A, 0x212A, 0x212A, 0x212A, 0x212A, 0x212A, 0x9495,
  0xB5B5, 0xB5B5, 0xB5B5, 0xB5B5, 0xB5B5, 0xB5B5, 0xB495, 0x2000, 0x212A, 0x212A, 0x212A, 0x212A,
  0x212A, 0x212A, 0x212A, 0x212A, 0x212A, 0x212A, 0x212A, 0x212A, 0x212A, 0x212A, 0x212A, 0x212A,
  0x212A, 0x212A, 0x212A, 0x212A, 0x212A, 0x212A, 0x212A, 0x212A, 0x212A, 0x212A, 0x212A, 0x212A,
  0x212A, 0x212A, 0x212A, 0x212A, 0x212A, 0x212A, 0x212A, 0x212A, 0x212A, 0x212A, 0x212A, 0x212A,
  0x212A, 0x212A, 0x212A, 0x212A, 0x212A, 0x212A, 0x212A, 0x212A, 0x212A, 0x4A4A, 0x6B75, 0x6B75,
  0xFFFF, 0xFFFF, 0xFFFF, 0xFFFF, 0xFFFF, 0xFFFF, 0xFFFF, 0xFFFF, 0xFFFF, 0xFFFF, 0xFFFF, 0xFFFF,
  0xFFFF, 0xFFFF, 0x2120, 0x212A, 0x212A, 0x212A, 0x200A, 0x212A, 0x6B75, 0x6B75, 0x6B75, 0x6B75,
  0x6B75, 0x6B75, 0x6B75, 0x6B75, 0x6B6A, 0x6B75, 0x4A4A, 0x212A, 0x212A, 0x212A, 0x212A, 0x212A,
  0x212A, 0x212A, 0x212A, 0x212A, 0x212A, 0x212A, 0x212A, 0x212A, 0x212A, 0x212A, 0x212A, 0x212A,
  0x212A, 0x212A, 0x212A, 0x212A, 0x212A, 0x212A, 0x212A, 0x212A, 0x212A, 0x212A, 0x212A, 0x212A,
  0x212A, 0x212A, 0x212A, 0x212A, 0x212A, 0x212A, 0x212A, 0x212A, 0x212A, 0x212A, 0x212A, 0x212A,
  0x212A, 0x212A, 0x212A, 0x212A, 0x212A, 0x212A, 0x6B75, 0x212A, 0x212A, 0x212A, 0x212A, 0x212A,
  0x212A, 0x212A, 0x492A, 0x6B75, 0xFEDF, 0xDEDF, 0xDEDF, 0xDEDF, 0xFEDF, 0xDEDF, 0xFEDF, 0xDEDF,
  0xDEDF, 0xDEDF, 0xDEDF, 0xDEDF, 0xDEDF, 0xDEDF, 0xDEDF, 0xDEDF, 0xDEDF, 0xDEDF, 0xDEDF, 0xDEDF,
  0xDEDF, 0xDEDF, 0xDEDF, 0xFEDF, 0xDEDF, 0xDEDF, 0x6B75, 0x212A, 0x212A, 0x212A, 0x212A, 0x212A,
  0xB5B5, 0xB5B5, 0x2000, 0x212A, 0x212A, 0x212A, 0x212A, 0xB5BF, 0xFFFF, 0xFFFF, 0xFFFF, 0xFFFF,
  0xB5BF, 0xB5BF, 0x000A, 0x212A, 0x212A, 0x212A, 0x212A, 0x212A, 0xB5B5, 0xB495, 0xB495, 0x212A,
  0x212A, 0x212A, 0x212A, 0x212A, 0x212A, 0x4A4A, 0xDEDF, 0xDEDF, 0xFEDF, 0xDEDF, 0xDEDF, 0xDEDF,
  0xDEDF, 0xDEDF, 0xDEDF, 0xDEDF, 0xDEDF, 0xDEDF, 0xDEDF, 0xDEDF, 0xDEDF, 0xFEDF, 0xDEDF, 0xFEDF,
  0xFEDF, 0xB5B5, 0x212A, 0x212A, 0x212A, 0x212A, 0x212A, 0x212A, 0x212A, 0x0000, 0xFEDF, 0xDEDF,
  0xDEDF, 0xB495, 0xB495, 0xB495, 0xB495, 0xB5B5, 0x9495, 0x212A, 0x212A, 0x212A, 0x212A, 0x212A,
  0x212A, 0x212A, 0x212A, 0x212A, 0x212A, 0x212A, 0x212A, 0x212A, 0x212A, 0x212A, 0x212A, 0x212A,
  0x212A, 0x212A, 0x212A, 0x212A, 0x212A, 0x212A, 0x212A, 0x212A, 0x212A, 0x212A, 0x212A, 0x212A,
  0x212A, 0x212A, 0x212A, 0x212A, 0x212A, 0x212A, 0x212A, 0x212A, 0x212A, 0x212A, 0x212A, 0x212A,
  0x212A, 0x212A, 0x212A, 0x212A, 0x212A, 0x212A, 0x212A, 0x212A, 0x212A, 0x212A, 0x212A, 0x212A,
  0xFFFF, 0xFFFF, 0xFFFF, 0xFFFF, 0xFFFF, 0xFFFF, 0xFFFF, 0xFFFF, 0xFFFF, 0xFFFF, 0xFFFF, 0xFFFF,
  0xFFFF, 0xFFFF, 0xFFFF, 0x212A, 0x212A, 0x212A, 0x212A, 0x4A4A, 0x6B75, 0x6B75, 0x6B75, 0x6B75,
  0x6B75, 0x6B75, 0x6B75, 0x6B75, 0x6B75, 0x6B75, 0x6B75, 0x6B6A, 0x6B6A, 0x4A4A, 0x4A4A, 0x212A,
  0x212A, 0x212A, 0x212A, 0x212A, 0x212A, 0x212A, 0x212A, 0x212A, 0x212A, 0x212A, 0x212A, 0x212A,
  0x212A, 0x212A, 0x212A, 0x212A, 0x212A, 0x212A, 0x212A, 0x212A, 0x212A, 0x212A, 0x212A, 0x212A,
  0x212A, 0x212A, 0x212A, 0x212A, 0x212A, 0x212A, 0x212A, 0x212A, 0x212A, 0x212A, 0x212A, 0x212A,
  0x212A, 0x212A, 0x212A, 0x212A, 0x212A, 0x212A, 0x4A4A, 0xB5B5, 0x212A, 0x2120, 0x212A, 0x212A,
  0x212A, 0x212A, 0x212A, 0x212A, 0x2000, 0x9495, 0xDEDF, 0xDEDF, 0xDEDF, 0xDEDF, 0xDEDF, 0xDEDF,
  0xDEDF, 0xDEDF, 0xFEDF, 0xDEDF, 0xDEDF, 0xDEDF, 0xDEDF, 0xDEDF, 0xDEDF, 0xDEDF, 0xDEDF, 0xDEDF,
  0xDEDF, 0xDEDF, 0xDEDF, 0xFEDF, 0xDEDF, 0x212A, 0x212A, 0x212A, 0x212A, 0x212A, 0x212A, 0x6B75,
  0xB5B5, 0xB5B5, 0x212A, 0x212A, 0x212A, 0x212A, 0x212A, 0xDDBF, 0xFFFF, 0xFFFF, 0xFFFF, 0xFFFF,
  0xFFFF, 0xB5BF, 0xB5BF, 0x012A, 0x212A, 0x212A, 0x212A, 0x212A, 0x9375, 0xB495, 0xB5B5, 0x6B6A,
  0x212A, 0x212A, 0x212A, 0x212A, 0x212A, 0x212A, 0x2000, 0x6B75, 0xFFFF, 0xDEDF, 0xDEDF, 0xDEDF,
  0xDEDF, 0xDEDF, 0xDEDF, 0xDEDF, 0xDEDF, 0xDEDF, 0xDEDF, 0xDEDF, 0xDEDF, 0xDEDF, 0xFEDF, 0xDEDF,
  0x6B6A, 0x212A, 0x212A, 0x212A, 0x212A, 0x212A, 0x212A, 0x212A, 0x2000, 0xDEDF, 0xDEDF, 0xDEDF,
  0xDEDF, 0xDEDF, 0xB5B5, 0xB5B5, 0xB495, 0xB5B5, 0x9495, 0x212A, 0x212A, 0x212A, 0x212A, 0x212A,
  0x212A, 0x212A, 0x212A, 0x212A, 0x212A, 0x212A, 0x212A, 0x212A, 0x212A, 0x212A, 0x212A, 0x212A,
  0x212A, 0x212A, 0x212A, 0x212A, 0x212A, 0x212A, 0x212A, 0x212A, 0x212A, 0x212A, 0x212A, 0x212A,
  0x212A, 0x212A, 0x212A, 0x212A, 0x212A, 0x212A, 0x212A, 0x212A, 0x212A, 0x212A, 0x212A, 0x212A,
  0x212A, 0x212A, 0x212A, 0x212A, 0x212A, 0x212A, 0x212A, 0x212A, 0x212A, 0x212A, 0x212A, 0x212A,
  0xFFFF, 0xFFFF, 0xFFFF, 0xFFFF, 0xFFFF, 0xFFFF, 0xFFFF, 0xFFFF, 0xFFFF, 0xFFFF, 0xFFFF, 0xFFFF,
  0xFFFF, 0xFFFF, 0x2120, 0x212A, 0x212A, 0x212A, 0x212A, 0x6B75, 0x6B75, 0x6B75, 0x6B6A, 0x6B6A,
  0x6B6A, 0x6B6A, 0x6B6A, 0x6B6A, 0x6B75, 0x6B75, 0x6B75, 0x6B75, 0x6B75, 0x6B75, 0x6B75, 0x6B75,
  0x6B75, 0x6B75, 0x6B6A, 0x4A4A, 0x4A4A, 0x4A4A, 0x4A4A, 0x6B6A, 0x6B6A, 0x212A, 0x212A, 0x212A,
  0x212A, 0x212A, 0x212A, 0x212A, 0x212A, 0x212A, 0x212A, 0x212A, 0x212A, 0x212A, 0x212A, 0x212A,
  0x212A, 0x212A, 0x212A, 0x212A, 0x212A, 0x212A, 0x212A, 0x212A, 0x212A, 0x212A, 0x212A, 0x212A,
  0x212A, 0x212A, 0x212A, 0x212A, 0x212A, 0x212A, 0x2120, 0xB5B5, 0xB5B5, 0xB5B5, 0x9495, 0x212A,
  0x212A, 0x212A, 0x212A, 0x212A, 0x212A, 0x212A, 0x212A, 0x200A, 0x200A, 0x212A, 0x6A4A, 0xB5BF,
  0xDEDF, 0xFEDF, 0xDEDF, 0xDEDF, 0xDEDF, 0xDEDF, 0xDEDF, 0xDEDF, 0xDEDF, 0xDEDF, 0xDEDF, 0xFEDF,
  0xB495, 0x492A, 0x212A, 0x212A, 0x212A, 0x212A, 0x212A, 0x212A, 0x212A, 0x212A, 0x200A, 0xB5B5,
  0xB5B5, 0xB495, 0x4A4A, 0x212A, 0x212A, 0x212A, 0x212A, 0xFFFF, 0xFFFF, 0xFFFF, 0xFFFF, 0xFFFF,
  0xFFFF, 0xFFFF, 0xB5BF, 0xB5BF, 0x212A, 0x212A, 0x212A, 0x212A, 0x4A4A, 0xB5B5, 0xB5B5, 0xB5B5,
  0xB5B5, 0x4A4A, 0x212A, 0x212A, 0x212A, 0x212A, 0x212A, 0x212A, 0x212A, 0x212A, 0x6B75, 0xDEDF,
  0xDEDF, 0xFEDF, 0xFEDF, 0xFEDF, 0xFEDF, 0xFFFF, 0xFEDF, 0xB5B5, 0x4A4A, 0x4A4A, 0x2000, 0x212A,
  0x212A, 0x212A, 0x212A, 0x212A, 0x212A, 0x212A, 0x212A, 0xB5B5, 0xDEDF, 0xDEDF, 0xDEDF, 0xDEDF,
  0xDEDF, 0xFEDF, 0xB5B5, 0xB5B5, 0xB5B5, 0xB5B5, 0x4A4A, 0x212A, 0x212A, 0x212A, 0x212A, 0x212A,
  0x212A, 0x212A, 0x212A, 0x212A, 0x212A, 0x212A, 0x212A, 0x212A, 0x212A, 0x212A, 0x212A, 0x212A,
  0x212A, 0x212A, 0x212A, 0x212A, 0x212A, 0x212A, 0x212A, 0x212A, 0x212A, 0x212A, 0x212A, 0x212A,
  0x212A, 0x212A, 0x212A, 0x212A, 0x212A, 0x212A, 0x212A, 0x212A, 0x212A, 0x212A, 0x212A, 0x212A,
  0x212A, 0x212A, 0x212A, 0x212A, 0x212A, 0x212A, 0x212A, 0x212A, 0x212A, 0x212A, 0x212A, 0x212A,
  0xFFFF, 0xFFFF, 0xFFFF, 0xFFFF, 0xFFFF, 0xFFFF, 0xFFFF, 0xFFFF, 0xFFFF, 0xFFFF, 0xFFFF, 0xFFFF,
  0xFFFF, 0xFFFF, 0x212A, 0x212A, 0x212A, 0x212A, 0x4A4A, 0x6B75, 0x6B75, 0x6B6A, 0x6B6A, 0x6B6A,
  0x6B75, 0x6B75, 0x6B75, 0x6B75, 0x6B75, 0x6B75, 0x6B75, 0x6B75, 0x6B75, 0x6B75, 0x6B75, 0x6B75,
  0x6B75, 0x6B75, 0x6B75, 0x6B6A, 0x6B75, 0x6B6A, 0x6B75, 0x6B6A, 0x4A4A, 0x212A, 0x212A, 0x212A,
  0x212A, 0x212A, 0x212A, 0x212A, 0x212A, 0x212A, 0x212A, 0x212A, 0x212A, 0x212A, 0x212A, 0x212A,
  0x212A, 0x212A, 0x212A, 0x212A, 0x212A, 0x212A, 0x212A, 0x212A, 0x212A, 0x212A, 0x212A, 0x212A,
  0x212A, 0x212A, 0x212A, 0x212A, 0x212A, 0x212A, 0x2000, 0xB5B5, 0xB5B5, 0xB5B5, 0xB495, 0x6B75,
  0x200A, 0x200A, 0x212A, 0x212A, 0x212A, 0x212A, 0x212A, 0x212A, 0x212A, 0x212A, 0x212A, 0x200A,
  0x000A, 0x200A, 0x212A, 0x212A, 0x224A, 0xB5B5, 0x6B75, 0x9495, 0x4A4A, 0x4A4A, 0x212A, 0x0000,
  0x212A, 0x212A, 0x212A, 0x212A, 0x212A, 0x212A, 0x212A, 0x212A, 0x212A, 0x4A4A, 0xB5B5, 0xB495,
  0xB5B5, 0xB5B5, 0x4A4A, 0x212A, 0x212A, 0x212A, 0x212A, 0xFFFF, 0xFFFF, 0xFFFF, 0xFFFF, 0xFFFF,
  0xFFFF, 0xFFFF, 0xFFFF, 0xDEDF, 0x200A, 0x212A, 0x212A, 0x212A, 0x212A, 0xB5B5, 0xB495, 0xB5B5,
  0xB5B5, 0xB5B5, 0x2120, 0x212A, 0x212A, 0x212A, 0x212A, 0x212A, 0x212A, 0x212A, 0x212A, 0x212A,
  0x2000, 0x212A, 0x212A, 0x4A4A, 0x212A, 0x2000, 0x2120, 0x212A, 0x212A, 0x212A, 0x212A, 0x212A,
  0x212A, 0x212A, 0x212A, 0x212A, 0x212A, 0x200A, 0xDEDF, 0xDEDF, 0xDEDF, 0xDEDF, 0xDEDF, 0xDEDF,
  0xFEDF, 0xFEDF, 0xB5B5, 0xB5B5, 0xB5B5, 0xB5B5, 0x212A, 0x212A, 0x212A, 0x212A, 0x212A, 0x212A,
  0x212A, 0x212A, 0x212A, 0x212A, 0x212A, 0x212A, 0x212A, 0x212A, 0x212A, 0x212A, 0x212A, 0x212A,
  0x212A, 0x212A, 0x212A, 0x212A, 0x212A, 0x212A, 0x212A, 0x212A, 0x212A, 0x212A, 0x212A, 0x212A,
  0x212A, 0x212A, 0x212A, 0x212A, 0x212A, 0x212A, 0x212A, 0x212A, 0x212A, 0x212A, 0x212A, 0x212A,
  0x212A, 0x212A, 0x212A, 0x212A, 0x212A, 0x212A, 0x212A, 0x212A, 0x212A, 0x212A, 0x212A, 0x212A,
  0xFFFF, 0xFFFF, 0xFFFF, 0xFFFF, 0xFFFF, 0xFFFF, 0xFFFF, 0xFFFF, 0xFFFF, 0xFFFF, 0xFFFF, 0xFFFF,
  0xFFFF, 0xFFFF, 0x212A, 0x212A, 0x212A, 0x212A, 0x4A4A, 0x6B6A, 0x6B6A, 0x6B6A, 0x6B6A, 0x6B6A,
  0x6B6A, 0x6B6A, 0x6B6A, 0x6B6A, 0x6B6A, 0x6B6A, 0x6B6A, 0x6B6A, 0x6B6A, 0x6B6A, 0x6B6A, 0x6B6A,
  0x6B6A, 0x6B6A, 0x6B6A, 0x6B6A, 0x6B6A, 0x6B6A, 0x6B6A, 0x6B6A, 0x212A, 0x212A, 0x212A, 0x212A,
  0x212A, 0x212A, 0x212A, 0x212A, 0x212A, 0x212A, 0x212A, 0x212A, 0x212A, 0x212A, 0x212A, 0x212A,
  0x212A, 0x212A, 0x212A, 0x212A, 0x212A, 0x212A, 0x212A, 0x212A, 0x212A, 0x212A, 0x212A, 0x212A,
  0x212A, 0x212A, 0x212A, 0x212A, 0x212A, 0x212A, 0x2120, 0x9495, 0xB495, 0xB495, 0xB495, 0xB495,
  0xB495, 0x9495, 0x212A, 0x212A, 0x212A, 0x212A, 0x212A, 0x212A, 0x212A, 0x212A, 0x212A, 0x200A,
  0x212A, 0x212A, 0x212A, 0x012A, 0x012A, 0x012A, 0x212A, 0x012A, 0x012A, 0x212A, 0x212A, 0x212A,
  0x212A, 0x200A, 0x212A, 0x212A, 0x212A, 0x212A, 0x212A, 0x212A, 0x9495, 0xB495, 0xB495, 0xB495,
  0xB495, 0xB495, 0x4A4A, 0x212A, 0x212A, 0x212A, 0x212A, 0xDEDF, 0xFFFF, 0xFFFF, 0xFFFF, 0xFFFF,
  0xFFFF, 0xFFFF, 0xFFFF, 0xDEDF, 0x212A, 0x212A, 0x212A, 0x212A, 0x212A, 0xB495, 0xB495, 0xB495,
  0xB495, 0xB495, 0x9495, 0x4A4A, 0x212A, 0x212A, 0x212A, 0x212A, 0x212A, 0x212A, 0x212A, 0x212A,
  0x212A, 0x212A, 0x212A, 0x212A, 0x212A, 0x212A, 0x212A, 0x212A, 0x212A, 0x212A, 0x212A, 0x212A,
  0x212A, 0x212A, 0x212A, 0x200A, 0x6B75, 0xDEDF, 0xDEDF, 0xDEDF, 0xDEDF, 0xDEDF, 0xDEDF, 0xDEDF,
  0xDEDF, 0xDEDF, 0xB495, 0xB495, 0xB495, 0x9495, 0x2120, 0x212A, 0x212A, 0x212A, 0x212A, 0x212A,
  0x212A, 0x212A, 0x212A, 0x212A, 0x212A, 0x212A, 0x212A, 0x212A, 0x212A, 0x212A, 0x212A, 0x212A,
  0x212A, 0x212A, 0x212A, 0x212A, 0x212A, 0x212A, 0x212A, 0x212A, 0x212A, 0x212A, 0x212A, 0x212A,
  0x212A, 0x212A, 0x212A, 0x212A, 0x212A, 0x212A, 0x212A, 0x212A, 0x212A, 0x212A, 0x212A, 0x212A,
  0x212A, 0x212A, 0x212A, 0x212A, 0x212A, 0x212A, 0x212A, 0x212A, 0x212A, 0x212A, 0x212A, 0x212A
};
